{
    "type":  "FeatureCollection",
    "name":  "USDA NASS CSB Plainview development fixture",
    "dataset_version":  "2018-2025-rev23",
    "source":  "projects/nass-csb/assets/CSB1825_rev23/CSBTX1825",
    "retrieved_at":  "2026-08-30T09:20:58Z",
    "features":  [
                     {
                         "type":  "Feature",
                         "geometry":  {
                                          "type":  "Polygon",
                                          "coordinates":  [
                                                              [
                                                                  [
                                                                      -101.74259741358219,
                                                                      34.222905251226663
                                                                  ],
                                                                  [
                                                                      -101.74259567553973,
                                                                      34.222367038488059
                                                                  ],
                                                                  [
                                                                      -101.7425962838519,
                                                                      34.222006663429617
                                                                  ],
                                                                  [
                                                                      -101.74250859980008,
                                                                      34.221557297944351
                                                                  ],
                                                                  [
                                                                      -101.74214908727701,
                                                                      34.2211080255515
                                                                  ],
                                                                  [
                                                                      -101.74187882366203,
                                                                      34.220836640614458
                                                                  ],
                                                                  [
                                                                      -101.74187534760409,
                                                                      34.2205699128403
                                                                  ],
                                                                  [
                                                                      -101.74187595591626,
                                                                      34.220209529993468
                                                                  ],
                                                                  [
                                                                      -101.74214787066168,
                                                                      34.220209427316028
                                                                  ],
                                                                  [
                                                                      -101.74214952179211,
                                                                      34.219938020235524
                                                                  ],
                                                                  [
                                                                      -101.74187760704669,
                                                                      34.219938122742278
                                                                  ],
                                                                  [
                                                                      -101.74160569301094,
                                                                      34.219938224539369
                                                                  ],
                                                                  [
                                                                      -101.74160942975998,
                                                                      34.220209362134277
                                                                  ],
                                                                  [
                                                                      -101.74133751641592,
                                                                      34.220209547052477
                                                                  ],
                                                                  [
                                                                      -101.74124818231164,
                                                                      34.220031578020645
                                                                  ],
                                                                  [
                                                                      -101.74125044172729,
                                                                      34.220209347815128
                                                                  ],
                                                                  [
                                                                      -101.74124792160256,
                                                                      34.220836729206312
                                                                  ],
                                                                  [
                                                                      -101.74098139704529,
                                                                      34.220836560143375
                                                                  ],
                                                                  [
                                                                      -101.74070774732967,
                                                                      34.221108157523
                                                                  ],
                                                                  [
                                                                      -101.74034824100498,
                                                                      34.221468429391962
                                                                  ],
                                                                  [
                                                                      -101.73945256551016,
                                                                      34.222006559269964
                                                                  ],
                                                                  [
                                                                      -101.73918343856045,
                                                                      34.222633683105173
                                                                  ],
                                                                  [
                                                                      -101.73828438401675,
                                                                      34.222905068320692
                                                                  ],
                                                                  [
                                                                      -101.73801239242944,
                                                                      34.222905171052027
                                                                  ],
                                                                  [
                                                                      -101.73765628438656,
                                                                      34.223532245003788
                                                                  ],
                                                                  [
                                                                      -101.73738803103949,
                                                                      34.223803476185182
                                                                  ],
                                                                  [
                                                                      -101.73648803607647,
                                                                      34.224430735252774
                                                                  ],
                                                                  [
                                                                      -101.73523273115184,
                                                                      34.225329088912922
                                                                  ],
                                                                  [
                                                                      -101.73531806291119,
                                                                      34.225600695769771
                                                                  ],
                                                                  [
                                                                      -101.73559109023806,
                                                                      34.225689487444342
                                                                  ],
                                                                  [
                                                                      -101.73621830847723,
                                                                      34.22622789674331
                                                                  ],
                                                                  [
                                                                      -101.73622056779406,
                                                                      34.226405740208634
                                                                  ],
                                                                  [
                                                                      -101.73936444960223,
                                                                      34.2264059673746
                                                                  ],
                                                                  [
                                                                      -101.73936331991688,
                                                                      34.2263170882131
                                                                  ],
                                                                  [
                                                                      -101.73945039303345,
                                                                      34.22631720410476
                                                                  ],
                                                                  [
                                                                      -101.73980937487676,
                                                                      34.226317219376121
                                                                  ],
                                                                  [
                                                                      -101.74034780649886,
                                                                      34.2263172859862
                                                                  ],
                                                                  [
                                                                      -101.74071226615199,
                                                                      34.226317103547345
                                                                  ],
                                                                  [
                                                                      -101.74071113644865,
                                                                      34.226228140968288
                                                                  ],
                                                                  [
                                                                      -101.74070739973554,
                                                                      34.2259570208546
                                                                  ],
                                                                  [
                                                                      -101.741067254903,
                                                                      34.2256010775358
                                                                  ],
                                                                  [
                                                                      -101.74124957272403,
                                                                      34.22541860869
                                                                  ],
                                                                  [
                                                                      -101.7416073441324,
                                                                      34.225329747288193
                                                                  ],
                                                                  [
                                                                      -101.74187595591626,
                                                                      34.225062827049989
                                                                  ],
                                                                  [
                                                                      -101.74250564514229,
                                                                      34.224164253742764
                                                                  ],
                                                                  [
                                                                      -101.74259489342154,
                                                                      34.223532611929649
                                                                  ],
                                                                  [
                                                                      -101.74259741358219,
                                                                      34.222905251226663
                                                                  ]
                                                              ]
                                                          ]
                                      },
                         "properties":  {
                                            "CSBID":  "481825007327665",
                                            "STATEFIPS":  "48",
                                            "CNTYFIPS":  "189",
                                            "CNTY":  "Hale",
                                            "CSBACRES":  62.6213310254
                                        }
                     },
                     {
                         "type":  "Feature",
                         "geometry":  {
                                          "type":  "Polygon",
                                          "coordinates":  [
                                                              [
                                                                  [
                                                                      -101.74847623635918,
                                                                      34.214815914250877
                                                                  ],
                                                                  [
                                                                      -101.74820439207761,
                                                                      34.214816021563621
                                                                  ],
                                                                  [
                                                                      -101.74757518997203,
                                                                      34.21454471124963
                                                                  ],
                                                                  [
                                                                      -101.74667980019535,
                                                                      34.21427763641136
                                                                  ],
                                                                  [
                                                                      -101.74487852825662,
                                                                      34.213379274190267
                                                                  ],
                                                                  [
                                                                      -101.74425360443148,
                                                                      34.213018774014479
                                                                  ],
                                                                  [
                                                                      -101.74424986758362,
                                                                      34.2127475329606
                                                                  ],
                                                                  [
                                                                      -101.74425238778021,
                                                                      34.212120183603332
                                                                  ],
                                                                  [
                                                                      -101.74335511459572,
                                                                      34.212120088031575
                                                                  ],
                                                                  [
                                                                      -101.74308484786357,
                                                                      34.211848757864814
                                                                  ],
                                                                  [
                                                                      -101.74308684661509,
                                                                      34.2115818097429
                                                                  ],
                                                                  [
                                                                      -101.74272255249453,
                                                                      34.2115820544889
                                                                  ],
                                                                  [
                                                                      -101.74254309985906,
                                                                      34.211581999655735
                                                                  ],
                                                                  [
                                                                      -101.74254648904093,
                                                                      34.211848761970117
                                                                  ],
                                                                  [
                                                                      -101.74254770566526,
                                                                      34.212747275126148
                                                                  ],
                                                                  [
                                                                      -101.74272715830071,
                                                                      34.212747329447268
                                                                  ],
                                                                  [
                                                                      -101.74272290009762,
                                                                      34.213646111513981
                                                                  ],
                                                                  [
                                                                      -101.74281371280192,
                                                                      34.213917466591013
                                                                  ],
                                                                  [
                                                                      -101.74308502166961,
                                                                      34.21427768877416
                                                                  ],
                                                                  [
                                                                      -101.7436214714016,
                                                                      34.214544777473435
                                                                  ],
                                                                  [
                                                                      -101.74452370037591,
                                                                      34.214904898272714
                                                                  ],
                                                                  [
                                                                      -101.7455075403326,
                                                                      34.215265483411166
                                                                  ],
                                                                  [
                                                                      -101.7460482608351,
                                                                      34.215443311820721
                                                                  ],
                                                                  [
                                                                      -101.74667736683891,
                                                                      34.215714636732329
                                                                  ],
                                                                  [
                                                                      -101.74694616546337,
                                                                      34.21589265385996
                                                                  ],
                                                                  [
                                                                      -101.74739590283319,
                                                                      34.216163917847823
                                                                  ],
                                                                  [
                                                                      -101.74757649356225,
                                                                      34.2162528496506
                                                                  ],
                                                                  [
                                                                      -101.74784416472018,
                                                                      34.216341975570323
                                                                  ],
                                                                  [
                                                                      -101.7478466849976,
                                                                      34.215714572799229
                                                                  ],
                                                                  [
                                                                      -101.74811314015103,
                                                                      34.215714735951252
                                                                  ],
                                                                  [
                                                                      -101.74847206483453,
                                                                      34.215714738843829
                                                                  ],
                                                                  [
                                                                      -101.74847623635918,
                                                                      34.214815914250877
                                                                  ]
                                                              ]
                                                          ]
                                      },
                         "properties":  {
                                            "CSBID":  "481825008340676",
                                            "STATEFIPS":  "48",
                                            "CNTYFIPS":  "189",
                                            "CNTY":  "Hale",
                                            "CSBACRES":  25.9482553288
                                        }
                     },
                     {
                         "type":  "Feature",
                         "geometry":  {
                                          "type":  "Polygon",
                                          "coordinates":  [
                                                              [
                                                                  [
                                                                      -101.77362888417537,
                                                                      34.214812770327043
                                                                  ],
                                                                  [
                                                                      -101.77362766718274,
                                                                      34.213918610874011
                                                                  ],
                                                                  [
                                                                      -101.7734481615916,
                                                                      34.213918694075971
                                                                  ],
                                                                  [
                                                                      -101.77309080295012,
                                                                      34.213647286052229
                                                                  ],
                                                                  [
                                                                      -101.77308697814821,
                                                                      34.213376075163779
                                                                  ],
                                                                  [
                                                                      -101.77335732231514,
                                                                      34.212477330134611
                                                                  ],
                                                                  [
                                                                      -101.77344503220252,
                                                                      34.212121549222232
                                                                  ],
                                                                  [
                                                                      -101.77344972628615,
                                                                      34.21167201944408
                                                                  ],
                                                                  [
                                                                      -101.77335723539414,
                                                                      34.211672200346811
                                                                  ],
                                                                  [
                                                                      -101.77218806705649,
                                                                      34.211672497904765
                                                                  ],
                                                                  [
                                                                      -101.77219197875243,
                                                                      34.211578857268023
                                                                  ],
                                                                  [
                                                                      -101.77218728471371,
                                                                      34.21122324433162
                                                                  ],
                                                                  [
                                                                      -101.7718283656896,
                                                                      34.211223311058475
                                                                  ],
                                                                  [
                                                                      -101.77183305971035,
                                                                      34.211578924327256
                                                                  ],
                                                                  [
                                                                      -101.77183149503377,
                                                                      34.211850412768186
                                                                  ],
                                                                  [
                                                                      -101.77093415936247,
                                                                      34.211850537948415
                                                                  ],
                                                                  [
                                                                      -101.7703919195573,
                                                                      34.211579459786051
                                                                  ],
                                                                  [
                                                                      -101.76949233616641,
                                                                      34.211401714192185
                                                                  ],
                                                                  [
                                                                      -101.76913342636799,
                                                                      34.211401771774192
                                                                  ],
                                                                  [
                                                                      -101.76913568639449,
                                                                      34.211579629684422
                                                                  ],
                                                                  [
                                                                      -101.76886378847452,
                                                                      34.211579788937755
                                                                  ],
                                                                  [
                                                                      -101.76877677780881,
                                                                      34.211579686179469
                                                                  ],
                                                                  [
                                                                      -101.76877634319489,
                                                                      34.211940063393861
                                                                  ],
                                                                  [
                                                                      -101.76877643011588,
                                                                      34.217870071421174
                                                                  ],
                                                                  [
                                                                      -101.76886352770258,
                                                                      34.217870164423751
                                                                  ],
                                                                  [
                                                                      -101.76886743927275,
                                                                      34.216971346127991
                                                                  ],
                                                                  [
                                                                      -101.76886787388666,
                                                                      34.216610989026876
                                                                  ],
                                                                  [
                                                                      -101.76895792696658,
                                                                      34.216432979804424
                                                                  ],
                                                                  [
                                                                      -101.76913742486813,
                                                                      34.216432986910092
                                                                  ],
                                                                  [
                                                                      -101.76913360021895,
                                                                      34.216161781672049
                                                                  ],
                                                                  [
                                                                      -101.77048501631803,
                                                                      34.216343740993416
                                                                  ],
                                                                  [
                                                                      -101.77128985907613,
                                                                      34.216343790086349
                                                                  ],
                                                                  [
                                                                      -101.77129342302524,
                                                                      34.216610502095072
                                                                  ],
                                                                  [
                                                                      -101.77183184274467,
                                                                      34.216610434928043
                                                                  ],
                                                                  [
                                                                      -101.77218728471371,
                                                                      34.216343560072715
                                                                  ],
                                                                  [
                                                                      -101.77218884939029,
                                                                      34.216072168964253
                                                                  ],
                                                                  [
                                                                      -101.7715634148729,
                                                                      34.216072137801696
                                                                  ],
                                                                  [
                                                                      -101.77219189182246,
                                                                      34.215894058348958
                                                                  ],
                                                                  [
                                                                      -101.77227890531786,
                                                                      34.215894157334318
                                                                  ],
                                                                  [
                                                                      -101.77272762141101,
                                                                      34.215711665294016
                                                                  ],
                                                                  [
                                                                      -101.77272953380746,
                                                                      34.215444671807177
                                                                  ],
                                                                  [
                                                                      -101.7730884559128,
                                                                      34.215444598316004
                                                                  ],
                                                                  [
                                                                      -101.77336036478324,
                                                                      34.215444425480143
                                                                  ],
                                                                  [
                                                                      -101.7736284495345,
                                                                      34.215173130473453
                                                                  ],
                                                                  [
                                                                      -101.77362888417537,
                                                                      34.214812770327043
                                                                  ]
                                                              ],
                                                              [
                                                                  [
                                                                      -101.7691375987191,
                                                                      34.212117855017404
                                                                  ],
                                                                  [
                                                                      -101.76895818773852,
                                                                      34.212117837626025
                                                                  ],
                                                                  [
                                                                      -101.76895540616812,
                                                                      34.212300364736549
                                                                  ],
                                                                  [
                                                                      -101.76913490407867,
                                                                      34.212300373629873
                                                                  ],
                                                                  [
                                                                      -101.7691375987191,
                                                                      34.212117855017404
                                                                  ]
                                                              ]
                                                          ]
                                      },
                         "properties":  {
                                            "CSBID":  "481825008340695",
                                            "STATEFIPS":  "48",
                                            "CNTYFIPS":  "189",
                                            "CNTY":  "Hale",
                                            "CSBACRES":  53.5171689787
                                        }
                     },
                     {
                         "type":  "Feature",
                         "geometry":  {
                                          "type":  "Polygon",
                                          "coordinates":  [
                                                              [
                                                                  [
                                                                      -101.76554152754461,
                                                                      34.211219961609089
                                                                  ],
                                                                  [
                                                                      -101.76491074360462,
                                                                      34.211220237706293
                                                                  ],
                                                                  [
                                                                      -101.76464233345661,
                                                                      34.210681878165005
                                                                  ],
                                                                  [
                                                                      -101.76464328957849,
                                                                      34.209156002886658
                                                                  ],
                                                                  [
                                                                      -101.76437679235694,
                                                                      34.209155877922015
                                                                  ],
                                                                  [
                                                                      -101.76437488011319,
                                                                      34.209422895151327
                                                                  ],
                                                                  [
                                                                      -101.76356461452217,
                                                                      34.2094231419904
                                                                  ],
                                                                  [
                                                                      -101.76356530988109,
                                                                      34.209872422315378
                                                                  ],
                                                                  [
                                                                      -101.76320642037561,
                                                                      34.209872374453141
                                                                  ],
                                                                  [
                                                                      -101.76284588063801,
                                                                      34.210143916703153
                                                                  ],
                                                                  [
                                                                      -101.76230707248706,
                                                                      34.210504317444425
                                                                  ],
                                                                  [
                                                                      -101.7623088977649,
                                                                      34.211042482913683
                                                                  ],
                                                                  [
                                                                      -101.76221885040727,
                                                                      34.211220498666883
                                                                  ],
                                                                  [
                                                                      -101.76194688351463,
                                                                      34.211220648002815
                                                                  ],
                                                                  [
                                                                      -101.76195027331634,
                                                                      34.211852172864269
                                                                  ],
                                                                  [
                                                                      -101.76194975180839,
                                                                      34.213017718817412
                                                                  ],
                                                                  [
                                                                      -101.7622162428585,
                                                                      34.213017847528029
                                                                  ],
                                                                  [
                                                                      -101.76257712810612,
                                                                      34.212750796270534
                                                                  ],
                                                                  [
                                                                      -101.76257869263897,
                                                                      34.212479304604656
                                                                  ],
                                                                  [
                                                                      -101.76284518528809,
                                                                      34.212479432048646
                                                                  ],
                                                                  [
                                                                      -101.76311706759535,
                                                                      34.212479287958871
                                                                  ],
                                                                  [
                                                                      -101.76311550305351,
                                                                      34.212750695632266
                                                                  ],
                                                                  [
                                                                      -101.76311897981215,
                                                                      34.21301751584307
                                                                  ],
                                                                  [
                                                                      -101.76347786902117,
                                                                      34.213017477646709
                                                                  ],
                                                                  [
                                                                      -101.76347439224458,
                                                                      34.212750741320583
                                                                  ],
                                                                  [
                                                                      -101.76374636310776,
                                                                      34.2127505033389
                                                                  ],
                                                                  [
                                                                      -101.76401277180932,
                                                                      34.21275063602905
                                                                  ],
                                                                  [
                                                                      -101.76401442328111,
                                                                      34.212479220513359
                                                                  ],
                                                                  [
                                                                      -101.76401677011184,
                                                                      34.211851831818869
                                                                  ],
                                                                  [
                                                                      -101.76464215961464,
                                                                      34.211851914769305
                                                                  ],
                                                                  [
                                                                      -101.76554109293967,
                                                                      34.211580343045568
                                                                  ],
                                                                  [
                                                                      -101.76554152754461,
                                                                      34.211219961609089
                                                                  ]
                                                              ]
                                                          ]
                                      },
                         "properties":  {
                                            "CSBID":  "481825008340937",
                                            "STATEFIPS":  "48",
                                            "CNTYFIPS":  "189",
                                            "CNTY":  "Hale",
                                            "CSBACRES":  19.1000434236
                                        }
                     },
                     {
                         "type":  "Feature",
                         "geometry":  {
                                          "type":  "Polygon",
                                          "coordinates":  [
                                                              [
                                                                  [
                                                                      -101.76859901899175,
                                                                      34.208527892512613
                                                                  ],
                                                                  [
                                                                      -101.7676963217616,
                                                                      34.208528253653327
                                                                  ],
                                                                  [
                                                                      -101.76733741810766,
                                                                      34.208528302539648
                                                                  ],
                                                                  [
                                                                      -101.76617370602924,
                                                                      34.208528336199521
                                                                  ],
                                                                  [
                                                                      -101.766169099181,
                                                                      34.207807828070813
                                                                  ],
                                                                  [
                                                                      -101.76536429573318,
                                                                      34.207807806412433
                                                                  ],
                                                                  [
                                                                      -101.7653627311644,
                                                                      34.208079226635292
                                                                  ],
                                                                  [
                                                                      -101.76509084302708,
                                                                      34.208079457385537
                                                                  ],
                                                                  [
                                                                      -101.76473585971087,
                                                                      34.207985851163251
                                                                  ],
                                                                  [
                                                                      -101.7644616263598,
                                                                      34.207808221532908
                                                                  ],
                                                                  [
                                                                      -101.76446206096473,
                                                                      34.207447824142349
                                                                  ],
                                                                  [
                                                                      -101.76446632004817,
                                                                      34.207358661059324
                                                                  ],
                                                                  [
                                                                      -101.76437383707932,
                                                                      34.2073587493727
                                                                  ],
                                                                  [
                                                                      -101.76437696619891,
                                                                      34.2079858893686
                                                                  ],
                                                                  [
                                                                      -101.76410455910485,
                                                                      34.208346437792905
                                                                  ],
                                                                  [
                                                                      -101.76410412449991,
                                                                      34.208706748262479
                                                                  ],
                                                                  [
                                                                      -101.76383571641803,
                                                                      34.208973640518167
                                                                  ],
                                                                  [
                                                                      -101.76356383225125,
                                                                      34.208973867854816
                                                                  ],
                                                                  [
                                                                      -101.76356461452217,
                                                                      34.2094231419904
                                                                  ],
                                                                  [
                                                                      -101.76437488011319,
                                                                      34.209422895151327
                                                                  ],
                                                                  [
                                                                      -101.76437679235694,
                                                                      34.209155877922015
                                                                  ],
                                                                  [
                                                                      -101.76464328957849,
                                                                      34.209156002886658
                                                                  ],
                                                                  [
                                                                      -101.76464233345661,
                                                                      34.210681878165005
                                                                  ],
                                                                  [
                                                                      -101.76491074360462,
                                                                      34.211220237706293
                                                                  ],
                                                                  [
                                                                      -101.76554152754461,
                                                                      34.211219961609089
                                                                  ],
                                                                  [
                                                                      -101.76590042504509,
                                                                      34.211220000236651
                                                                  ],
                                                                  [
                                                                      -101.76617231528446,
                                                                      34.2112197653272
                                                                  ],
                                                                  [
                                                                      -101.76643881706946,
                                                                      34.211219884362961
                                                                  ],
                                                                  [
                                                                      -101.76679771764216,
                                                                      34.211219836249192
                                                                  ],
                                                                  [
                                                                      -101.76680041222869,
                                                                      34.211402086606753
                                                                  ],
                                                                  [
                                                                      -101.76679728303723,
                                                                      34.211580216607693
                                                                  ],
                                                                  [
                                                                      -101.76707039250606,
                                                                      34.211668941806934
                                                                  ],
                                                                  [
                                                                      -101.76733689657276,
                                                                      34.211669058246564
                                                                  ],
                                                                  [
                                                                      -101.76734115578196,
                                                                      34.21157989978088
                                                                  ],
                                                                  [
                                                                      -101.76796647818961,
                                                                      34.211579971547287
                                                                  ],
                                                                  [
                                                                      -101.76832547092049,
                                                                      34.2115799094198
                                                                  ],
                                                                  [
                                                                      -101.76859736744808,
                                                                      34.211579667934686
                                                                  ],
                                                                  [
                                                                      -101.76859806283395,
                                                                      34.211223780634825
                                                                  ],
                                                                  [
                                                                      -101.76859580281642,
                                                                      34.210681149810974
                                                                  ],
                                                                  [
                                                                      -101.76859658513224,
                                                                      34.21032525055454
                                                                  ],
                                                                  [
                                                                      -101.76832468861363,
                                                                      34.210325407580051
                                                                  ],
                                                                  [
                                                                      -101.76823767839709,
                                                                      34.2103253041121
                                                                  ],
                                                                  [
                                                                      -101.76823541839752,
                                                                      34.209782667413265
                                                                  ],
                                                                  [
                                                                      -101.76823620070438,
                                                                      34.209426764321023
                                                                  ],
                                                                  [
                                                                      -101.76859510743056,
                                                                      34.209426711545
                                                                  ],
                                                                  [
                                                                      -101.76859588974638,
                                                                      34.208705943785212
                                                                  ],
                                                                  [
                                                                      -101.76859901899175,
                                                                      34.208527892512613
                                                                  ]
                                                              ]
                                                          ]
                                      },
                         "properties":  {
                                            "CSBID":  "481825008341013",
                                            "STATEFIPS":  "48",
                                            "CNTYFIPS":  "189",
                                            "CNTY":  "Hale",
                                            "CSBACRES":  32.533830727
                                        }
                     },
                     {
                         "type":  "Feature",
                         "geometry":  {
                                          "type":  "Polygon",
                                          "coordinates":  [
                                                              [
                                                                  [
                                                                      -101.76913742486813,
                                                                      34.2073577997187
                                                                  ],
                                                                  [
                                                                      -101.76913394791188,
                                                                      34.207091050483783
                                                                  ],
                                                                  [
                                                                      -101.76886787388666,
                                                                      34.206730622918819
                                                                  ],
                                                                  [
                                                                      -101.76859762821104,
                                                                      34.206459347684039
                                                                  ],
                                                                  [
                                                                      -101.76823872147588,
                                                                      34.206459397899863
                                                                  ],
                                                                  [
                                                                      -101.76823706993221,
                                                                      34.2067308287498
                                                                  ],
                                                                  [
                                                                      -101.76805766048776,
                                                                      34.20673080747769
                                                                  ],
                                                                  [
                                                                      -101.76805496587428,
                                                                      34.206548548262745
                                                                  ],
                                                                  [
                                                                      -101.76778732998422,
                                                                      34.206459538019082
                                                                  ],
                                                                  [
                                                                      -101.76770032021683,
                                                                      34.206459433284508
                                                                  ],
                                                                  [
                                                                      -101.76734141654492,
                                                                      34.206459480410125
                                                                  ],
                                                                  [
                                                                      -101.76715661944557,
                                                                      34.206459812113046
                                                                  ],
                                                                  [
                                                                      -101.7670696102082,
                                                                      34.206459623206321
                                                                  ],
                                                                  [
                                                                      -101.76680223759637,
                                                                      34.207180299894908
                                                                  ],
                                                                  [
                                                                      -101.76644029473522,
                                                                      34.207358390882021
                                                                  ],
                                                                  [
                                                                      -101.76617222836349,
                                                                      34.207629774076324
                                                                  ],
                                                                  [
                                                                      -101.766169099181,
                                                                      34.207807828070813
                                                                  ],
                                                                  [
                                                                      -101.76617370602924,
                                                                      34.208528336199521
                                                                  ],
                                                                  [
                                                                      -101.76733741810766,
                                                                      34.208528302539648
                                                                  ],
                                                                  [
                                                                      -101.7676963217616,
                                                                      34.208528253653327
                                                                  ],
                                                                  [
                                                                      -101.76859901899175,
                                                                      34.208527892512613
                                                                  ],
                                                                  [
                                                                      -101.76859710667614,
                                                                      34.207989645108022
                                                                  ],
                                                                  [
                                                                      -101.76859754129005,
                                                                      34.207629335662531
                                                                  ],
                                                                  [
                                                                      -101.76868611642573,
                                                                      34.207358019949673
                                                                  ],
                                                                  [
                                                                      -101.76886552694815,
                                                                      34.2073579562142
                                                                  ],
                                                                  [
                                                                      -101.76913742486813,
                                                                      34.2073577997187
                                                                  ]
                                                              ]
                                                          ]
                                      },
                         "properties":  {
                                            "CSBID":  "481825008341064",
                                            "STATEFIPS":  "48",
                                            "CNTYFIPS":  "189",
                                            "CNTY":  "Hale",
                                            "CSBACRES":  11.680677564
                                        }
                     },
                     {
                         "type":  "Feature",
                         "geometry":  {
                                          "type":  "Polygon",
                                          "coordinates":  [
                                                              [
                                                                  [
                                                                      -101.76284909663369,
                                                                      34.206010983577769
                                                                  ],
                                                                  [
                                                                      -101.76284840128376,
                                                                      34.205561683310194
                                                                  ],
                                                                  [
                                                                      -101.76284770593382,
                                                                      34.205112380796827
                                                                  ],
                                                                  [
                                                                      -101.76284692366291,
                                                                      34.20466316813296
                                                                  ],
                                                                  [
                                                                      -101.76230863701092,
                                                                      34.204663164836141
                                                                  ],
                                                                  [
                                                                      -101.7622161559465,
                                                                      34.20466333428535
                                                                  ],
                                                                  [
                                                                      -101.76203675680573,
                                                                      34.204663301721425
                                                                  ],
                                                                  [
                                                                      -101.76194975180839,
                                                                      34.2046631917856
                                                                  ],
                                                                  [
                                                                      -101.76167787253743,
                                                                      34.204663327727651
                                                                  ],
                                                                  [
                                                                      -101.76078062377813,
                                                                      34.204663433360544
                                                                  ],
                                                                  [
                                                                      -101.76042174380379,
                                                                      34.204663455027912
                                                                  ],
                                                                  [
                                                                      -101.76014986849439,
                                                                      34.204663586972458
                                                                  ],
                                                                  [
                                                                      -101.7598818182115,
                                                                      34.204934964381614
                                                                  ],
                                                                  [
                                                                      -101.75988025371458,
                                                                      34.207626474195976
                                                                  ],
                                                                  [
                                                                      -101.75988520794134,
                                                                      34.207986520533908
                                                                  ],
                                                                  [
                                                                      -101.75997221122289,
                                                                      34.20798663149381
                                                                  ],
                                                                  [
                                                                      -101.7601516937453,
                                                                      34.207986657769531
                                                                  ],
                                                                  [
                                                                      -101.76042356905468,
                                                                      34.207986523651059
                                                                  ],
                                                                  [
                                                                      -101.76042122230481,
                                                                      34.207808663153685
                                                                  ],
                                                                  [
                                                                      -101.76113907038722,
                                                                      34.207808604736243
                                                                  ],
                                                                  [
                                                                      -101.76114254708295,
                                                                      34.20807535725
                                                                  ],
                                                                  [
                                                                      -101.76140903607593,
                                                                      34.208075491206777
                                                                  ],
                                                                  [
                                                                      -101.76140955758389,
                                                                      34.206909880089846
                                                                  ],
                                                                  [
                                                                      -101.7617684409359,
                                                                      34.206909853068524
                                                                  ],
                                                                  [
                                                                      -101.76176791942795,
                                                                      34.208075463179341
                                                                  ],
                                                                  [
                                                                      -101.76204014660743,
                                                                      34.208079724463659
                                                                  ],
                                                                  [
                                                                      -101.76203675680573,
                                                                      34.207448173389366
                                                                  ],
                                                                  [
                                                                      -101.76266752344415,
                                                                      34.207448004110837
                                                                  ],
                                                                  [
                                                                      -101.7626661327443,
                                                                      34.206549415199881
                                                                  ],
                                                                  [
                                                                      -101.76266969641493,
                                                                      34.206010952693696
                                                                  ],
                                                                  [
                                                                      -101.76284909663369,
                                                                      34.206010983577769
                                                                  ]
                                                              ]
                                                          ]
                                      },
                         "properties":  {
                                            "CSBID":  "481825008341199",
                                            "STATEFIPS":  "48",
                                            "CNTYFIPS":  "189",
                                            "CNTY":  "Hale",
                                            "CSBACRES":  21.8633897153
                                        }
                     },
                     {
                         "type":  "Feature",
                         "geometry":  {
                                          "type":  "Polygon",
                                          "coordinates":  [
                                                              [
                                                                  [
                                                                      -101.74816806510583,
                                                                      34.220569748233011
                                                                  ],
                                                                  [
                                                                      -101.74816319833906,
                                                                      34.220209733012723
                                                                  ],
                                                                  [
                                                                      -101.74636833183746,
                                                                      34.220209661758354
                                                                  ],
                                                                  [
                                                                      -101.74609805731693,
                                                                      34.219938287277706
                                                                  ],
                                                                  [
                                                                      -101.74610057755842,
                                                                      34.219310906838736
                                                                  ],
                                                                  [
                                                                      -101.74582865253626,
                                                                      34.219311019280859
                                                                  ],
                                                                  [
                                                                      -101.74582995610852,
                                                                      34.220209610051327
                                                                  ],
                                                                  [
                                                                      -101.74610188113067,
                                                                      34.220209497025294
                                                                  ],
                                                                  [
                                                                      -101.74610135970357,
                                                                      34.220569784183589
                                                                  ],
                                                                  [
                                                                      -101.74816806510583,
                                                                      34.220569748233011
                                                                  ]
                                                              ]
                                                          ]
                                      },
                         "properties":  {
                                            "CSBID":  "481825007327670",
                                            "STATEFIPS":  "48",
                                            "CNTYFIPS":  "189",
                                            "CNTY":  "Hale",
                                            "CSBACRES":  2.57834498307
                                        }
                     },
                     {
                         "type":  "Feature",
                         "geometry":  {
                                          "type":  "Polygon",
                                          "coordinates":  [
                                                              [
                                                                  [
                                                                      -101.74125044172729,
                                                                      34.220209347815128
                                                                  ],
                                                                  [
                                                                      -101.74124818231164,
                                                                      34.220031578020645
                                                                  ],
                                                                  [
                                                                      -101.7409810494422,
                                                                      34.219582145646825
                                                                  ],
                                                                  [
                                                                      -101.74070913774206,
                                                                      34.219582244865748
                                                                  ],
                                                                  [
                                                                      -101.74035023970259,
                                                                      34.219582218491212
                                                                  ],
                                                                  [
                                                                      -101.74008371743602,
                                                                      34.219582046311118
                                                                  ],
                                                                  [
                                                                      -101.73981172116848,
                                                                      34.219582151584689
                                                                  ],
                                                                  [
                                                                      -101.73945447729577,
                                                                      34.219310627786072
                                                                  ],
                                                                  [
                                                                      -101.73945108822168,
                                                                      34.219043885459207
                                                                  ],
                                                                  [
                                                                      -101.73918456824582,
                                                                      34.219043710638068
                                                                  ],
                                                                  [
                                                                      -101.73891266121693,
                                                                      34.219043804799476
                                                                  ],
                                                                  [
                                                                      -101.73855368245485,
                                                                      34.219043780158685
                                                                  ],
                                                                  [
                                                                      -101.73747797013218,
                                                                      34.219132577142304
                                                                  ],
                                                                  [
                                                                      -101.73711699765813,
                                                                      34.21939956084649
                                                                  ],
                                                                  [
                                                                      -101.73657571507079,
                                                                      34.219582002751814
                                                                  ],
                                                                  [
                                                                      -101.73585777483919,
                                                                      34.21958185336198
                                                                  ],
                                                                  [
                                                                      -101.735857253457,
                                                                      34.219942235481177
                                                                  ],
                                                                  [
                                                                      -101.73559074265293,
                                                                      34.219942052009266
                                                                  ],
                                                                  [
                                                                      -101.73523177529945,
                                                                      34.219942016669542
                                                                  ],
                                                                  [
                                                                      -101.73496326748662,
                                                                      34.220208843770422
                                                                  ],
                                                                  [
                                                                      -101.73496265921936,
                                                                      34.220569232555121
                                                                  ],
                                                                  [
                                                                      -101.73468902526918,
                                                                      34.220840735000777
                                                                  ],
                                                                  [
                                                                      -101.73433006101489,
                                                                      34.220840697307473
                                                                  ],
                                                                  [
                                                                      -101.73415340343354,
                                                                      34.221467758458239
                                                                  ],
                                                                  [
                                                                      -101.734149666954,
                                                                      34.222006181824831
                                                                  ],
                                                                  [
                                                                      -101.73415183933189,
                                                                      34.223803309871087
                                                                  ],
                                                                  [
                                                                      -101.73415461996804,
                                                                      34.224430415766946
                                                                  ],
                                                                  [
                                                                      -101.73433240718084,
                                                                      34.2247018781208
                                                                  ],
                                                                  [
                                                                      -101.73477896203522,
                                                                      34.225151285090263
                                                                  ],
                                                                  [
                                                                      -101.73523273115184,
                                                                      34.225329088912922
                                                                  ],
                                                                  [
                                                                      -101.73648803607647,
                                                                      34.224430735252774
                                                                  ],
                                                                  [
                                                                      -101.73738803103949,
                                                                      34.223803476185182
                                                                  ],
                                                                  [
                                                                      -101.73765628438656,
                                                                      34.223532245003788
                                                                  ],
                                                                  [
                                                                      -101.73801239242944,
                                                                      34.222905171052027
                                                                  ],
                                                                  [
                                                                      -101.73828438401675,
                                                                      34.222905068320692
                                                                  ],
                                                                  [
                                                                      -101.73918343856045,
                                                                      34.222633683105173
                                                                  ],
                                                                  [
                                                                      -101.73945256551016,
                                                                      34.222006559269964
                                                                  ],
                                                                  [
                                                                      -101.74034824100498,
                                                                      34.221468429391962
                                                                  ],
                                                                  [
                                                                      -101.74070774732967,
                                                                      34.221108157523
                                                                  ],
                                                                  [
                                                                      -101.74098139704529,
                                                                      34.220836560143375
                                                                  ],
                                                                  [
                                                                      -101.74124792160256,
                                                                      34.220836729206312
                                                                  ],
                                                                  [
                                                                      -101.74125044172729,
                                                                      34.220209347815128
                                                                  ]
                                                              ]
                                                          ]
                                      },
                         "properties":  {
                                            "CSBID":  "481825007327671",
                                            "STATEFIPS":  "48",
                                            "CNTYFIPS":  "189",
                                            "CNTY":  "Hale",
                                            "CSBACRES":  66.9846851715
                                        }
                     },
                     {
                         "type":  "Feature",
                         "geometry":  {
                                          "type":  "Polygon",
                                          "coordinates":  [
                                                              [
                                                                  [
                                                                      -101.75140086671529,
                                                                      34.219938064863825
                                                                  ],
                                                                  [
                                                                      -101.75122139920374,
                                                                      34.219938028634772
                                                                  ],
                                                                  [
                                                                      -101.75086246508793,
                                                                      34.219938038875561
                                                                  ],
                                                                  [
                                                                      -101.75086324726901,
                                                                      34.219582160981069
                                                                  ],
                                                                  [
                                                                      -101.7508595101876,
                                                                      34.219310944217632
                                                                  ],
                                                                  [
                                                                      -101.75121844429442,
                                                                      34.219310934524813
                                                                  ],
                                                                  [
                                                                      -101.75121896574848,
                                                                      34.218950646746684
                                                                  ],
                                                                  [
                                                                      -101.75114604901178,
                                                                      34.21884746237243
                                                                  ],
                                                                  [
                                                                      -101.75086307345398,
                                                                      34.218772542653156
                                                                  ],
                                                                  [
                                                                      -101.7500527385849,
                                                                      34.218772635512
                                                                  ],
                                                                  [
                                                                      -101.74969267868241,
                                                                      34.218683672699392
                                                                  ],
                                                                  [
                                                                      -101.7490634676296,
                                                                      34.218412389810972
                                                                  ],
                                                                  [
                                                                      -101.74852499111867,
                                                                      34.218412358145358
                                                                  ],
                                                                  [
                                                                      -101.74852377442249,
                                                                      34.217513830598314
                                                                  ],
                                                                  [
                                                                      -101.74798842932186,
                                                                      34.217335752762544
                                                                  ],
                                                                  [
                                                                      -101.74798469234825,
                                                                      34.217064527267482
                                                                  ],
                                                                  [
                                                                      -101.74762889796114,
                                                                      34.216886396979078
                                                                  ],
                                                                  [
                                                                      -101.7472698892672,
                                                                      34.216886400581323
                                                                  ],
                                                                  [
                                                                      -101.74699804811176,
                                                                      34.216886506097438
                                                                  ],
                                                                  [
                                                                      -101.74637206875717,
                                                                      34.217246725154446
                                                                  ],
                                                                  [
                                                                      -101.74637006994278,
                                                                      34.21751373817964
                                                                  ],
                                                                  [
                                                                      -101.7467289886435,
                                                                      34.217513745545823
                                                                  ],
                                                                  [
                                                                      -101.7467273374322,
                                                                      34.217785156983162
                                                                  ],
                                                                  [
                                                                      -101.74636841874047,
                                                                      34.217785149850542
                                                                  ],
                                                                  [
                                                                      -101.74637128661202,
                                                                      34.2184122704069
                                                                  ],
                                                                  [
                                                                      -101.74583117276877,
                                                                      34.218683717740916
                                                                  ],
                                                                  [
                                                                      -101.74583065134168,
                                                                      34.219044011214365
                                                                  ],
                                                                  [
                                                                      -101.74403591177202,
                                                                      34.21904388624074
                                                                  ],
                                                                  [
                                                                      -101.74367204886076,
                                                                      34.218683770247445
                                                                  ],
                                                                  [
                                                                      -101.74367630709979,
                                                                      34.217784956551057
                                                                  ],
                                                                  [
                                                                      -101.74277347711661,
                                                                      34.217785238532223
                                                                  ],
                                                                  [
                                                                      -101.74277834363187,
                                                                      34.218145268341154
                                                                  ],
                                                                  [
                                                                      -101.74277417233179,
                                                                      34.219044071967424
                                                                  ],
                                                                  [
                                                                      -101.74277816983481,
                                                                      34.220569716270951
                                                                  ],
                                                                  [
                                                                      -101.74277399852575,
                                                                      34.22146849581339
                                                                  ],
                                                                  [
                                                                      -101.74286446367186,
                                                                      34.221735426364262
                                                                  ],
                                                                  [
                                                                      -101.74304539418867,
                                                                      34.221828758384788
                                                                  ],
                                                                  [
                                                                      -101.74304626321889,
                                                                      34.222722855701356
                                                                  ],
                                                                  [
                                                                      -101.74313333939872,
                                                                      34.222723052899532
                                                                  ],
                                                                  [
                                                                      -101.74403617248109,
                                                                      34.22272284074441
                                                                  ],
                                                                  [
                                                                      -101.74434241968683,
                                                                      34.222672072941215
                                                                  ],
                                                                  [
                                                                      -101.74636833183746,
                                                                      34.222634016622692
                                                                  ],
                                                                  [
                                                                      -101.74699813501478,
                                                                      34.222545013044524
                                                                  ],
                                                                  [
                                                                      -101.74789552637264,
                                                                      34.222545046273204
                                                                  ],
                                                                  [
                                                                      -101.7485264685329,
                                                                      34.222544998366054
                                                                  ],
                                                                  [
                                                                      -101.74906485814979,
                                                                      34.2225449494438
                                                                  ],
                                                                  [
                                                                      -101.74906311999955,
                                                                      34.222006826680456
                                                                  ],
                                                                  [
                                                                      -101.74942204793494,
                                                                      34.22200682085937
                                                                  ],
                                                                  [
                                                                      -101.74969024526308,
                                                                      34.221735486991562
                                                                  ],
                                                                  [
                                                                      -101.74969094052318,
                                                                      34.220570002249623
                                                                  ],
                                                                  [
                                                                      -101.75086029236869,
                                                                      34.220569890759712
                                                                  ],
                                                                  [
                                                                      -101.75086081382274,
                                                                      34.220209524055605
                                                                  ],
                                                                  [
                                                                      -101.75139921544111,
                                                                      34.2202095497025
                                                                  ],
                                                                  [
                                                                      -101.75140086671529,
                                                                      34.219938064863825
                                                                  ]
                                                              ],
                                                              [
                                                                  [
                                                                      -101.74816806510583,
                                                                      34.220569748233011
                                                                  ],
                                                                  [
                                                                      -101.74816319833906,
                                                                      34.220209733012723
                                                                  ],
                                                                  [
                                                                      -101.74636833183746,
                                                                      34.220209661758354
                                                                  ],
                                                                  [
                                                                      -101.74609805731693,
                                                                      34.219938287277706
                                                                  ],
                                                                  [
                                                                      -101.74610057755842,
                                                                      34.219310906838736
                                                                  ],
                                                                  [
                                                                      -101.74582865253626,
                                                                      34.219311019280859
                                                                  ],
                                                                  [
                                                                      -101.74582995610852,
                                                                      34.220209610051327
                                                                  ],
                                                                  [
                                                                      -101.74610188113067,
                                                                      34.220209497025294
                                                                  ],
                                                                  [
                                                                      -101.74610135970357,
                                                                      34.220569784183589
                                                                  ],
                                                                  [
                                                                      -101.74816806510583,
                                                                      34.220569748233011
                                                                  ]
                                                              ]
                                                          ]
                                      },
                         "properties":  {
                                            "CSBID":  "481825007327676",
                                            "STATEFIPS":  "48",
                                            "CNTYFIPS":  "189",
                                            "CNTY":  "Hale",
                                            "CSBACRES":  80.1919959411
                                        }
                     },
                     {
                         "type":  "Feature",
                         "geometry":  {
                                          "type":  "Polygon",
                                          "coordinates":  [
                                                              [
                                                                  [
                                                                      -101.75086307345398,
                                                                      34.218772542653156
                                                                  ],
                                                                  [
                                                                      -101.75058887643078,
                                                                      34.218594815133393
                                                                  ],
                                                                  [
                                                                      -101.75023272554726,
                                                                      34.218412299862656
                                                                  ],
                                                                  [
                                                                      -101.75032284951322,
                                                                      34.218234293550751
                                                                  ],
                                                                  [
                                                                      -101.75050118567752,
                                                                      34.218145447348441
                                                                  ],
                                                                  [
                                                                      -101.7499627886765,
                                                                      34.218145414380267
                                                                  ],
                                                                  [
                                                                      -101.74930498341276,
                                                                      34.217635255569846
                                                                  ],
                                                                  [
                                                                      -101.74879448974633,
                                                                      34.217424751229295
                                                                  ],
                                                                  [
                                                                      -101.74816528410138,
                                                                      34.217153456644809
                                                                  ],
                                                                  [
                                                                      -101.74798469234825,
                                                                      34.217064527267482
                                                                  ],
                                                                  [
                                                                      -101.74798842932186,
                                                                      34.217335752762544
                                                                  ],
                                                                  [
                                                                      -101.74852377442249,
                                                                      34.217513830598314
                                                                  ],
                                                                  [
                                                                      -101.74852499111867,
                                                                      34.218412358145358
                                                                  ],
                                                                  [
                                                                      -101.7490634676296,
                                                                      34.218412389810972
                                                                  ],
                                                                  [
                                                                      -101.74969267868241,
                                                                      34.218683672699392
                                                                  ],
                                                                  [
                                                                      -101.7500527385849,
                                                                      34.218772635512
                                                                  ],
                                                                  [
                                                                      -101.75086307345398,
                                                                      34.218772542653156
                                                                  ]
                                                              ]
                                                          ]
                                      },
                         "properties":  {
                                            "CSBID":  "481825007327678",
                                            "STATEFIPS":  "48",
                                            "CNTYFIPS":  "189",
                                            "CNTY":  "Hale",
                                            "CSBACRES":  4.24921400425
                                        }
                     },
                     {
                         "type":  "Feature",
                         "geometry":  {
                                          "type":  "Polygon",
                                          "coordinates":  [
                                                              [
                                                                  [
                                                                      -101.7467289886435,
                                                                      34.217513745545823
                                                                  ],
                                                                  [
                                                                      -101.74637006994278,
                                                                      34.21751373817964
                                                                  ],
                                                                  [
                                                                      -101.74609814421994,
                                                                      34.217513850154639
                                                                  ],
                                                                  [
                                                                      -101.74610014303433,
                                                                      34.217246836958765
                                                                  ],
                                                                  [
                                                                      -101.74610231565477,
                                                                      34.216615038389627
                                                                  ],
                                                                  [
                                                                      -101.74636876636154,
                                                                      34.21661520543136
                                                                  ],
                                                                  [
                                                                      -101.74634026149705,
                                                                      34.216376399434218
                                                                  ],
                                                                  [
                                                                      -101.74584507752157,
                                                                      34.216151765555445
                                                                  ],
                                                                  [
                                                                      -101.7454685202655,
                                                                      34.215988011815014
                                                                  ],
                                                                  [
                                                                      -101.74547104049802,
                                                                      34.217785093166846
                                                                  ],
                                                                  [
                                                                      -101.74457366994513,
                                                                      34.217785028730688
                                                                  ],
                                                                  [
                                                                      -101.74430174889353,
                                                                      34.217785219820321
                                                                  ],
                                                                  [
                                                                      -101.74367630709979,
                                                                      34.217784956551057
                                                                  ],
                                                                  [
                                                                      -101.74367204886076,
                                                                      34.218683770247445
                                                                  ],
                                                                  [
                                                                      -101.74403591177202,
                                                                      34.21904388624074
                                                                  ],
                                                                  [
                                                                      -101.74583065134168,
                                                                      34.219044011214365
                                                                  ],
                                                                  [
                                                                      -101.74583117276877,
                                                                      34.218683717740916
                                                                  ],
                                                                  [
                                                                      -101.74637128661202,
                                                                      34.2184122704069
                                                                  ],
                                                                  [
                                                                      -101.74636841874047,
                                                                      34.217785149850542
                                                                  ],
                                                                  [
                                                                      -101.7467273374322,
                                                                      34.217785156983162
                                                                  ],
                                                                  [
                                                                      -101.7467289886435,
                                                                      34.217513745545823
                                                                  ]
                                                              ]
                                                          ]
                                      },
                         "properties":  {
                                            "CSBID":  "481825007327680",
                                            "STATEFIPS":  "48",
                                            "CNTYFIPS":  "189",
                                            "CNTY":  "Hale",
                                            "CSBACRES":  10.974722081
                                        }
                     },
                     {
                         "type":  "Feature",
                         "geometry":  {
                                          "type":  "Polygon",
                                          "coordinates":  [
                                                              [
                                                                  [
                                                                      -101.74547104049802,
                                                                      34.217785093166846
                                                                  ],
                                                                  [
                                                                      -101.7454685202655,
                                                                      34.215988011815014
                                                                  ],
                                                                  [
                                                                      -101.74520094210118,
                                                                      34.215898953933689
                                                                  ],
                                                                  [
                                                                      -101.7445717580697,
                                                                      34.215627628357325
                                                                  ],
                                                                  [
                                                                      -101.74364354472391,
                                                                      34.215210887087046
                                                                  ],
                                                                  [
                                                                      -101.74340612643523,
                                                                      34.215089213946939
                                                                  ],
                                                                  [
                                                                      -101.74304721914312,
                                                                      34.2150891930162
                                                                  ],
                                                                  [
                                                                      -101.743046697725,
                                                                      34.215449586840442
                                                                  ],
                                                                  [
                                                                      -101.74304469897349,
                                                                      34.215716523589684
                                                                  ],
                                                                  [
                                                                      -101.74277651869538,
                                                                      34.215987858822942
                                                                  ],
                                                                  [
                                                                      -101.74268692264236,
                                                                      34.216615068429292
                                                                  ],
                                                                  [
                                                                      -101.74268805237264,
                                                                      34.216703956412246
                                                                  ],
                                                                  [
                                                                      -101.74271751217323,
                                                                      34.217396521788267
                                                                  ],
                                                                  [
                                                                      -101.74277347711661,
                                                                      34.217785238532223
                                                                  ],
                                                                  [
                                                                      -101.74367630709979,
                                                                      34.217784956551057
                                                                  ],
                                                                  [
                                                                      -101.74430174889353,
                                                                      34.217785219820321
                                                                  ],
                                                                  [
                                                                      -101.74457366994513,
                                                                      34.217785028730688
                                                                  ],
                                                                  [
                                                                      -101.74547104049802,
                                                                      34.217785093166846
                                                                  ]
                                                              ]
                                                          ]
                                      },
                         "properties":  {
                                            "CSBID":  "481825007327682",
                                            "STATEFIPS":  "48",
                                            "CNTYFIPS":  "189",
                                            "CNTY":  "Hale",
                                            "CSBACRES":  15.6159062549
                                        }
                     },
                     {
                         "type":  "Feature",
                         "geometry":  {
                                          "type":  "Polygon",
                                          "coordinates":  [
                                                              [
                                                                  [
                                                                      -101.74779619243822,
                                                                      34.149795955334234
                                                                  ],
                                                                  [
                                                                      -101.74725824388514,
                                                                      34.149795945255136
                                                                  ],
                                                                  [
                                                                      -101.74725450692949,
                                                                      34.149524684007133
                                                                  ],
                                                                  [
                                                                      -101.746988227774,
                                                                      34.1495245430435
                                                                  ],
                                                                  [
                                                                      -101.74662956890198,
                                                                      34.149524536413928
                                                                  ],
                                                                  [
                                                                      -101.74635790322345,
                                                                      34.149524663211132
                                                                  ],
                                                                  [
                                                                      -101.74635668655422,
                                                                      34.148626033965819
                                                                  ],
                                                                  [
                                                                      -101.74609040968942,
                                                                      34.148625890118595
                                                                  ],
                                                                  [
                                                                      -101.74608667277869,
                                                                      34.148354708272677
                                                                  ],
                                                                  [
                                                                      -101.74546174173108,
                                                                      34.148354551902933
                                                                  ],
                                                                  [
                                                                      -101.74545835245938,
                                                                      34.148087771685127
                                                                  ],
                                                                  [
                                                                      -101.74528063322208,
                                                                      34.147816316158476
                                                                  ],
                                                                  [
                                                                      -101.74492206711011,
                                                                      34.147816293772458
                                                                  ],
                                                                  [
                                                                      -101.74474269760476,
                                                                      34.147816290511571
                                                                  ],
                                                                  [
                                                                      -101.74429436210983,
                                                                      34.147998628454872
                                                                  ],
                                                                  [
                                                                      -101.74429349307064,
                                                                      34.148354633775391
                                                                  ],
                                                                  [
                                                                      -101.74402183346471,
                                                                      34.148354753718444
                                                                  ],
                                                                  [
                                                                      -101.74411082232848,
                                                                      34.148897533752468
                                                                  ],
                                                                  [
                                                                      -101.74411195207674,
                                                                      34.148986404281153
                                                                  ],
                                                                  [
                                                                      -101.74474226308965,
                                                                      34.148986382245482
                                                                  ],
                                                                  [
                                                                      -101.74473974287511,
                                                                      34.149613748724633
                                                                  ],
                                                                  [
                                                                      -101.74500975318315,
                                                                      34.149885157916181
                                                                  ],
                                                                  [
                                                                      -101.74591182032597,
                                                                      34.149884911813729
                                                                  ],
                                                                  [
                                                                      -101.74590930008448,
                                                                      34.150512354065775
                                                                  ],
                                                                  [
                                                                      -101.74555064491352,
                                                                      34.150512260865561
                                                                  ],
                                                                  [
                                                                      -101.74555125324365,
                                                                      34.150961610010476
                                                                  ],
                                                                  [
                                                                      -101.74554960205931,
                                                                      34.1512330537692
                                                                  ],
                                                                  [
                                                                      -101.74617992174097,
                                                                      34.151232935910237
                                                                  ],
                                                                  [
                                                                      -101.7463592068047,
                                                                      34.151233027322796
                                                                  ],
                                                                  [
                                                                      -101.74662783079665,
                                                                      34.151410979376465
                                                                  ],
                                                                  [
                                                                      -101.74662609269133,
                                                                      34.151682429504241
                                                                  ],
                                                                  [
                                                                      -101.74662730936956,
                                                                      34.151771372050867
                                                                  ],
                                                                  [
                                                                      -101.74698588132955,
                                                                      34.1517713851483
                                                                  ],
                                                                  [
                                                                      -101.74707826203419,
                                                                      34.151771249314052
                                                                  ],
                                                                  [
                                                                      -101.74725650577084,
                                                                      34.151682296050524
                                                                  ],
                                                                  [
                                                                      -101.74779384596683,
                                                                      34.151233044256038
                                                                  ],
                                                                  [
                                                                      -101.7477954971871,
                                                                      34.150961601916656
                                                                  ],
                                                                  [
                                                                      -101.74779619243822,
                                                                      34.149795955334234
                                                                  ]
                                                              ]
                                                          ]
                                      },
                         "properties":  {
                                            "CSBID":  "481825010619100",
                                            "STATEFIPS":  "48",
                                            "CNTYFIPS":  "189",
                                            "CNTY":  "Hale",
                                            "CSBACRES":  17.6755855543
                                        }
                     },
                     {
                         "type":  "Feature",
                         "geometry":  {
                                          "type":  "Polygon",
                                          "coordinates":  [
                                                              [
                                                                  [
                                                                      -101.80060819520705,
                                                                      34.183566900684511
                                                                  ],
                                                                  [
                                                                      -101.80024970077166,
                                                                      34.183206654067192
                                                                  ],
                                                                  [
                                                                      -101.79997937434646,
                                                                      34.182935478895757
                                                                  ],
                                                                  [
                                                                      -101.79934873130723,
                                                                      34.182935803708595
                                                                  ],
                                                                  [
                                                                      -101.79935055724084,
                                                                      34.182668822510706
                                                                  ],
                                                                  [
                                                                      -101.79881243120764,
                                                                      34.182669029707128
                                                                  ],
                                                                  [
                                                                      -101.79818179516627,
                                                                      34.1826694306971
                                                                  ],
                                                                  [
                                                                      -101.79817996925961,
                                                                      34.182936412631612
                                                                  ],
                                                                  [
                                                                      -101.79854271711007,
                                                                      34.183207488817686
                                                                  ],
                                                                  [
                                                                      -101.7988088663153,
                                                                      34.183567839603647
                                                                  ],
                                                                  [
                                                                      -101.79881243120764,
                                                                      34.1838346297658
                                                                  ],
                                                                  [
                                                                      -101.79997580940922,
                                                                      34.18383428366289
                                                                  ],
                                                                  [
                                                                      -101.80060636925548,
                                                                      34.183833878459815
                                                                  ],
                                                                  [
                                                                      -101.80060819520705,
                                                                      34.183566900684511
                                                                  ]
                                                              ]
                                                          ]
                                      },
                         "properties":  {
                                            "CSBID":  "481825011720374",
                                            "STATEFIPS":  "48",
                                            "CNTYFIPS":  "189",
                                            "CNTY":  "Hale",
                                            "CSBACRES":  4.80205871377
                                        }
                     },
                     {
                         "type":  "Feature",
                         "geometry":  {
                                          "type":  "Polygon",
                                          "coordinates":  [
                                                              [
                                                                  [
                                                                      -101.79908049396813,
                                                                      34.18203727449967
                                                                  ],
                                                                  [
                                                                      -101.79791182184188,
                                                                      34.18203778576683
                                                                  ],
                                                                  [
                                                                      -101.79791503891552,
                                                                      34.181499339780665
                                                                  ],
                                                                  [
                                                                      -101.797284495203,
                                                                      34.181499725113007
                                                                  ],
                                                                  [
                                                                      -101.79701269828959,
                                                                      34.181500005144827
                                                                  ],
                                                                  [
                                                                      -101.7970166109108,
                                                                      34.181771119464386
                                                                  ],
                                                                  [
                                                                      -101.79674446690633,
                                                                      34.181766998469975
                                                                  ],
                                                                  [
                                                                      -101.79647449726502,
                                                                      34.181500207157974
                                                                  ],
                                                                  [
                                                                      -101.79647606230991,
                                                                      34.181228727304941
                                                                  ],
                                                                  [
                                                                      -101.79656361760621,
                                                                      34.180872847470084
                                                                  ],
                                                                  [
                                                                      -101.79674568415948,
                                                                      34.180690268850157
                                                                  ],
                                                                  [
                                                                      -101.79683689144876,
                                                                      34.180601179617632
                                                                  ],
                                                                  [
                                                                      -101.79710477528282,
                                                                      34.180329782867744
                                                                  ],
                                                                  [
                                                                      -101.79728414741126,
                                                                      34.180329690188557
                                                                  ],
                                                                  [
                                                                      -101.797462302583,
                                                                      34.180240694174209
                                                                  ],
                                                                  [
                                                                      -101.79746117225983,
                                                                      34.180151782628442
                                                                  ],
                                                                  [
                                                                      -101.79728171288701,
                                                                      34.18015188398536
                                                                  ],
                                                                  [
                                                                      -101.79656422623277,
                                                                      34.180152168886053
                                                                  ],
                                                                  [
                                                                      -101.79611845142149,
                                                                      34.180152181166022
                                                                  ],
                                                                  [
                                                                      -101.79521725650689,
                                                                      34.180241656386656
                                                                  ],
                                                                  [
                                                                      -101.79494546493845,
                                                                      34.180241930193155
                                                                  ],
                                                                  [
                                                                      -101.79476609679854,
                                                                      34.180242018802979
                                                                  ],
                                                                  [
                                                                      -101.79432032960497,
                                                                      34.180242023474214
                                                                  ],
                                                                  [
                                                                      -101.79431728653499,
                                                                      34.18195053585282
                                                                  ],
                                                                  [
                                                                      -101.79440970894842,
                                                                      34.181950351302923
                                                                  ],
                                                                  [
                                                                      -101.79441092617461,
                                                                      34.182039253335532
                                                                  ],
                                                                  [
                                                                      -101.79440910033981,
                                                                      34.182306323143237
                                                                  ],
                                                                  [
                                                                      -101.79440727449604,
                                                                      34.184103696294819
                                                                  ],
                                                                  [
                                                                      -101.79557608156722,
                                                                      34.184103201736328
                                                                  ],
                                                                  [
                                                                      -101.79584787477059,
                                                                      34.184102923761643
                                                                  ],
                                                                  [
                                                                      -101.79674246713074,
                                                                      34.183924727689607
                                                                  ],
                                                                  [
                                                                      -101.79701304608133,
                                                                      34.183835630857338
                                                                  ],
                                                                  [
                                                                      -101.79728484298576,
                                                                      34.183835349298377
                                                                  ],
                                                                  [
                                                                      -101.79790999593521,
                                                                      34.183835232768921
                                                                  ],
                                                                  [
                                                                      -101.79881243120764,
                                                                      34.1838346297658
                                                                  ],
                                                                  [
                                                                      -101.7988088663153,
                                                                      34.183567839603647
                                                                  ],
                                                                  [
                                                                      -101.79854271711007,
                                                                      34.183207488817686
                                                                  ],
                                                                  [
                                                                      -101.79817996925961,
                                                                      34.182936412631612
                                                                  ],
                                                                  [
                                                                      -101.79818179516627,
                                                                      34.1826694306971
                                                                  ],
                                                                  [
                                                                      -101.79881243120764,
                                                                      34.182669029707128
                                                                  ],
                                                                  [
                                                                      -101.79881269205144,
                                                                      34.182308662598778
                                                                  ],
                                                                  [
                                                                      -101.79907901583525,
                                                                      34.182308658170086
                                                                  ],
                                                                  [
                                                                      -101.79908049396813,
                                                                      34.18203727449967
                                                                  ]
                                                              ]
                                                          ]
                                      },
                         "properties":  {
                                            "CSBID":  "481825011720490",
                                            "STATEFIPS":  "48",
                                            "CNTYFIPS":  "189",
                                            "CNTY":  "Hale",
                                            "CSBACRES":  33.3190818937
                                        }
                     },
                     {
                         "type":  "Feature",
                         "geometry":  {
                                          "type":  "Polygon",
                                          "coordinates":  [
                                                              [
                                                                  [
                                                                      -101.79970965725752,
                                                                      34.182308335944391
                                                                  ],
                                                                  [
                                                                      -101.79970748352318,
                                                                      34.181770082601936
                                                                  ],
                                                                  [
                                                                      -101.79935020944012,
                                                                      34.181498808508024
                                                                  ],
                                                                  [
                                                                      -101.79854019560196,
                                                                      34.181499222981714
                                                                  ],
                                                                  [
                                                                      -101.79818144737453,
                                                                      34.1814994133976
                                                                  ],
                                                                  [
                                                                      -101.79791503891552,
                                                                      34.181499339780665
                                                                  ],
                                                                  [
                                                                      -101.79791182184188,
                                                                      34.18203778576683
                                                                  ],
                                                                  [
                                                                      -101.79908049396813,
                                                                      34.18203727449967
                                                                  ],
                                                                  [
                                                                      -101.79907901583525,
                                                                      34.182308658170086
                                                                  ],
                                                                  [
                                                                      -101.79881269205144,
                                                                      34.182308662598778
                                                                  ],
                                                                  [
                                                                      -101.79881243120764,
                                                                      34.182669029707128
                                                                  ],
                                                                  [
                                                                      -101.79935055724084,
                                                                      34.182668822510706
                                                                  ],
                                                                  [
                                                                      -101.79935081808466,
                                                                      34.182308455869482
                                                                  ],
                                                                  [
                                                                      -101.79970965725752,
                                                                      34.182308335944391
                                                                  ]
                                                              ]
                                                          ]
                                      },
                         "properties":  {
                                            "CSBID":  "481825011720524",
                                            "STATEFIPS":  "48",
                                            "CNTYFIPS":  "189",
                                            "CNTY":  "Hale",
                                            "CSBACRES":  3.24220557188
                                        }
                     },
                     {
                         "type":  "Feature",
                         "geometry":  {
                                          "type":  "Polygon",
                                          "coordinates":  [
                                                              [
                                                                  [
                                                                      -101.80276440455808,
                                                                      34.181501515805714
                                                                  ],
                                                                  [
                                                                      -101.80276188296013,
                                                                      34.180958861248371
                                                                  ],
                                                                  [
                                                                      -101.80276066563512,
                                                                      34.1808699600512
                                                                  ],
                                                                  [
                                                                      -101.80267301822558,
                                                                      34.180060225526205
                                                                  ],
                                                                  [
                                                                      -101.80231425590358,
                                                                      34.1800603452896
                                                                  ],
                                                                  [
                                                                      -101.80204244600053,
                                                                      34.18006063753851
                                                                  ],
                                                                  [
                                                                      -101.80141726850013,
                                                                      34.18006077322903
                                                                  ],
                                                                  [
                                                                      -101.80114554786267,
                                                                      34.18006097102009
                                                                  ],
                                                                  [
                                                                      -101.80087495828501,
                                                                      34.180150162633609
                                                                  ],
                                                                  [
                                                                      -101.79746117225983,
                                                                      34.180151782628442
                                                                  ],
                                                                  [
                                                                      -101.797462302583,
                                                                      34.180240694174209
                                                                  ],
                                                                  [
                                                                      -101.79728414741126,
                                                                      34.180329690188557
                                                                  ],
                                                                  [
                                                                      -101.79710477528282,
                                                                      34.180329782867744
                                                                  ],
                                                                  [
                                                                      -101.79683689144876,
                                                                      34.180601179617632
                                                                  ],
                                                                  [
                                                                      -101.79674568415948,
                                                                      34.180690268850157
                                                                  ],
                                                                  [
                                                                      -101.79656361760621,
                                                                      34.180872847470084
                                                                  ],
                                                                  [
                                                                      -101.79647606230991,
                                                                      34.181228727304941
                                                                  ],
                                                                  [
                                                                      -101.79647449726502,
                                                                      34.181500207157974
                                                                  ],
                                                                  [
                                                                      -101.79674446690633,
                                                                      34.181766998469975
                                                                  ],
                                                                  [
                                                                      -101.7970166109108,
                                                                      34.181771119464386
                                                                  ],
                                                                  [
                                                                      -101.79701269828959,
                                                                      34.181500005144827
                                                                  ],
                                                                  [
                                                                      -101.797284495203,
                                                                      34.181499725113007
                                                                  ],
                                                                  [
                                                                      -101.79791503891552,
                                                                      34.181499339780665
                                                                  ],
                                                                  [
                                                                      -101.79818144737453,
                                                                      34.1814994133976
                                                                  ],
                                                                  [
                                                                      -101.79854019560196,
                                                                      34.181499222981714
                                                                  ],
                                                                  [
                                                                      -101.79935020944012,
                                                                      34.181498808508024
                                                                  ],
                                                                  [
                                                                      -101.79970748352318,
                                                                      34.181770082601936
                                                                  ],
                                                                  [
                                                                      -101.79970965725752,
                                                                      34.182308335944391
                                                                  ],
                                                                  [
                                                                      -101.79935081808466,
                                                                      34.182308455869482
                                                                  ],
                                                                  [
                                                                      -101.79935055724084,
                                                                      34.182668822510706
                                                                  ],
                                                                  [
                                                                      -101.79934873130723,
                                                                      34.182935803708595
                                                                  ],
                                                                  [
                                                                      -101.79997937434646,
                                                                      34.182935478895757
                                                                  ],
                                                                  [
                                                                      -101.80024970077166,
                                                                      34.183206654067192
                                                                  ],
                                                                  [
                                                                      -101.80060819520705,
                                                                      34.183566900684511
                                                                  ],
                                                                  [
                                                                      -101.80060636925548,
                                                                      34.183833878459815
                                                                  ],
                                                                  [
                                                                      -101.79997580940922,
                                                                      34.18383428366289
                                                                  ],
                                                                  [
                                                                      -101.79997972213822,
                                                                      34.184105472587532
                                                                  ],
                                                                  [
                                                                      -101.7999778962046,
                                                                      34.184372532837159
                                                                  ],
                                                                  [
                                                                      -101.79997615720994,
                                                                      34.1850043494265
                                                                  ],
                                                                  [
                                                                      -101.80024587498161,
                                                                      34.185631470890158
                                                                  ],
                                                                  [
                                                                      -101.80087652339277,
                                                                      34.185631052877106
                                                                  ],
                                                                  [
                                                                      -101.80087861019715,
                                                                      34.1850037259418
                                                                  ],
                                                                  [
                                                                      -101.80114502616607,
                                                                      34.185003706044114
                                                                  ],
                                                                  [
                                                                      -101.80141683375146,
                                                                      34.185003496574957
                                                                  ],
                                                                  [
                                                                      -101.80177559301021,
                                                                      34.185003291974667
                                                                  ],
                                                                  [
                                                                      -101.80204740222155,
                                                                      34.18500308085261
                                                                  ],
                                                                  [
                                                                      -101.80204348942068,
                                                                      34.184731896051233
                                                                  ],
                                                                  [
                                                                      -101.80231529932372,
                                                                      34.184731600757033
                                                                  ],
                                                                  [
                                                                      -101.80267406164572,
                                                                      34.184731476942233
                                                                  ],
                                                                  [
                                                                      -101.80276101343584,
                                                                      34.184731565408327
                                                                  ],
                                                                  [
                                                                      -101.80276162209834,
                                                                      34.1843756102138
                                                                  ],
                                                                  [
                                                                      -101.80276440455808,
                                                                      34.181501515805714
                                                                  ]
                                                              ]
                                                          ]
                                      },
                         "properties":  {
                                            "CSBID":  "481825011720575",
                                            "STATEFIPS":  "48",
                                            "CNTYFIPS":  "189",
                                            "CNTY":  "Hale",
                                            "CSBACRES":  47.1544605475
                                        }
                     },
                     {
                         "type":  "Feature",
                         "geometry":  {
                                          "type":  "Polygon",
                                          "coordinates":  [
                                                              [
                                                                  [
                                                                      -101.77644268538636,
                                                                      34.1799726588752
                                                                  ],
                                                                  [
                                                                      -101.77635027877429,
                                                                      34.179972827012875
                                                                  ],
                                                                  [
                                                                      -101.77428458204534,
                                                                      34.1799733210773
                                                                  ],
                                                                  [
                                                                      -101.77401823416872,
                                                                      34.179973268903147
                                                                  ],
                                                                  [
                                                                      -101.7736594827343,
                                                                      34.179973298116359
                                                                  ],
                                                                  [
                                                                      -101.77338766002129,
                                                                      34.179973523809089
                                                                  ],
                                                                  [
                                                                      -101.77132202161994,
                                                                      34.179974042676
                                                                  ],
                                                                  [
                                                                      -101.77132010925044,
                                                                      34.1802410577763
                                                                  ],
                                                                  [
                                                                      -101.77042312564686,
                                                                      34.180241160247128
                                                                  ],
                                                                  [
                                                                      -101.77015678758882,
                                                                      34.180241098344219
                                                                  ],
                                                                  [
                                                                      -101.7686292683935,
                                                                      34.180241417237163
                                                                  ],
                                                                  [
                                                                      -101.76835745871503,
                                                                      34.180241629958225
                                                                  ],
                                                                  [
                                                                      -101.7683571110221,
                                                                      34.180601956408822
                                                                  ],
                                                                  [
                                                                      -101.76835902332873,
                                                                      34.181140199618284
                                                                  ],
                                                                  [
                                                                      -101.7683585887148,
                                                                      34.181500530910796
                                                                  ],
                                                                  [
                                                                      -101.76862492221839,
                                                                      34.181500680282667
                                                                  ],
                                                                  [
                                                                      -101.76880972189591,
                                                                      34.181500356978994
                                                                  ],
                                                                  [
                                                                      -101.76898913263393,
                                                                      34.181500304193989
                                                                  ],
                                                                  [
                                                                      -101.76898565567768,
                                                                      34.182038812083064
                                                                  ],
                                                                  [
                                                                      -101.7692574669821,
                                                                      34.182038596550278
                                                                  ],
                                                                  [
                                                                      -101.76925703236817,
                                                                      34.182399007173018
                                                                  ],
                                                                  [
                                                                      -101.76952536740805,
                                                                      34.182937292585329
                                                                  ],
                                                                  [
                                                                      -101.77132471631427,
                                                                      34.182936729090116
                                                                  ],
                                                                  [
                                                                      -101.77159262202231,
                                                                      34.182665378459738
                                                                  ],
                                                                  [
                                                                      -101.77248961561516,
                                                                      34.182665260654673
                                                                  ],
                                                                  [
                                                                      -101.77249152801161,
                                                                      34.182398253414632
                                                                  ],
                                                                  [
                                                                      -101.77293885417745,
                                                                      34.182126839399125
                                                                  ],
                                                                  [
                                                                      -101.77527635132324,
                                                                      34.182126130044459
                                                                  ],
                                                                  [
                                                                      -101.77527478660176,
                                                                      34.182397620785075
                                                                  ],
                                                                  [
                                                                      -101.77608479496018,
                                                                      34.1823972853272
                                                                  ],
                                                                  [
                                                                      -101.77608357794061,
                                                                      34.1823083795037
                                                                  ],
                                                                  [
                                                                      -101.77572481944544,
                                                                      34.18230841787075
                                                                  ],
                                                                  [
                                                                      -101.77572638417591,
                                                                      34.18203701081719
                                                                  ],
                                                                  [
                                                                      -101.77617215940042,
                                                                      34.182037075549786
                                                                  ],
                                                                  [
                                                                      -101.77635158272385,
                                                                      34.182037009820057
                                                                  ],
                                                                  [
                                                                      -101.77635540764253,
                                                                      34.181138111583216
                                                                  ],
                                                                  [
                                                                      -101.77644225073649,
                                                                      34.1803330714922
                                                                  ],
                                                                  [
                                                                      -101.77644268538636,
                                                                      34.1799726588752
                                                                  ]
                                                              ]
                                                          ]
                                      },
                         "properties":  {
                                            "CSBID":  "481825011720585",
                                            "STATEFIPS":  "48",
                                            "CNTYFIPS":  "189",
                                            "CNTY":  "Hale",
                                            "CSBACRES":  46.7675839094
                                        }
                     },
                     {
                         "type":  "Feature",
                         "geometry":  {
                                          "type":  "Polygon",
                                          "coordinates":  [
                                                              [
                                                                  [
                                                                      -101.77644451091572,
                                                                      34.178535587641221
                                                                  ],
                                                                  [
                                                                      -101.77635053956421,
                                                                      34.177637177423144
                                                                  ],
                                                                  [
                                                                      -101.7760841864504,
                                                                      34.177637129039887
                                                                  ],
                                                                  [
                                                                      -101.77608531654,
                                                                      34.177726047870983
                                                                  ],
                                                                  [
                                                                      -101.7755441801894,
                                                                      34.177904237017
                                                                  ],
                                                                  [
                                                                      -101.7745548423725,
                                                                      34.177904528556247
                                                                  ],
                                                                  [
                                                                      -101.77222283767009,
                                                                      34.177905002228911
                                                                  ],
                                                                  [
                                                                      -101.77159227431142,
                                                                      34.177905243112157
                                                                  ],
                                                                  [
                                                                      -101.7715934912771,
                                                                      34.177994154271644
                                                                  ],
                                                                  [
                                                                      -101.77267007576509,
                                                                      34.177998406788404
                                                                  ],
                                                                  [
                                                                      -101.77267242279343,
                                                                      34.178176236770007
                                                                  ],
                                                                  [
                                                                      -101.77132393398945,
                                                                      34.178536945417825
                                                                  ],
                                                                  [
                                                                      -101.77105220424308,
                                                                      34.178537155650552
                                                                  ],
                                                                  [
                                                                      -101.77042164792719,
                                                                      34.178537390389323
                                                                  ],
                                                                  [
                                                                      -101.7701552229392,
                                                                      34.178537252129615
                                                                  ],
                                                                  [
                                                                      -101.76952441124126,
                                                                      34.178533071972154
                                                                  ],
                                                                  [
                                                                      -101.76952823590841,
                                                                      34.1788042226106
                                                                  ],
                                                                  [
                                                                      -101.77078386529554,
                                                                      34.178804038662577
                                                                  ],
                                                                  [
                                                                      -101.77078586457705,
                                                                      34.179342280937789
                                                                  ],
                                                                  [
                                                                      -101.77042660265701,
                                                                      34.179702727187717
                                                                  ],
                                                                  [
                                                                      -101.77015331058765,
                                                                      34.179974353421223
                                                                  ],
                                                                  [
                                                                      -101.76988688628235,
                                                                      34.179974215395077
                                                                  ],
                                                                  [
                                                                      -101.76952432431129,
                                                                      34.179703083225995
                                                                  ],
                                                                  [
                                                                      -101.76925833622789,
                                                                      34.179342605768596
                                                                  ],
                                                                  [
                                                                      -101.76862735607789,
                                                                      34.179703252720124
                                                                  ],
                                                                  [
                                                                      -101.76835554639942,
                                                                      34.179703381412772
                                                                  ],
                                                                  [
                                                                      -101.76835745871503,
                                                                      34.180241629958225
                                                                  ],
                                                                  [
                                                                      -101.7686292683935,
                                                                      34.180241417237163
                                                                  ],
                                                                  [
                                                                      -101.77015678758882,
                                                                      34.180241098344219
                                                                  ],
                                                                  [
                                                                      -101.77042312564686,
                                                                      34.180241160247128
                                                                  ],
                                                                  [
                                                                      -101.77132010925044,
                                                                      34.1802410577763
                                                                  ],
                                                                  [
                                                                      -101.77132202161994,
                                                                      34.179974042676
                                                                  ],
                                                                  [
                                                                      -101.77338766002129,
                                                                      34.179973523809089
                                                                  ],
                                                                  [
                                                                      -101.7736594827343,
                                                                      34.179973298116359
                                                                  ],
                                                                  [
                                                                      -101.77401823416872,
                                                                      34.179973268903147
                                                                  ],
                                                                  [
                                                                      -101.77428458204534,
                                                                      34.1799733210773
                                                                  ],
                                                                  [
                                                                      -101.77635027877429,
                                                                      34.179972827012875
                                                                  ],
                                                                  [
                                                                      -101.77644268538636,
                                                                      34.1799726588752
                                                                  ],
                                                                  [
                                                                      -101.77644425012581,
                                                                      34.179701161630788
                                                                  ],
                                                                  [
                                                                      -101.77644451091572,
                                                                      34.178535587641221
                                                                  ]
                                                              ]
                                                          ]
                                      },
                         "properties":  {
                                            "CSBID":  "481825011720693",
                                            "STATEFIPS":  "48",
                                            "CNTYFIPS":  "189",
                                            "CNTY":  "Hale",
                                            "CSBACRES":  32.3721210961
                                        }
                     },
                     {
                         "type":  "Feature",
                         "geometry":  {
                                          "type":  "Polygon",
                                          "coordinates":  [
                                                              [
                                                                  [
                                                                      -101.77267242279343,
                                                                      34.178176236770007
                                                                  ],
                                                                  [
                                                                      -101.77267007576509,
                                                                      34.177998406788404
                                                                  ],
                                                                  [
                                                                      -101.7715934912771,
                                                                      34.177994154271644
                                                                  ],
                                                                  [
                                                                      -101.77159227431142,
                                                                      34.177905243112157
                                                                  ],
                                                                  [
                                                                      -101.77042364719973,
                                                                      34.177905542655388
                                                                  ],
                                                                  [
                                                                      -101.76952667126777,
                                                                      34.177905632352171
                                                                  ],
                                                                  [
                                                                      -101.76925494618365,
                                                                      34.177905837482463
                                                                  ],
                                                                  [
                                                                      -101.7689869595374,
                                                                      34.17817720319556
                                                                  ],
                                                                  [
                                                                      -101.76862744299888,
                                                                      34.17853315527293
                                                                  ],
                                                                  [
                                                                      -101.76808930050852,
                                                                      34.178533214894117
                                                                  ],
                                                                  [
                                                                      -101.76808964820145,
                                                                      34.179342891531668
                                                                  ],
                                                                  [
                                                                      -101.76817657137126,
                                                                      34.179343010064372
                                                                  ],
                                                                  [
                                                                      -101.76835598101333,
                                                                      34.179343042978644
                                                                  ],
                                                                  [
                                                                      -101.76835554639942,
                                                                      34.179703381412772
                                                                  ],
                                                                  [
                                                                      -101.76862735607789,
                                                                      34.179703252720124
                                                                  ],
                                                                  [
                                                                      -101.76925833622789,
                                                                      34.179342605768596
                                                                  ],
                                                                  [
                                                                      -101.76952432431129,
                                                                      34.179703083225995
                                                                  ],
                                                                  [
                                                                      -101.76988688628235,
                                                                      34.179974215395077
                                                                  ],
                                                                  [
                                                                      -101.77015331058765,
                                                                      34.179974353421223
                                                                  ],
                                                                  [
                                                                      -101.77042660265701,
                                                                      34.179702727187717
                                                                  ],
                                                                  [
                                                                      -101.77078586457705,
                                                                      34.179342280937789
                                                                  ],
                                                                  [
                                                                      -101.77078386529554,
                                                                      34.178804038662577
                                                                  ],
                                                                  [
                                                                      -101.76952823590841,
                                                                      34.1788042226106
                                                                  ],
                                                                  [
                                                                      -101.76952441124126,
                                                                      34.178533071972154
                                                                  ],
                                                                  [
                                                                      -101.7701552229392,
                                                                      34.178537252129615
                                                                  ],
                                                                  [
                                                                      -101.77042164792719,
                                                                      34.178537390389323
                                                                  ],
                                                                  [
                                                                      -101.77105220424308,
                                                                      34.178537155650552
                                                                  ],
                                                                  [
                                                                      -101.77132393398945,
                                                                      34.178536945417825
                                                                  ],
                                                                  [
                                                                      -101.77267242279343,
                                                                      34.178176236770007
                                                                  ]
                                                              ]
                                                          ]
                                      },
                         "properties":  {
                                            "CSBID":  "481825011720696",
                                            "STATEFIPS":  "48",
                                            "CNTYFIPS":  "189",
                                            "CNTY":  "Hale",
                                            "CSBACRES":  11.7457629553
                                        }
                     },
                     {
                         "type":  "Feature",
                         "geometry":  {
                                          "type":  "Polygon",
                                          "coordinates":  [
                                                              [
                                                                  [
                                                                      -101.77913572609165,
                                                                      34.179344708787561
                                                                  ],
                                                                  [
                                                                      -101.77868993828176,
                                                                      34.179344653873542
                                                                  ],
                                                                  [
                                                                      -101.77841975423954,
                                                                      34.179073386040891
                                                                  ],
                                                                  [
                                                                      -101.77842157980484,
                                                                      34.1788063803729
                                                                  ],
                                                                  [
                                                                      -101.7786880257775,
                                                                      34.178806413592596
                                                                  ],
                                                                  [
                                                                      -101.77886736647388,
                                                                      34.178806437011673
                                                                  ],
                                                                  [
                                                                      -101.77886571475953,
                                                                      34.177907791893134
                                                                  ],
                                                                  [
                                                                      -101.77886771420275,
                                                                      34.1772759524776
                                                                  ],
                                                                  [
                                                                      -101.77779141384289,
                                                                      34.1772762469723
                                                                  ],
                                                                  [
                                                                      -101.77724974710897,
                                                                      34.177009603540959
                                                                  ],
                                                                  [
                                                                      -101.77671312513401,
                                                                      34.176738199909984
                                                                  ],
                                                                  [
                                                                      -101.77670964791724,
                                                                      34.177276726268417
                                                                  ],
                                                                  [
                                                                      -101.77671312513401,
                                                                      34.17790828930827
                                                                  ],
                                                                  [
                                                                      -101.77697956677679,
                                                                      34.177908327477688
                                                                  ],
                                                                  [
                                                                      -101.77698226161485,
                                                                      34.178895902611352
                                                                  ],
                                                                  [
                                                                      -101.77697921904793,
                                                                      34.179074000120231
                                                                  ],
                                                                  [
                                                                      -101.7769823485538,
                                                                      34.179701065654783
                                                                  ],
                                                                  [
                                                                      -101.77680301108236,
                                                                      34.179701123039166
                                                                  ],
                                                                  [
                                                                      -101.77671060415589,
                                                                      34.179701291437347
                                                                  ],
                                                                  [
                                                                      -101.77671216889536,
                                                                      34.180599848242515
                                                                  ],
                                                                  [
                                                                      -101.7767137336438,
                                                                      34.180693240108809
                                                                  ],
                                                                  [
                                                                      -101.77680066395521,
                                                                      34.180693351149557
                                                                  ],
                                                                  [
                                                                      -101.77680301108236,
                                                                      34.180871173971589
                                                                  ],
                                                                  [
                                                                      -101.7768004031653,
                                                                      34.181858896419982
                                                                  ],
                                                                  [
                                                                      -101.77697982756671,
                                                                      34.181858913353224
                                                                  ],
                                                                  [
                                                                      -101.77778854511794,
                                                                      34.181769668119266
                                                                  ],
                                                                  [
                                                                      -101.77779080532412,
                                                                      34.181142263174252
                                                                  ],
                                                                  [
                                                                      -101.77751905884212,
                                                                      34.181142492011091
                                                                  ],
                                                                  [
                                                                      -101.77752062359956,
                                                                      34.18087099895282
                                                                  ],
                                                                  [
                                                                      -101.77797179618076,
                                                                      34.1808707859443
                                                                  ],
                                                                  [
                                                                      -101.77841758094537,
                                                                      34.180870842295619
                                                                  ],
                                                                  [
                                                                      -101.77868932976298,
                                                                      34.18087061128486
                                                                  ],
                                                                  [
                                                                      -101.77869089452939,
                                                                      34.1805992018328
                                                                  ],
                                                                  [
                                                                      -101.77778854511794,
                                                                      34.180599631559886
                                                                  ],
                                                                  [
                                                                      -101.77779237009052,
                                                                      34.179700805817085
                                                                  ],
                                                                  [
                                                                      -101.77841784173528,
                                                                      34.179705205199411
                                                                  ],
                                                                  [
                                                                      -101.77868959055289,
                                                                      34.1797050586213
                                                                  ],
                                                                  [
                                                                      -101.7791353783628,
                                                                      34.179705029479955
                                                                  ],
                                                                  [
                                                                      -101.77913572609165,
                                                                      34.179344708787561
                                                                  ]
                                                              ]
                                                          ]
                                      },
                         "properties":  {
                                            "CSBID":  "481825011720769",
                                            "STATEFIPS":  "48",
                                            "CNTYFIPS":  "189",
                                            "CNTY":  "Hale",
                                            "CSBACRES":  18.3934601943
                                        }
                     },
                     {
                         "type":  "Feature",
                         "geometry":  {
                                          "type":  "Polygon",
                                          "coordinates":  [
                                                              [
                                                                  [
                                                                      -101.7931511017629,
                                                                      34.17557126227782
                                                                  ],
                                                                  [
                                                                      -101.79288088052145,
                                                                      34.175300027754695
                                                                  ],
                                                                  [
                                                                      -101.79261335522298,
                                                                      34.175211102743184
                                                                  ],
                                                                  [
                                                                      -101.79261483326603,
                                                                      34.174939610053229
                                                                  ],
                                                                  [
                                                                      -101.79234304842598,
                                                                      34.174939873591981
                                                                  ],
                                                                  [
                                                                      -101.79108742201228,
                                                                      34.174940281004915
                                                                  ],
                                                                  [
                                                                      -101.79081564111583,
                                                                      34.174940540555149
                                                                  ],
                                                                  [
                                                                      -101.7902775587587,
                                                                      34.17494069353824
                                                                  ],
                                                                  [
                                                                      -101.78991875177248,
                                                                      34.17494077452136
                                                                  ],
                                                                  [
                                                                      -101.78964697390334,
                                                                      34.174941031017326
                                                                  ],
                                                                  [
                                                                      -101.7887500945313,
                                                                      34.174941338582514
                                                                  ],
                                                                  [
                                                                      -101.78847831968051,
                                                                      34.174941508346137
                                                                  ],
                                                                  [
                                                                      -101.78847953684382,
                                                                      34.175030418607307
                                                                  ],
                                                                  [
                                                                      -101.7884822319873,
                                                                      34.175212731900835
                                                                  ],
                                                                  [
                                                                      -101.78848162340564,
                                                                      34.175568651549021
                                                                  ],
                                                                  [
                                                                      -101.78848127564085,
                                                                      34.17592897914048
                                                                  ],
                                                                  [
                                                                      -101.78847858050635,
                                                                      34.176111562413681
                                                                  ],
                                                                  [
                                                                      -101.78920148923892,
                                                                      34.176111060048825
                                                                  ],
                                                                  [
                                                                      -101.78938084788365,
                                                                      34.176110982829641
                                                                  ],
                                                                  [
                                                                      -101.78991901259832,
                                                                      34.176110824528529
                                                                  ],
                                                                  [
                                                                      -101.78991475248182,
                                                                      34.176200013608792
                                                                  ],
                                                                  [
                                                                      -101.78991831706873,
                                                                      34.176466747868794
                                                                  ],
                                                                  [
                                                                      -101.79027747181975,
                                                                      34.176471066411722
                                                                  ],
                                                                  [
                                                                      -101.79081372839597,
                                                                      34.176737916204047
                                                                  ],
                                                                  [
                                                                      -101.7912660883344,
                                                                      34.176826566277185
                                                                  ],
                                                                  [
                                                                      -101.7923411356702,
                                                                      34.1767373263343
                                                                  ],
                                                                  [
                                                                      -101.79216516275781,
                                                                      34.176198907369454
                                                                  ],
                                                                  [
                                                                      -101.79180634933067,
                                                                      34.176198995961308
                                                                  ],
                                                                  [
                                                                      -101.79180521907037,
                                                                      34.176110079169383
                                                                  ],
                                                                  [
                                                                      -101.79180278467189,
                                                                      34.175932262195388
                                                                  ],
                                                                  [
                                                                      -101.79198606018684,
                                                                      34.175838590719479
                                                                  ],
                                                                  [
                                                                      -101.79216542358365,
                                                                      34.175838508802109
                                                                  ],
                                                                  [
                                                                      -101.79261118164135,
                                                                      34.175838518117637
                                                                  ],
                                                                  [
                                                                      -101.79314927594608,
                                                                      34.175838268215308
                                                                  ],
                                                                  [
                                                                      -101.7931511017629,
                                                                      34.17557126227782
                                                                  ]
                                                              ]
                                                          ]
                                      },
                         "properties":  {
                                            "CSBID":  "481825011720914",
                                            "STATEFIPS":  "48",
                                            "CNTYFIPS":  "189",
                                            "CNTY":  "Hale",
                                            "CSBACRES":  15.69216575
                                        }
                     },
                     {
                         "type":  "Feature",
                         "geometry":  {
                                          "type":  "Polygon",
                                          "coordinates":  [
                                                              [
                                                                  [
                                                                      -101.76126336229603,
                                                                      34.165508285165565
                                                                  ],
                                                                  [
                                                                      -101.76099278855567,
                                                                      34.165597394753917
                                                                  ],
                                                                  [
                                                                      -101.76081069708314,
                                                                      34.165779958632491
                                                                  ],
                                                                  [
                                                                      -101.76081017558417,
                                                                      34.166140282127635
                                                                  ],
                                                                  [
                                                                      -101.76171237891158,
                                                                      34.166139947442311
                                                                  ],
                                                                  [
                                                                      -101.76189177749541,
                                                                      34.166139913530905
                                                                  ],
                                                                  [
                                                                      -101.76242797595961,
                                                                      34.165601729385678
                                                                  ],
                                                                  [
                                                                      -101.76278825349695,
                                                                      34.165330202442959
                                                                  ],
                                                                  [
                                                                      -101.7630599618185,
                                                                      34.165330022420576
                                                                  ],
                                                                  [
                                                                      -101.76314783692402,
                                                                      34.164609422016923
                                                                  ],
                                                                  [
                                                                      -101.76350968149151,
                                                                      34.1644313027778
                                                                  ],
                                                                  [
                                                                      -101.76350542244401,
                                                                      34.163715175553065
                                                                  ],
                                                                  [
                                                                      -101.76332888943205,
                                                                      34.163532659527753
                                                                  ],
                                                                  [
                                                                      -101.76332767256518,
                                                                      34.1634437322974
                                                                  ],
                                                                  [
                                                                      -101.76332932402799,
                                                                      34.163172336275153
                                                                  ],
                                                                  [
                                                                      -101.76305831036467,
                                                                      34.162816517310141
                                                                  ],
                                                                  [
                                                                      -101.76278660204311,
                                                                      34.162816695688605
                                                                  ],
                                                                  [
                                                                      -101.76242788903863,
                                                                      34.1628166713263
                                                                  ],
                                                                  [
                                                                      -101.76188986529658,
                                                                      34.162816753791638
                                                                  ],
                                                                  [
                                                                      -101.76188908303465,
                                                                      34.163172677787678
                                                                  ],
                                                                  [
                                                                      -101.76162276665295,
                                                                      34.163172583069311
                                                                  ],
                                                                  [
                                                                      -101.7609923539687,
                                                                      34.163172728919783
                                                                  ],
                                                                  [
                                                                      -101.76072065101009,
                                                                      34.163172902132935
                                                                  ],
                                                                  [
                                                                      -101.76054507878226,
                                                                      34.163444135596052
                                                                  ],
                                                                  [
                                                                      -101.76036377033522,
                                                                      34.163711152816376
                                                                  ],
                                                                  [
                                                                      -101.75955397034102,
                                                                      34.163711320989982
                                                                  ],
                                                                  [
                                                                      -101.75955353576302,
                                                                      34.164071729061504
                                                                  ],
                                                                  [
                                                                      -101.75982523569432,
                                                                      34.164071558309736
                                                                  ],
                                                                  [
                                                                      -101.76009537183836,
                                                                      34.164342857529533
                                                                  ],
                                                                  [
                                                                      -101.76009345967546,
                                                                      34.1646099255406
                                                                  ],
                                                                  [
                                                                      -101.75982175904349,
                                                                      34.164610097343406
                                                                  ],
                                                                  [
                                                                      -101.75955536100494,
                                                                      34.164609922962441
                                                                  ],
                                                                  [
                                                                      -101.75955379650802,
                                                                      34.164881392386029
                                                                  ],
                                                                  [
                                                                      -101.7598254964483,
                                                                      34.16488122110426
                                                                  ],
                                                                  [
                                                                      -101.75982506186132,
                                                                      34.165241624297927
                                                                  ],
                                                                  [
                                                                      -101.75982314970742,
                                                                      34.165508689838639
                                                                  ],
                                                                  [
                                                                      -101.76126336229603,
                                                                      34.165508285165565
                                                                  ]
                                                              ],
                                                              [
                                                                  [
                                                                      -101.76126336229603,
                                                                      34.165508285165565
                                                                  ],
                                                                  [
                                                                      -101.7618883876937,
                                                                      34.165508404443869
                                                                  ],
                                                                  [
                                                                      -101.76189151674143,
                                                                      34.1653302659808
                                                                  ],
                                                                  [
                                                                      -101.76189029989253,
                                                                      34.165241340187755
                                                                  ],
                                                                  [
                                                                      -101.76161859459829,
                                                                      34.165241517101968
                                                                  ],
                                                                  [
                                                                      -101.7612598856003,
                                                                      34.165241574495333
                                                                  ],
                                                                  [
                                                                      -101.76126336229603,
                                                                      34.165508285165565
                                                                  ]
                                                              ]
                                                          ]
                                      },
                         "properties":  {
                                            "CSBID":  "481825011721832",
                                            "STATEFIPS":  "48",
                                            "CNTYFIPS":  "189",
                                            "CNTY":  "Hale",
                                            "CSBACRES":  22.3737254961
                                        }
                     },
                     {
                         "type":  "Feature",
                         "geometry":  {
                                          "type":  "Polygon",
                                          "coordinates":  [
                                                              [
                                                                  [
                                                                      -101.76368847471863,
                                                                      34.162006602115973
                                                                  ],
                                                                  [
                                                                      -101.76314740232807,
                                                                      34.161379556137753
                                                                  ],
                                                                  [
                                                                      -101.76189169057442,
                                                                      34.161375260079652
                                                                  ],
                                                                  [
                                                                      -101.76189003913855,
                                                                      34.161646662381123
                                                                  ],
                                                                  [
                                                                      -101.76188769235274,
                                                                      34.162274066679352
                                                                  ],
                                                                  [
                                                                      -101.76162137597106,
                                                                      34.1622739713681
                                                                  ],
                                                                  [
                                                                      -101.76162276665295,
                                                                      34.163172583069311
                                                                  ],
                                                                  [
                                                                      -101.76188908303465,
                                                                      34.163172677787678
                                                                  ],
                                                                  [
                                                                      -101.76188986529658,
                                                                      34.162816753791638
                                                                  ],
                                                                  [
                                                                      -101.76242788903863,
                                                                      34.1628166713263
                                                                  ],
                                                                  [
                                                                      -101.76278660204311,
                                                                      34.162816695688605
                                                                  ],
                                                                  [
                                                                      -101.76305831036467,
                                                                      34.162816517310141
                                                                  ],
                                                                  [
                                                                      -101.7630599618185,
                                                                      34.162545035552682
                                                                  ],
                                                                  [
                                                                      -101.76314688082012,
                                                                      34.162545161837841
                                                                  ],
                                                                  [
                                                                      -101.76368499793305,
                                                                      34.162545148497863
                                                                  ],
                                                                  [
                                                                      -101.76368656248387,
                                                                      34.162273674744391
                                                                  ],
                                                                  [
                                                                      -101.76368847471863,
                                                                      34.162006602115973
                                                                  ]
                                                              ]
                                                          ]
                                      },
                         "properties":  {
                                            "CSBID":  "481825011721933",
                                            "STATEFIPS":  "48",
                                            "CNTYFIPS":  "189",
                                            "CNTY":  "Hale",
                                            "CSBACRES":  6.28192992094
                                        }
                     },
                     {
                         "type":  "Feature",
                         "geometry":  {
                                          "type":  "Polygon",
                                          "coordinates":  [
                                                              [
                                                                  [
                                                                      -101.76189169057442,
                                                                      34.161375260079652
                                                                  ],
                                                                  [
                                                                      -101.7612612762732,
                                                                      34.161375404843163
                                                                  ],
                                                                  [
                                                                      -101.76099148480375,
                                                                      34.161108500639877
                                                                  ],
                                                                  [
                                                                      -101.76099304930965,
                                                                      34.160837104572714
                                                                  ],
                                                                  [
                                                                      -101.76054203669145,
                                                                      34.16083721377192
                                                                  ],
                                                                  [
                                                                      -101.76036264041629,
                                                                      34.160837243065984
                                                                  ],
                                                                  [
                                                                      -101.76036107591938,
                                                                      34.161108723233419
                                                                  ],
                                                                  [
                                                                      -101.76027407231443,
                                                                      34.161108602724426
                                                                  ],
                                                                  [
                                                                      -101.76009476341841,
                                                                      34.161108623268895
                                                                  ],
                                                                  [
                                                                      -101.76009424191943,
                                                                      34.162274240988445
                                                                  ],
                                                                  [
                                                                      -101.75955257968607,
                                                                      34.162812793820237
                                                                  ],
                                                                  [
                                                                      -101.75892756823026,
                                                                      34.162812656431896
                                                                  ],
                                                                  [
                                                                      -101.75919344317983,
                                                                      34.163173170235133
                                                                  ],
                                                                  [
                                                                      -101.75955214510809,
                                                                      34.163173121762036
                                                                  ],
                                                                  [
                                                                      -101.75919726746969,
                                                                      34.163444374008925
                                                                  ],
                                                                  [
                                                                      -101.75919526841275,
                                                                      34.163711369939179
                                                                  ],
                                                                  [
                                                                      -101.75955397034102,
                                                                      34.163711320989982
                                                                  ],
                                                                  [
                                                                      -101.76036377033522,
                                                                      34.163711152816376
                                                                  ],
                                                                  [
                                                                      -101.76054507878226,
                                                                      34.163444135596052
                                                                  ],
                                                                  [
                                                                      -101.76072065101009,
                                                                      34.163172902132935
                                                                  ],
                                                                  [
                                                                      -101.7609923539687,
                                                                      34.163172728919783
                                                                  ],
                                                                  [
                                                                      -101.76162276665295,
                                                                      34.163172583069311
                                                                  ],
                                                                  [
                                                                      -101.76162137597106,
                                                                      34.1622739713681
                                                                  ],
                                                                  [
                                                                      -101.76188769235274,
                                                                      34.162274066679352
                                                                  ],
                                                                  [
                                                                      -101.76189003913855,
                                                                      34.161646662381123
                                                                  ],
                                                                  [
                                                                      -101.76189169057442,
                                                                      34.161375260079652
                                                                  ]
                                                              ]
                                                          ]
                                      },
                         "properties":  {
                                            "CSBID":  "481825011721934",
                                            "STATEFIPS":  "48",
                                            "CNTYFIPS":  "189",
                                            "CNTY":  "Hale",
                                            "CSBACRES":  11.6970160684
                                        }
                     },
                     {
                         "type":  "Feature",
                         "geometry":  {
                                          "type":  "Polygon",
                                          "coordinates":  [
                                                              [
                                                                  [
                                                                      -101.77725148572632,
                                                                      34.156348820702213
                                                                  ],
                                                                  [
                                                                      -101.77608279557087,
                                                                      34.156344771195727
                                                                  ],
                                                                  [
                                                                      -101.77608470803023,
                                                                      34.15607777261544
                                                                  ],
                                                                  [
                                                                      -101.77590537209491,
                                                                      34.156077818249855
                                                                  ],
                                                                  [
                                                                      -101.77554670114056,
                                                                      34.156077908602406
                                                                  ],
                                                                  [
                                                                      -101.77554252852894,
                                                                      34.157337134206124
                                                                  ],
                                                                  [
                                                                      -101.7760859250498,
                                                                      34.157336725643354
                                                                  ],
                                                                  [
                                                                      -101.77608444724031,
                                                                      34.157243384792388
                                                                  ],
                                                                  [
                                                                      -101.77635071342415,
                                                                      34.157243454699277
                                                                  ],
                                                                  [
                                                                      -101.77698104459526,
                                                                      34.15724324155601
                                                                  ],
                                                                  [
                                                                      -101.77698330478347,
                                                                      34.156615833448932
                                                                  ],
                                                                  [
                                                                      -101.777249660179,
                                                                      34.156615893034186
                                                                  ],
                                                                  [
                                                                      -101.77725148572632,
                                                                      34.156348820702213
                                                                  ]
                                                              ]
                                                          ]
                                      },
                         "properties":  {
                                            "CSBID":  "481825011722328",
                                            "STATEFIPS":  "48",
                                            "CNTYFIPS":  "189",
                                            "CNTY":  "Hale",
                                            "CSBACRES":  3.93665805972
                                        }
                     },
                     {
                         "type":  "Feature",
                         "geometry":  {
                                          "type":  "Polygon",
                                          "coordinates":  [
                                                              [
                                                                  [
                                                                      -101.7807547654505,
                                                                      34.156614670768441
                                                                  ],
                                                                  [
                                                                      -101.78075276598034,
                                                                      34.156076474181546
                                                                  ],
                                                                  [
                                                                      -101.7804868363593,
                                                                      34.155716001539119
                                                                  ],
                                                                  [
                                                                      -101.78021516982737,
                                                                      34.155716212400662
                                                                  ],
                                                                  [
                                                                      -101.78021699541962,
                                                                      34.155449139287157
                                                                  ],
                                                                  [
                                                                      -101.78048483688914,
                                                                      34.155177799274867
                                                                  ],
                                                                  [
                                                                      -101.77985448468846,
                                                                      34.155178030519188
                                                                  ],
                                                                  [
                                                                      -101.7795882096113,
                                                                      34.155177968256957
                                                                  ],
                                                                  [
                                                                      -101.77931645846706,
                                                                      34.155178184849753
                                                                  ],
                                                                  [
                                                                      -101.77931489368268,
                                                                      34.155449669787245
                                                                  ],
                                                                  [
                                                                      -101.77904861997995,
                                                                      34.155449606312288
                                                                  ],
                                                                  [
                                                                      -101.77904679440566,
                                                                      34.155716596466377
                                                                  ],
                                                                  [
                                                                      -101.77985648414065,
                                                                      34.155716317305924
                                                                  ],
                                                                  [
                                                                      -101.77985613641179,
                                                                      34.156076647421649
                                                                  ],
                                                                  [
                                                                      -101.77904635974683,
                                                                      34.156077019387055
                                                                  ],
                                                                  [
                                                                      -101.7790502716943,
                                                                      34.156348138593451
                                                                  ],
                                                                  [
                                                                      -101.78021325729617,
                                                                      34.156348023887574
                                                                  ],
                                                                  [
                                                                      -101.78021673462074,
                                                                      34.156614831620779
                                                                  ],
                                                                  [
                                                                      -101.78048309822685,
                                                                      34.156614882923563
                                                                  ],
                                                                  [
                                                                      -101.7807547654505,
                                                                      34.156614670768441
                                                                  ]
                                                              ]
                                                          ]
                                      },
                         "properties":  {
                                            "CSBID":  "481825011722403",
                                            "STATEFIPS":  "48",
                                            "CNTYFIPS":  "189",
                                            "CNTY":  "Hale",
                                            "CSBACRES":  3.7225242816
                                        }
                     },
                     {
                         "type":  "Feature",
                         "geometry":  {
                                          "type":  "Polygon",
                                          "coordinates":  [
                                                              [
                                                                  [
                                                                      -101.78336141564205,
                                                                      34.154909751974365
                                                                  ],
                                                                  [
                                                                      -101.78318206727405,
                                                                      34.154909809655194
                                                                  ],
                                                                  [
                                                                      -101.78255169887674,
                                                                      34.154910056844606
                                                                  ],
                                                                  [
                                                                      -101.78228002699086,
                                                                      34.154910272584011
                                                                  ],
                                                                  [
                                                                      -101.78192489857877,
                                                                      34.155177186291468
                                                                  ],
                                                                  [
                                                                      -101.7813814718296,
                                                                      34.155177538862247
                                                                  ],
                                                                  [
                                                                      -101.78120560420875,
                                                                      34.154639109099655
                                                                  ],
                                                                  [
                                                                      -101.78111510595075,
                                                                      34.154372191745033
                                                                  ],
                                                                  [
                                                                      -101.78048474995917,
                                                                      34.154372509281522
                                                                  ],
                                                                  [
                                                                      -101.7804870971582,
                                                                      34.154550382139718
                                                                  ],
                                                                  [
                                                                      -101.78048674942933,
                                                                      34.154910716324807
                                                                  ],
                                                                  [
                                                                      -101.78048483688914,
                                                                      34.155177799274867
                                                                  ],
                                                                  [
                                                                      -101.78021699541962,
                                                                      34.155449139287157
                                                                  ],
                                                                  [
                                                                      -101.78021516982737,
                                                                      34.155716212400662
                                                                  ],
                                                                  [
                                                                      -101.7804868363593,
                                                                      34.155716001539119
                                                                  ],
                                                                  [
                                                                      -101.78075276598034,
                                                                      34.156076474181546
                                                                  ],
                                                                  [
                                                                      -101.7807547654505,
                                                                      34.156614670768441
                                                                  ],
                                                                  [
                                                                      -101.78048309822685,
                                                                      34.156614882923563
                                                                  ],
                                                                  [
                                                                      -101.78048388062354,
                                                                      34.1570641470609
                                                                  ],
                                                                  [
                                                                      -101.78228263504268,
                                                                      34.157063498046071
                                                                  ],
                                                                  [
                                                                      -101.78300263227253,
                                                                      34.157245544701652
                                                                  ],
                                                                  [
                                                                      -101.7831819803351,
                                                                      34.157245486320143
                                                                  ],
                                                                  [
                                                                      -101.78317815516489,
                                                                      34.1569742805431
                                                                  ],
                                                                  [
                                                                      -101.78326726423221,
                                                                      34.156346998999666
                                                                  ],
                                                                  [
                                                                      -101.78326952455517,
                                                                      34.1557195940816
                                                                  ],
                                                                  [
                                                                      -101.78332559810487,
                                                                      34.155231841104893
                                                                  ],
                                                                  [
                                                                      -101.78336141564205,
                                                                      34.154909751974365
                                                                  ]
                                                              ]
                                                          ]
                                      },
                         "properties":  {
                                            "CSBID":  "481825011722450",
                                            "STATEFIPS":  "48",
                                            "CNTYFIPS":  "189",
                                            "CNTY":  "Hale",
                                            "CSBACRES":  15.6643534342
                                        }
                     },
                     {
                         "type":  "Feature",
                         "geometry":  {
                                          "type":  "Polygon",
                                          "coordinates":  [
                                                              [
                                                                  [
                                                                      -101.78048770569494,
                                                                      34.15733535442795
                                                                  ],
                                                                  [
                                                                      -101.78048388062354,
                                                                      34.1570641470609
                                                                  ],
                                                                  [
                                                                      -101.78048309822685,
                                                                      34.156614882923563
                                                                  ],
                                                                  [
                                                                      -101.78021673462074,
                                                                      34.156614831620779
                                                                  ],
                                                                  [
                                                                      -101.78021325729617,
                                                                      34.156348023887574
                                                                  ],
                                                                  [
                                                                      -101.7790502716943,
                                                                      34.156348138593451
                                                                  ],
                                                                  [
                                                                      -101.77904635974683,
                                                                      34.156077019387055
                                                                  ],
                                                                  [
                                                                      -101.77985613641179,
                                                                      34.156076647421649
                                                                  ],
                                                                  [
                                                                      -101.77985648414065,
                                                                      34.155716317305924
                                                                  ],
                                                                  [
                                                                      -101.77904679440566,
                                                                      34.155716596466377
                                                                  ],
                                                                  [
                                                                      -101.77904861997995,
                                                                      34.155449606312288
                                                                  ],
                                                                  [
                                                                      -101.77931489368268,
                                                                      34.155449669787245
                                                                  ],
                                                                  [
                                                                      -101.77931645846706,
                                                                      34.155178184849753
                                                                  ],
                                                                  [
                                                                      -101.7795882096113,
                                                                      34.155177968256957
                                                                  ],
                                                                  [
                                                                      -101.77985448468846,
                                                                      34.155178030519188
                                                                  ],
                                                                  [
                                                                      -101.78048483688914,
                                                                      34.155177799274867
                                                                  ],
                                                                  [
                                                                      -101.78048674942933,
                                                                      34.154910716324807
                                                                  ],
                                                                  [
                                                                      -101.7804870971582,
                                                                      34.154550382139718
                                                                  ],
                                                                  [
                                                                      -101.78048474995917,
                                                                      34.154372509281522
                                                                  ],
                                                                  [
                                                                      -101.77958777495247,
                                                                      34.154368274443613
                                                                  ],
                                                                  [
                                                                      -101.77958421070691,
                                                                      34.154101551789843
                                                                  ],
                                                                  [
                                                                      -101.77958490617362,
                                                                      34.153380790327247
                                                                  ],
                                                                  [
                                                                      -101.77958681868687,
                                                                      34.15311370154712
                                                                  ],
                                                                  [
                                                                      -101.77931515448158,
                                                                      34.15311390835727
                                                                  ],
                                                                  [
                                                                      -101.77931706699482,
                                                                      34.153652132818884
                                                                  ],
                                                                  [
                                                                      -101.77779010987537,
                                                                      34.153652672248235
                                                                  ],
                                                                  [
                                                                      -101.77751845032336,
                                                                      34.153652791032464
                                                                  ],
                                                                  [
                                                                      -101.77725218117507,
                                                                      34.153652721808285
                                                                  ],
                                                                  [
                                                                      -101.77725105107648,
                                                                      34.154369091452381
                                                                  ],
                                                                  [
                                                                      -101.7761751150194,
                                                                      34.15436927617295
                                                                  ],
                                                                  [
                                                                      -101.77617155089064,
                                                                      34.154102551210514
                                                                  ],
                                                                  [
                                                                      -101.77590380735545,
                                                                      34.15400913459564
                                                                  ],
                                                                  [
                                                                      -101.77554513641009,
                                                                      34.154009223160543
                                                                  ],
                                                                  [
                                                                      -101.77554670114056,
                                                                      34.156077908602406
                                                                  ],
                                                                  [
                                                                      -101.77590537209491,
                                                                      34.156077818249855
                                                                  ],
                                                                  [
                                                                      -101.77608470803023,
                                                                      34.15607777261544
                                                                  ],
                                                                  [
                                                                      -101.77608279557087,
                                                                      34.156344771195727
                                                                  ],
                                                                  [
                                                                      -101.77725148572632,
                                                                      34.156348820702213
                                                                  ],
                                                                  [
                                                                      -101.777249660179,
                                                                      34.156615893034186
                                                                  ],
                                                                  [
                                                                      -101.77698330478347,
                                                                      34.156615833448932
                                                                  ],
                                                                  [
                                                                      -101.77698104459526,
                                                                      34.15724324155601
                                                                  ],
                                                                  [
                                                                      -101.77724887780926,
                                                                      34.157336641318494
                                                                  ],
                                                                  [
                                                                      -101.77725122493642,
                                                                      34.157514509819862
                                                                  ],
                                                                  [
                                                                      -101.77814791918367,
                                                                      34.157514263825206
                                                                  ],
                                                                  [
                                                                      -101.77823789329267,
                                                                      34.157336323108275
                                                                  ],
                                                                  [
                                                                      -101.77913998577696,
                                                                      34.157335797872307
                                                                  ],
                                                                  [
                                                                      -101.78021603915403,
                                                                      34.1573355663585
                                                                  ],
                                                                  [
                                                                      -101.78030297237596,
                                                                      34.157335679393505
                                                                  ],
                                                                  [
                                                                      -101.78048770569494,
                                                                      34.15733535442795
                                                                  ]
                                                              ]
                                                          ]
                                      },
                         "properties":  {
                                            "CSBID":  "481825011722451",
                                            "STATEFIPS":  "48",
                                            "CNTYFIPS":  "189",
                                            "CNTY":  "Hale",
                                            "CSBACRES":  34.9204704749
                                        }
                     }
                 ]
}
