site_id,parent_region_id,scenario_type,profile_id,evidence_bundle_id,evaluation_mode,requested_crop_id,is_requested_crop,crop_id,crop_name,regionally_eligible,overall_rank,eligible_rank,suitability_score,recommendation,confidence_score,confidence_band,evidence_coverage_percent,applied_caps,applied_gates,detailed_output_path
plains_northern_panhandle_dalhart,plains,in_season_baseline,plains_northern_panhandle_dalhart_in_season_baseline,plains_northern_panhandle_dalhart_evidence,planting_readiness,white_potato,False,alfalfa_hay,Alfalfa grown for hay,True,1,1,72.17,conditional,58.68,low,83.0,,,data/scenarios/results/plains_northern_panhandle_dalhart/in_season_baseline.json
plains_northern_panhandle_dalhart,plains,in_season_baseline,plains_northern_panhandle_dalhart_in_season_baseline,plains_northern_panhandle_dalhart_evidence,planting_readiness,white_potato,True,white_potato,White potato,True,2,2,71.72,conditional,58.68,low,83.0,,,data/scenarios/results/plains_northern_panhandle_dalhart/in_season_baseline.json
plains_northern_panhandle_dalhart,plains,in_season_baseline,plains_northern_panhandle_dalhart_in_season_baseline,plains_northern_panhandle_dalhart_evidence,planting_readiness,white_potato,False,oilseed_sunflower,Oilseed sunflower,True,3,3,67.8,conditional,58.68,low,83.0,,,data/scenarios/results/plains_northern_panhandle_dalhart/in_season_baseline.json
plains_northern_panhandle_dalhart,plains,in_season_baseline,plains_northern_panhandle_dalhart_in_season_baseline,plains_northern_panhandle_dalhart_evidence,planting_readiness,white_potato,False,fresh_market_spinach,Fresh-market spinach,True,4,4,67.44,conditional,67.01,medium,83.0,,,data/scenarios/results/plains_northern_panhandle_dalhart/in_season_baseline.json
plains_northern_panhandle_dalhart,plains,in_season_baseline,plains_northern_panhandle_dalhart_in_season_baseline,plains_northern_panhandle_dalhart_evidence,planting_readiness,white_potato,False,fresh_market_cabbage,Fresh-market cabbage,True,5,5,62.68,conditional,67.01,medium,83.0,,,data/scenarios/results/plains_northern_panhandle_dalhart/in_season_baseline.json
plains_northern_panhandle_dalhart,plains,in_season_baseline,plains_northern_panhandle_dalhart_in_season_baseline,plains_northern_panhandle_dalhart_evidence,planting_readiness,white_potato,False,hard_red_winter_wheat,Hard red winter wheat,True,6,6,56.65,conditional,69.08,medium,100.0,,,data/scenarios/results/plains_northern_panhandle_dalhart/in_season_baseline.json
plains_northern_panhandle_dalhart,plains,in_season_baseline,plains_northern_panhandle_dalhart_in_season_baseline,plains_northern_panhandle_dalhart_evidence,planting_readiness,white_potato,False,corn_grain,Corn grown for grain,True,7,7,54.0,not_recommended,69.08,medium,100.0,far_outside_planting_window,far_outside_planting_window,data/scenarios/results/plains_northern_panhandle_dalhart/in_season_baseline.json
plains_northern_panhandle_dalhart,plains,in_season_baseline,plains_northern_panhandle_dalhart_in_season_baseline,plains_northern_panhandle_dalhart_evidence,planting_readiness,white_potato,False,corn_silage,Corn grown for silage,True,8,8,54.0,not_recommended,69.08,medium,100.0,far_outside_planting_window,far_outside_planting_window,data/scenarios/results/plains_northern_panhandle_dalhart/in_season_baseline.json
plains_northern_panhandle_dalhart,plains,in_season_baseline,plains_northern_panhandle_dalhart_in_season_baseline,plains_northern_panhandle_dalhart_evidence,planting_readiness,white_potato,False,grain_sorghum,Grain sorghum,True,9,9,54.0,not_recommended,69.08,medium,100.0,far_outside_planting_window,far_outside_planting_window,data/scenarios/results/plains_northern_panhandle_dalhart/in_season_baseline.json
plains_northern_panhandle_dalhart,plains,in_season_baseline,plains_northern_panhandle_dalhart_in_season_baseline,plains_northern_panhandle_dalhart_evidence,planting_readiness,white_potato,False,upland_cotton,Upland cotton,True,10,10,54.0,not_recommended,69.08,medium,100.0,far_outside_planting_window,far_outside_planting_window,data/scenarios/results/plains_northern_panhandle_dalhart/in_season_baseline.json
plains_northern_panhandle_dalhart,plains,in_season_baseline,plains_northern_panhandle_dalhart_in_season_baseline,plains_northern_panhandle_dalhart_evidence,planting_readiness,white_potato,False,dry_bulb_onion,Dry-bulb onion,True,11,11,54.0,not_recommended,67.01,medium,83.0,far_outside_planting_window,far_outside_planting_window,data/scenarios/results/plains_northern_panhandle_dalhart/in_season_baseline.json
plains_northern_panhandle_dalhart,plains,in_season_baseline,plains_northern_panhandle_dalhart_in_season_baseline,plains_northern_panhandle_dalhart_evidence,planting_readiness,white_potato,False,seedless_watermelon,Seedless watermelon,True,12,12,54.0,not_recommended,67.01,medium,83.0,far_outside_planting_window,far_outside_planting_window,data/scenarios/results/plains_northern_panhandle_dalhart/in_season_baseline.json
plains_northern_panhandle_dalhart,plains,in_season_baseline,plains_northern_panhandle_dalhart_in_season_baseline,plains_northern_panhandle_dalhart_evidence,planting_readiness,white_potato,False,forage_sorghum,Forage sorghum,True,13,13,54.0,not_recommended,58.68,low,83.0,far_outside_planting_window,far_outside_planting_window,data/scenarios/results/plains_northern_panhandle_dalhart/in_season_baseline.json
plains_northern_panhandle_dalhart,plains,in_season_baseline,plains_northern_panhandle_dalhart_in_season_baseline,plains_northern_panhandle_dalhart_evidence,planting_readiness,white_potato,False,runner_peanut,Runner-type peanut,True,14,14,54.0,not_recommended,58.68,low,83.0,far_outside_planting_window,far_outside_planting_window,data/scenarios/results/plains_northern_panhandle_dalhart/in_season_baseline.json
plains_northern_panhandle_dalhart,plains,in_season_baseline,plains_northern_panhandle_dalhart_in_season_baseline,plains_northern_panhandle_dalhart_evidence,planting_readiness,white_potato,False,sorghum_sudangrass,Sorghum-sudangrass,True,15,15,54.0,not_recommended,58.68,low,83.0,far_outside_planting_window,far_outside_planting_window,data/scenarios/results/plains_northern_panhandle_dalhart/in_season_baseline.json
plains_northern_panhandle_dalhart,plains,in_season_baseline,plains_northern_panhandle_dalhart_in_season_baseline,plains_northern_panhandle_dalhart_evidence,planting_readiness,white_potato,False,sweet_potato,Sweet potato,True,16,16,54.0,not_recommended,58.68,low,83.0,far_outside_planting_window,far_outside_planting_window,data/scenarios/results/plains_northern_panhandle_dalhart/in_season_baseline.json
plains_northern_panhandle_dalhart,plains,in_season_baseline,plains_northern_panhandle_dalhart_in_season_baseline,plains_northern_panhandle_dalhart_evidence,planting_readiness,white_potato,False,bermudagrass_hay,Bermudagrass grown for hay,True,17,17,54.0,not_recommended,56.51,low,80.0,far_outside_planting_window,far_outside_planting_window,data/scenarios/results/plains_northern_panhandle_dalhart/in_season_baseline.json
plains_northern_panhandle_dalhart,plains,in_season_baseline,plains_northern_panhandle_dalhart_in_season_baseline,plains_northern_panhandle_dalhart_evidence,planting_readiness,white_potato,False,sesame,Sesame,True,18,18,54.0,not_recommended,48.2,low,80.0,far_outside_planting_window,far_outside_planting_window,data/scenarios/results/plains_northern_panhandle_dalhart/in_season_baseline.json
plains_northern_panhandle_dalhart,plains,in_season_baseline,plains_northern_panhandle_dalhart_in_season_baseline,plains_northern_panhandle_dalhart_evidence,planting_readiness,white_potato,False,annual_ryegrass_forage,Annual ryegrass grown for forage,True,19,19,52.59,not_recommended,56.51,low,80.0,,,data/scenarios/results/plains_northern_panhandle_dalhart/in_season_baseline.json
plains_northern_panhandle_dalhart,plains,in_season_baseline,plains_northern_panhandle_dalhart_in_season_baseline,plains_northern_panhandle_dalhart_evidence,planting_readiness,white_potato,False,soybean,Soybean,True,20,20,51.83,not_recommended,69.08,medium,100.0,far_outside_planting_window,far_outside_planting_window,data/scenarios/results/plains_northern_panhandle_dalhart/in_season_baseline.json
plains_northern_panhandle_dalhart,plains,in_season_baseline,plains_northern_panhandle_dalhart_in_season_baseline,plains_northern_panhandle_dalhart_evidence,planting_readiness,white_potato,False,grain_oats,Grain oats,True,21,21,48.62,not_recommended,69.08,medium,100.0,,,data/scenarios/results/plains_northern_panhandle_dalhart/in_season_baseline.json
plains_northern_panhandle_dalhart,plains,in_season_baseline,plains_northern_panhandle_dalhart_in_season_baseline,plains_northern_panhandle_dalhart_evidence,planting_readiness,white_potato,False,long_grain_rice,Long-grain rice,False,22,,53.43,not_recommended,51.0,low,83.0,unsupported_region|far_outside_planting_window,unsupported_region|far_outside_planting_window,data/scenarios/results/plains_northern_panhandle_dalhart/in_season_baseline.json
plains_northern_panhandle_dalhart,plains,out_of_season,plains_northern_panhandle_dalhart_out_of_season,plains_northern_panhandle_dalhart_evidence,planning,white_potato,False,hard_red_winter_wheat,Hard red winter wheat,True,1,1,75.67,recommended,40.49,low,60.0,,,data/scenarios/results/plains_northern_panhandle_dalhart/out_of_season.json
plains_northern_panhandle_dalhart,plains,out_of_season,plains_northern_panhandle_dalhart_out_of_season,plains_northern_panhandle_dalhart_evidence,planning,white_potato,False,alfalfa_hay,Alfalfa grown for hay,True,2,2,67.08,conditional,40.49,low,60.0,,,data/scenarios/results/plains_northern_panhandle_dalhart/out_of_season.json
plains_northern_panhandle_dalhart,plains,out_of_season,plains_northern_panhandle_dalhart_out_of_season,plains_northern_panhandle_dalhart_evidence,planning,white_potato,False,annual_ryegrass_forage,Annual ryegrass grown for forage,True,3,3,66.12,conditional,40.49,low,60.0,,,data/scenarios/results/plains_northern_panhandle_dalhart/out_of_season.json
plains_northern_panhandle_dalhart,plains,out_of_season,plains_northern_panhandle_dalhart_out_of_season,plains_northern_panhandle_dalhart_evidence,planning,white_potato,False,grain_oats,Grain oats,True,4,4,61.29,conditional,40.49,low,60.0,,,data/scenarios/results/plains_northern_panhandle_dalhart/out_of_season.json
plains_northern_panhandle_dalhart,plains,out_of_season,plains_northern_panhandle_dalhart_out_of_season,plains_northern_panhandle_dalhart_evidence,planning,white_potato,False,fresh_market_spinach,Fresh-market spinach,True,5,5,60.54,conditional,47.11,low,60.0,,,data/scenarios/results/plains_northern_panhandle_dalhart/out_of_season.json
plains_northern_panhandle_dalhart,plains,out_of_season,plains_northern_panhandle_dalhart_out_of_season,plains_northern_panhandle_dalhart_evidence,planning,white_potato,False,seedless_watermelon,Seedless watermelon,True,6,6,54.0,not_recommended,47.11,low,60.0,far_outside_planting_window,far_outside_planting_window,data/scenarios/results/plains_northern_panhandle_dalhart/out_of_season.json
plains_northern_panhandle_dalhart,plains,out_of_season,plains_northern_panhandle_dalhart_out_of_season,plains_northern_panhandle_dalhart_evidence,planning,white_potato,False,corn_grain,Corn grown for grain,True,7,7,54.0,not_recommended,40.49,low,60.0,far_outside_planting_window,far_outside_planting_window,data/scenarios/results/plains_northern_panhandle_dalhart/out_of_season.json
plains_northern_panhandle_dalhart,plains,out_of_season,plains_northern_panhandle_dalhart_out_of_season,plains_northern_panhandle_dalhart_evidence,planning,white_potato,False,corn_silage,Corn grown for silage,True,8,8,54.0,not_recommended,40.49,low,60.0,far_outside_planting_window,far_outside_planting_window,data/scenarios/results/plains_northern_panhandle_dalhart/out_of_season.json
plains_northern_panhandle_dalhart,plains,out_of_season,plains_northern_panhandle_dalhart_out_of_season,plains_northern_panhandle_dalhart_evidence,planning,white_potato,False,forage_sorghum,Forage sorghum,True,9,9,54.0,not_recommended,40.49,low,60.0,far_outside_planting_window,far_outside_planting_window,data/scenarios/results/plains_northern_panhandle_dalhart/out_of_season.json
plains_northern_panhandle_dalhart,plains,out_of_season,plains_northern_panhandle_dalhart_out_of_season,plains_northern_panhandle_dalhart_evidence,planning,white_potato,False,grain_sorghum,Grain sorghum,True,10,10,54.0,not_recommended,40.49,low,60.0,far_outside_planting_window,far_outside_planting_window,data/scenarios/results/plains_northern_panhandle_dalhart/out_of_season.json
plains_northern_panhandle_dalhart,plains,out_of_season,plains_northern_panhandle_dalhart_out_of_season,plains_northern_panhandle_dalhart_evidence,planning,white_potato,False,oilseed_sunflower,Oilseed sunflower,True,11,11,54.0,not_recommended,40.49,low,60.0,far_outside_planting_window,far_outside_planting_window,data/scenarios/results/plains_northern_panhandle_dalhart/out_of_season.json
plains_northern_panhandle_dalhart,plains,out_of_season,plains_northern_panhandle_dalhart_out_of_season,plains_northern_panhandle_dalhart_evidence,planning,white_potato,False,runner_peanut,Runner-type peanut,True,12,12,54.0,not_recommended,40.49,low,60.0,far_outside_planting_window,far_outside_planting_window,data/scenarios/results/plains_northern_panhandle_dalhart/out_of_season.json
plains_northern_panhandle_dalhart,plains,out_of_season,plains_northern_panhandle_dalhart_out_of_season,plains_northern_panhandle_dalhart_evidence,planning,white_potato,False,sorghum_sudangrass,Sorghum-sudangrass,True,13,13,54.0,not_recommended,40.49,low,60.0,far_outside_planting_window,far_outside_planting_window,data/scenarios/results/plains_northern_panhandle_dalhart/out_of_season.json
plains_northern_panhandle_dalhart,plains,out_of_season,plains_northern_panhandle_dalhart_out_of_season,plains_northern_panhandle_dalhart_evidence,planning,white_potato,False,sweet_potato,Sweet potato,True,14,14,54.0,not_recommended,40.49,low,60.0,far_outside_planting_window,far_outside_planting_window,data/scenarios/results/plains_northern_panhandle_dalhart/out_of_season.json
plains_northern_panhandle_dalhart,plains,out_of_season,plains_northern_panhandle_dalhart_out_of_season,plains_northern_panhandle_dalhart_evidence,planning,white_potato,False,upland_cotton,Upland cotton,True,15,15,54.0,not_recommended,40.49,low,60.0,far_outside_planting_window,far_outside_planting_window,data/scenarios/results/plains_northern_panhandle_dalhart/out_of_season.json
plains_northern_panhandle_dalhart,plains,out_of_season,plains_northern_panhandle_dalhart_out_of_season,plains_northern_panhandle_dalhart_evidence,planning,white_potato,True,white_potato,White potato,True,16,16,54.0,not_recommended,40.49,low,60.0,far_outside_planting_window,far_outside_planting_window,data/scenarios/results/plains_northern_panhandle_dalhart/out_of_season.json
plains_northern_panhandle_dalhart,plains,out_of_season,plains_northern_panhandle_dalhart_out_of_season,plains_northern_panhandle_dalhart_evidence,planning,white_potato,False,sesame,Sesame,True,17,17,54.0,not_recommended,33.5,low,60.0,far_outside_planting_window,far_outside_planting_window,data/scenarios/results/plains_northern_panhandle_dalhart/out_of_season.json
plains_northern_panhandle_dalhart,plains,out_of_season,plains_northern_panhandle_dalhart_out_of_season,plains_northern_panhandle_dalhart_evidence,planning,white_potato,False,dry_bulb_onion,Dry-bulb onion,True,18,18,53.12,not_recommended,47.11,low,60.0,far_outside_planting_window,far_outside_planting_window,data/scenarios/results/plains_northern_panhandle_dalhart/out_of_season.json
plains_northern_panhandle_dalhart,plains,out_of_season,plains_northern_panhandle_dalhart_out_of_season,plains_northern_panhandle_dalhart_evidence,planning,white_potato,False,fresh_market_cabbage,Fresh-market cabbage,True,19,19,53.12,not_recommended,47.11,low,60.0,far_outside_planting_window,far_outside_planting_window,data/scenarios/results/plains_northern_panhandle_dalhart/out_of_season.json
plains_northern_panhandle_dalhart,plains,out_of_season,plains_northern_panhandle_dalhart_out_of_season,plains_northern_panhandle_dalhart_evidence,planning,white_potato,False,bermudagrass_hay,Bermudagrass grown for hay,True,20,20,49.33,not_recommended,40.49,low,60.0,far_outside_planting_window,far_outside_planting_window,data/scenarios/results/plains_northern_panhandle_dalhart/out_of_season.json
plains_northern_panhandle_dalhart,plains,out_of_season,plains_northern_panhandle_dalhart_out_of_season,plains_northern_panhandle_dalhart_evidence,planning,white_potato,False,soybean,Soybean,True,21,21,47.88,not_recommended,40.49,low,60.0,far_outside_planting_window,far_outside_planting_window,data/scenarios/results/plains_northern_panhandle_dalhart/out_of_season.json
plains_northern_panhandle_dalhart,plains,out_of_season,plains_northern_panhandle_dalhart_out_of_season,plains_northern_panhandle_dalhart_evidence,planning,white_potato,False,long_grain_rice,Long-grain rice,False,22,,38.5,not_recommended,32.81,low,60.0,unsupported_region|far_outside_planting_window,unsupported_region|far_outside_planting_window,data/scenarios/results/plains_northern_panhandle_dalhart/out_of_season.json
plains_northern_panhandle_dalhart,plains,no_irrigation,plains_northern_panhandle_dalhart_no_irrigation,plains_northern_panhandle_dalhart_evidence,planting_readiness,white_potato,True,white_potato,White potato,True,1,1,70.03,conditional,58.68,low,83.0,,,data/scenarios/results/plains_northern_panhandle_dalhart/no_irrigation.json
plains_northern_panhandle_dalhart,plains,no_irrigation,plains_northern_panhandle_dalhart_no_irrigation,plains_northern_panhandle_dalhart_evidence,planting_readiness,white_potato,False,oilseed_sunflower,Oilseed sunflower,True,2,2,67.8,conditional,58.68,low,83.0,,,data/scenarios/results/plains_northern_panhandle_dalhart/no_irrigation.json
plains_northern_panhandle_dalhart,plains,no_irrigation,plains_northern_panhandle_dalhart_no_irrigation,plains_northern_panhandle_dalhart_evidence,planting_readiness,white_potato,False,fresh_market_spinach,Fresh-market spinach,True,3,3,65.75,conditional,67.01,medium,83.0,,,data/scenarios/results/plains_northern_panhandle_dalhart/no_irrigation.json
plains_northern_panhandle_dalhart,plains,no_irrigation,plains_northern_panhandle_dalhart_no_irrigation,plains_northern_panhandle_dalhart_evidence,planting_readiness,white_potato,False,fresh_market_cabbage,Fresh-market cabbage,True,4,4,60.99,conditional,67.01,medium,83.0,,,data/scenarios/results/plains_northern_panhandle_dalhart/no_irrigation.json
plains_northern_panhandle_dalhart,plains,no_irrigation,plains_northern_panhandle_dalhart_no_irrigation,plains_northern_panhandle_dalhart_evidence,planting_readiness,white_potato,False,hard_red_winter_wheat,Hard red winter wheat,True,5,5,56.25,conditional,69.08,medium,100.0,,,data/scenarios/results/plains_northern_panhandle_dalhart/no_irrigation.json
plains_northern_panhandle_dalhart,plains,no_irrigation,plains_northern_panhandle_dalhart_no_irrigation,plains_northern_panhandle_dalhart_evidence,planting_readiness,white_potato,False,corn_grain,Corn grown for grain,True,6,6,54.0,not_recommended,69.08,medium,100.0,far_outside_planting_window,far_outside_planting_window,data/scenarios/results/plains_northern_panhandle_dalhart/no_irrigation.json
plains_northern_panhandle_dalhart,plains,no_irrigation,plains_northern_panhandle_dalhart_no_irrigation,plains_northern_panhandle_dalhart_evidence,planting_readiness,white_potato,False,corn_silage,Corn grown for silage,True,7,7,54.0,not_recommended,69.08,medium,100.0,far_outside_planting_window,far_outside_planting_window,data/scenarios/results/plains_northern_panhandle_dalhart/no_irrigation.json
plains_northern_panhandle_dalhart,plains,no_irrigation,plains_northern_panhandle_dalhart_no_irrigation,plains_northern_panhandle_dalhart_evidence,planting_readiness,white_potato,False,grain_sorghum,Grain sorghum,True,8,8,54.0,not_recommended,69.08,medium,100.0,far_outside_planting_window,far_outside_planting_window,data/scenarios/results/plains_northern_panhandle_dalhart/no_irrigation.json
plains_northern_panhandle_dalhart,plains,no_irrigation,plains_northern_panhandle_dalhart_no_irrigation,plains_northern_panhandle_dalhart_evidence,planting_readiness,white_potato,False,upland_cotton,Upland cotton,True,9,9,54.0,not_recommended,69.08,medium,100.0,far_outside_planting_window,far_outside_planting_window,data/scenarios/results/plains_northern_panhandle_dalhart/no_irrigation.json
plains_northern_panhandle_dalhart,plains,no_irrigation,plains_northern_panhandle_dalhart_no_irrigation,plains_northern_panhandle_dalhart_evidence,planting_readiness,white_potato,False,dry_bulb_onion,Dry-bulb onion,True,10,10,54.0,not_recommended,67.01,medium,83.0,far_outside_planting_window|required_irrigation_unavailable,far_outside_planting_window|required_irrigation_unavailable,data/scenarios/results/plains_northern_panhandle_dalhart/no_irrigation.json
plains_northern_panhandle_dalhart,plains,no_irrigation,plains_northern_panhandle_dalhart_no_irrigation,plains_northern_panhandle_dalhart_evidence,planting_readiness,white_potato,False,seedless_watermelon,Seedless watermelon,True,11,11,54.0,not_recommended,67.01,medium,83.0,far_outside_planting_window,far_outside_planting_window,data/scenarios/results/plains_northern_panhandle_dalhart/no_irrigation.json
plains_northern_panhandle_dalhart,plains,no_irrigation,plains_northern_panhandle_dalhart_no_irrigation,plains_northern_panhandle_dalhart_evidence,planting_readiness,white_potato,False,alfalfa_hay,Alfalfa grown for hay,True,12,12,54.0,not_recommended,58.68,low,83.0,required_irrigation_unavailable,required_irrigation_unavailable,data/scenarios/results/plains_northern_panhandle_dalhart/no_irrigation.json
plains_northern_panhandle_dalhart,plains,no_irrigation,plains_northern_panhandle_dalhart_no_irrigation,plains_northern_panhandle_dalhart_evidence,planting_readiness,white_potato,False,forage_sorghum,Forage sorghum,True,13,13,54.0,not_recommended,58.68,low,83.0,far_outside_planting_window,far_outside_planting_window,data/scenarios/results/plains_northern_panhandle_dalhart/no_irrigation.json
plains_northern_panhandle_dalhart,plains,no_irrigation,plains_northern_panhandle_dalhart_no_irrigation,plains_northern_panhandle_dalhart_evidence,planting_readiness,white_potato,False,runner_peanut,Runner-type peanut,True,14,14,54.0,not_recommended,58.68,low,83.0,far_outside_planting_window,far_outside_planting_window,data/scenarios/results/plains_northern_panhandle_dalhart/no_irrigation.json
plains_northern_panhandle_dalhart,plains,no_irrigation,plains_northern_panhandle_dalhart_no_irrigation,plains_northern_panhandle_dalhart_evidence,planting_readiness,white_potato,False,sorghum_sudangrass,Sorghum-sudangrass,True,15,15,54.0,not_recommended,58.68,low,83.0,far_outside_planting_window,far_outside_planting_window,data/scenarios/results/plains_northern_panhandle_dalhart/no_irrigation.json
plains_northern_panhandle_dalhart,plains,no_irrigation,plains_northern_panhandle_dalhart_no_irrigation,plains_northern_panhandle_dalhart_evidence,planting_readiness,white_potato,False,sweet_potato,Sweet potato,True,16,16,54.0,not_recommended,58.68,low,83.0,far_outside_planting_window,far_outside_planting_window,data/scenarios/results/plains_northern_panhandle_dalhart/no_irrigation.json
plains_northern_panhandle_dalhart,plains,no_irrigation,plains_northern_panhandle_dalhart_no_irrigation,plains_northern_panhandle_dalhart_evidence,planting_readiness,white_potato,False,bermudagrass_hay,Bermudagrass grown for hay,True,17,17,54.0,not_recommended,56.51,low,80.0,far_outside_planting_window,far_outside_planting_window,data/scenarios/results/plains_northern_panhandle_dalhart/no_irrigation.json
plains_northern_panhandle_dalhart,plains,no_irrigation,plains_northern_panhandle_dalhart_no_irrigation,plains_northern_panhandle_dalhart_evidence,planting_readiness,white_potato,False,sesame,Sesame,True,18,18,54.0,not_recommended,48.2,low,80.0,far_outside_planting_window,far_outside_planting_window,data/scenarios/results/plains_northern_panhandle_dalhart/no_irrigation.json
plains_northern_panhandle_dalhart,plains,no_irrigation,plains_northern_panhandle_dalhart_no_irrigation,plains_northern_panhandle_dalhart_evidence,planting_readiness,white_potato,False,annual_ryegrass_forage,Annual ryegrass grown for forage,True,19,19,52.09,not_recommended,56.51,low,80.0,,,data/scenarios/results/plains_northern_panhandle_dalhart/no_irrigation.json
plains_northern_panhandle_dalhart,plains,no_irrigation,plains_northern_panhandle_dalhart_no_irrigation,plains_northern_panhandle_dalhart_evidence,planting_readiness,white_potato,False,soybean,Soybean,True,20,20,51.42,not_recommended,69.08,medium,100.0,far_outside_planting_window,far_outside_planting_window,data/scenarios/results/plains_northern_panhandle_dalhart/no_irrigation.json
plains_northern_panhandle_dalhart,plains,no_irrigation,plains_northern_panhandle_dalhart_no_irrigation,plains_northern_panhandle_dalhart_evidence,planting_readiness,white_potato,False,grain_oats,Grain oats,True,21,21,48.23,not_recommended,69.08,medium,100.0,,,data/scenarios/results/plains_northern_panhandle_dalhart/no_irrigation.json
plains_northern_panhandle_dalhart,plains,no_irrigation,plains_northern_panhandle_dalhart_no_irrigation,plains_northern_panhandle_dalhart_evidence,planting_readiness,white_potato,False,long_grain_rice,Long-grain rice,False,22,,50.06,not_recommended,51.0,low,83.0,unsupported_region|far_outside_planting_window|required_irrigation_unavailable,unsupported_region|far_outside_planting_window|required_irrigation_unavailable,data/scenarios/results/plains_northern_panhandle_dalhart/no_irrigation.json
plains_northern_panhandle_dalhart,plains,reliable_irrigation,plains_northern_panhandle_dalhart_reliable_irrigation,plains_northern_panhandle_dalhart_evidence,planting_readiness,white_potato,False,alfalfa_hay,Alfalfa grown for hay,True,1,1,73.61,conditional,58.68,low,83.0,,,data/scenarios/results/plains_northern_panhandle_dalhart/reliable_irrigation.json
plains_northern_panhandle_dalhart,plains,reliable_irrigation,plains_northern_panhandle_dalhart_reliable_irrigation,plains_northern_panhandle_dalhart_evidence,planting_readiness,white_potato,True,white_potato,White potato,True,2,2,73.16,conditional,58.68,low,83.0,,,data/scenarios/results/plains_northern_panhandle_dalhart/reliable_irrigation.json
plains_northern_panhandle_dalhart,plains,reliable_irrigation,plains_northern_panhandle_dalhart_reliable_irrigation,plains_northern_panhandle_dalhart_evidence,planting_readiness,white_potato,False,fresh_market_spinach,Fresh-market spinach,True,3,3,68.89,conditional,67.01,medium,83.0,,,data/scenarios/results/plains_northern_panhandle_dalhart/reliable_irrigation.json
plains_northern_panhandle_dalhart,plains,reliable_irrigation,plains_northern_panhandle_dalhart_reliable_irrigation,plains_northern_panhandle_dalhart_evidence,planting_readiness,white_potato,False,oilseed_sunflower,Oilseed sunflower,True,4,4,68.28,conditional,58.68,low,83.0,,,data/scenarios/results/plains_northern_panhandle_dalhart/reliable_irrigation.json
plains_northern_panhandle_dalhart,plains,reliable_irrigation,plains_northern_panhandle_dalhart_reliable_irrigation,plains_northern_panhandle_dalhart_evidence,planting_readiness,white_potato,False,fresh_market_cabbage,Fresh-market cabbage,True,5,5,64.13,conditional,67.01,medium,83.0,,,data/scenarios/results/plains_northern_panhandle_dalhart/reliable_irrigation.json
plains_northern_panhandle_dalhart,plains,reliable_irrigation,plains_northern_panhandle_dalhart_reliable_irrigation,plains_northern_panhandle_dalhart_evidence,planting_readiness,white_potato,False,hard_red_winter_wheat,Hard red winter wheat,True,6,6,57.85,conditional,69.08,medium,100.0,,,data/scenarios/results/plains_northern_panhandle_dalhart/reliable_irrigation.json
plains_northern_panhandle_dalhart,plains,reliable_irrigation,plains_northern_panhandle_dalhart_reliable_irrigation,plains_northern_panhandle_dalhart_evidence,planting_readiness,white_potato,False,annual_ryegrass_forage,Annual ryegrass grown for forage,True,7,7,54.09,not_recommended,56.51,low,80.0,,,data/scenarios/results/plains_northern_panhandle_dalhart/reliable_irrigation.json
plains_northern_panhandle_dalhart,plains,reliable_irrigation,plains_northern_panhandle_dalhart_reliable_irrigation,plains_northern_panhandle_dalhart_evidence,planting_readiness,white_potato,False,corn_grain,Corn grown for grain,True,8,8,54.0,not_recommended,69.08,medium,100.0,far_outside_planting_window,far_outside_planting_window,data/scenarios/results/plains_northern_panhandle_dalhart/reliable_irrigation.json
plains_northern_panhandle_dalhart,plains,reliable_irrigation,plains_northern_panhandle_dalhart_reliable_irrigation,plains_northern_panhandle_dalhart_evidence,planting_readiness,white_potato,False,corn_silage,Corn grown for silage,True,9,9,54.0,not_recommended,69.08,medium,100.0,far_outside_planting_window,far_outside_planting_window,data/scenarios/results/plains_northern_panhandle_dalhart/reliable_irrigation.json
plains_northern_panhandle_dalhart,plains,reliable_irrigation,plains_northern_panhandle_dalhart_reliable_irrigation,plains_northern_panhandle_dalhart_evidence,planting_readiness,white_potato,False,grain_sorghum,Grain sorghum,True,10,10,54.0,not_recommended,69.08,medium,100.0,far_outside_planting_window,far_outside_planting_window,data/scenarios/results/plains_northern_panhandle_dalhart/reliable_irrigation.json
plains_northern_panhandle_dalhart,plains,reliable_irrigation,plains_northern_panhandle_dalhart_reliable_irrigation,plains_northern_panhandle_dalhart_evidence,planting_readiness,white_potato,False,upland_cotton,Upland cotton,True,11,11,54.0,not_recommended,69.08,medium,100.0,far_outside_planting_window,far_outside_planting_window,data/scenarios/results/plains_northern_panhandle_dalhart/reliable_irrigation.json
plains_northern_panhandle_dalhart,plains,reliable_irrigation,plains_northern_panhandle_dalhart_reliable_irrigation,plains_northern_panhandle_dalhart_evidence,planting_readiness,white_potato,False,dry_bulb_onion,Dry-bulb onion,True,12,12,54.0,not_recommended,67.01,medium,83.0,far_outside_planting_window,far_outside_planting_window,data/scenarios/results/plains_northern_panhandle_dalhart/reliable_irrigation.json
plains_northern_panhandle_dalhart,plains,reliable_irrigation,plains_northern_panhandle_dalhart_reliable_irrigation,plains_northern_panhandle_dalhart_evidence,planting_readiness,white_potato,False,seedless_watermelon,Seedless watermelon,True,13,13,54.0,not_recommended,67.01,medium,83.0,far_outside_planting_window,far_outside_planting_window,data/scenarios/results/plains_northern_panhandle_dalhart/reliable_irrigation.json
plains_northern_panhandle_dalhart,plains,reliable_irrigation,plains_northern_panhandle_dalhart_reliable_irrigation,plains_northern_panhandle_dalhart_evidence,planting_readiness,white_potato,False,forage_sorghum,Forage sorghum,True,14,14,54.0,not_recommended,58.68,low,83.0,far_outside_planting_window,far_outside_planting_window,data/scenarios/results/plains_northern_panhandle_dalhart/reliable_irrigation.json
plains_northern_panhandle_dalhart,plains,reliable_irrigation,plains_northern_panhandle_dalhart_reliable_irrigation,plains_northern_panhandle_dalhart_evidence,planting_readiness,white_potato,False,runner_peanut,Runner-type peanut,True,15,15,54.0,not_recommended,58.68,low,83.0,far_outside_planting_window,far_outside_planting_window,data/scenarios/results/plains_northern_panhandle_dalhart/reliable_irrigation.json
plains_northern_panhandle_dalhart,plains,reliable_irrigation,plains_northern_panhandle_dalhart_reliable_irrigation,plains_northern_panhandle_dalhart_evidence,planting_readiness,white_potato,False,sorghum_sudangrass,Sorghum-sudangrass,True,16,16,54.0,not_recommended,58.68,low,83.0,far_outside_planting_window,far_outside_planting_window,data/scenarios/results/plains_northern_panhandle_dalhart/reliable_irrigation.json
plains_northern_panhandle_dalhart,plains,reliable_irrigation,plains_northern_panhandle_dalhart_reliable_irrigation,plains_northern_panhandle_dalhart_evidence,planting_readiness,white_potato,False,sweet_potato,Sweet potato,True,17,17,54.0,not_recommended,58.68,low,83.0,far_outside_planting_window,far_outside_planting_window,data/scenarios/results/plains_northern_panhandle_dalhart/reliable_irrigation.json
plains_northern_panhandle_dalhart,plains,reliable_irrigation,plains_northern_panhandle_dalhart_reliable_irrigation,plains_northern_panhandle_dalhart_evidence,planting_readiness,white_potato,False,bermudagrass_hay,Bermudagrass grown for hay,True,18,18,54.0,not_recommended,56.51,low,80.0,far_outside_planting_window,far_outside_planting_window,data/scenarios/results/plains_northern_panhandle_dalhart/reliable_irrigation.json
plains_northern_panhandle_dalhart,plains,reliable_irrigation,plains_northern_panhandle_dalhart_reliable_irrigation,plains_northern_panhandle_dalhart_evidence,planting_readiness,white_potato,False,sesame,Sesame,True,19,19,54.0,not_recommended,48.2,low,80.0,far_outside_planting_window,far_outside_planting_window,data/scenarios/results/plains_northern_panhandle_dalhart/reliable_irrigation.json
plains_northern_panhandle_dalhart,plains,reliable_irrigation,plains_northern_panhandle_dalhart_reliable_irrigation,plains_northern_panhandle_dalhart_evidence,planting_readiness,white_potato,False,soybean,Soybean,True,20,20,53.02,not_recommended,69.08,medium,100.0,far_outside_planting_window,far_outside_planting_window,data/scenarios/results/plains_northern_panhandle_dalhart/reliable_irrigation.json
plains_northern_panhandle_dalhart,plains,reliable_irrigation,plains_northern_panhandle_dalhart_reliable_irrigation,plains_northern_panhandle_dalhart_evidence,planting_readiness,white_potato,False,grain_oats,Grain oats,True,21,21,49.83,not_recommended,69.08,medium,100.0,,,data/scenarios/results/plains_northern_panhandle_dalhart/reliable_irrigation.json
plains_northern_panhandle_dalhart,plains,reliable_irrigation,plains_northern_panhandle_dalhart_reliable_irrigation,plains_northern_panhandle_dalhart_evidence,planting_readiness,white_potato,False,long_grain_rice,Long-grain rice,False,22,,54.0,not_recommended,51.0,low,83.0,unsupported_region|far_outside_planting_window,unsupported_region|far_outside_planting_window,data/scenarios/results/plains_northern_panhandle_dalhart/reliable_irrigation.json
plains_northern_panhandle_dalhart,plains,missing_irrigation_lab_ph_override,plains_northern_panhandle_dalhart_missing_irrigation_lab_ph_override,plains_northern_panhandle_dalhart_evidence,planting_readiness,white_potato,False,alfalfa_hay,Alfalfa grown for hay,True,1,1,72.28,conditional,57.23,low,79.0,,,data/scenarios/results/plains_northern_panhandle_dalhart/missing_irrigation_lab_ph_override.json
plains_northern_panhandle_dalhart,plains,missing_irrigation_lab_ph_override,plains_northern_panhandle_dalhart_missing_irrigation_lab_ph_override,plains_northern_panhandle_dalhart_evidence,planting_readiness,white_potato,True,white_potato,White potato,True,2,2,71.8,conditional,57.23,low,79.0,,,data/scenarios/results/plains_northern_panhandle_dalhart/missing_irrigation_lab_ph_override.json
plains_northern_panhandle_dalhart,plains,missing_irrigation_lab_ph_override,plains_northern_panhandle_dalhart_missing_irrigation_lab_ph_override,plains_northern_panhandle_dalhart_evidence,planting_readiness,white_potato,False,fresh_market_spinach,Fresh-market spinach,True,3,3,67.31,conditional,65.31,medium,79.0,,,data/scenarios/results/plains_northern_panhandle_dalhart/missing_irrigation_lab_ph_override.json
plains_northern_panhandle_dalhart,plains,missing_irrigation_lab_ph_override,plains_northern_panhandle_dalhart_missing_irrigation_lab_ph_override,plains_northern_panhandle_dalhart_evidence,planting_readiness,white_potato,False,oilseed_sunflower,Oilseed sunflower,True,4,4,66.68,conditional,57.23,low,79.0,,,data/scenarios/results/plains_northern_panhandle_dalhart/missing_irrigation_lab_ph_override.json
plains_northern_panhandle_dalhart,plains,missing_irrigation_lab_ph_override,plains_northern_panhandle_dalhart_missing_irrigation_lab_ph_override,plains_northern_panhandle_dalhart_evidence,planting_readiness,white_potato,False,fresh_market_cabbage,Fresh-market cabbage,True,5,5,62.31,conditional,65.31,medium,79.0,,,data/scenarios/results/plains_northern_panhandle_dalhart/missing_irrigation_lab_ph_override.json
plains_northern_panhandle_dalhart,plains,missing_irrigation_lab_ph_override,plains_northern_panhandle_dalhart_missing_irrigation_lab_ph_override,plains_northern_panhandle_dalhart_evidence,planting_readiness,white_potato,False,hard_red_winter_wheat,Hard red winter wheat,True,6,6,57.66,conditional,67.64,medium,96.0,,,data/scenarios/results/plains_northern_panhandle_dalhart/missing_irrigation_lab_ph_override.json
plains_northern_panhandle_dalhart,plains,missing_irrigation_lab_ph_override,plains_northern_panhandle_dalhart_missing_irrigation_lab_ph_override,plains_northern_panhandle_dalhart_evidence,planting_readiness,white_potato,False,corn_grain,Corn grown for grain,True,7,7,54.0,not_recommended,67.64,medium,96.0,far_outside_planting_window,far_outside_planting_window,data/scenarios/results/plains_northern_panhandle_dalhart/missing_irrigation_lab_ph_override.json
plains_northern_panhandle_dalhart,plains,missing_irrigation_lab_ph_override,plains_northern_panhandle_dalhart_missing_irrigation_lab_ph_override,plains_northern_panhandle_dalhart_evidence,planting_readiness,white_potato,False,corn_silage,Corn grown for silage,True,8,8,54.0,not_recommended,67.64,medium,96.0,far_outside_planting_window,far_outside_planting_window,data/scenarios/results/plains_northern_panhandle_dalhart/missing_irrigation_lab_ph_override.json
plains_northern_panhandle_dalhart,plains,missing_irrigation_lab_ph_override,plains_northern_panhandle_dalhart_missing_irrigation_lab_ph_override,plains_northern_panhandle_dalhart_evidence,planting_readiness,white_potato,False,grain_sorghum,Grain sorghum,True,9,9,54.0,not_recommended,67.64,medium,96.0,far_outside_planting_window,far_outside_planting_window,data/scenarios/results/plains_northern_panhandle_dalhart/missing_irrigation_lab_ph_override.json
plains_northern_panhandle_dalhart,plains,missing_irrigation_lab_ph_override,plains_northern_panhandle_dalhart_missing_irrigation_lab_ph_override,plains_northern_panhandle_dalhart_evidence,planting_readiness,white_potato,False,upland_cotton,Upland cotton,True,10,10,54.0,not_recommended,67.64,medium,96.0,far_outside_planting_window,far_outside_planting_window,data/scenarios/results/plains_northern_panhandle_dalhart/missing_irrigation_lab_ph_override.json
plains_northern_panhandle_dalhart,plains,missing_irrigation_lab_ph_override,plains_northern_panhandle_dalhart_missing_irrigation_lab_ph_override,plains_northern_panhandle_dalhart_evidence,planting_readiness,white_potato,False,dry_bulb_onion,Dry-bulb onion,True,11,11,54.0,not_recommended,65.31,medium,79.0,far_outside_planting_window,far_outside_planting_window,data/scenarios/results/plains_northern_panhandle_dalhart/missing_irrigation_lab_ph_override.json
plains_northern_panhandle_dalhart,plains,missing_irrigation_lab_ph_override,plains_northern_panhandle_dalhart_missing_irrigation_lab_ph_override,plains_northern_panhandle_dalhart_evidence,planting_readiness,white_potato,False,seedless_watermelon,Seedless watermelon,True,12,12,54.0,not_recommended,65.31,medium,79.0,far_outside_planting_window,far_outside_planting_window,data/scenarios/results/plains_northern_panhandle_dalhart/missing_irrigation_lab_ph_override.json
plains_northern_panhandle_dalhart,plains,missing_irrigation_lab_ph_override,plains_northern_panhandle_dalhart_missing_irrigation_lab_ph_override,plains_northern_panhandle_dalhart_evidence,planting_readiness,white_potato,False,forage_sorghum,Forage sorghum,True,13,13,54.0,not_recommended,57.23,low,79.0,far_outside_planting_window,far_outside_planting_window,data/scenarios/results/plains_northern_panhandle_dalhart/missing_irrigation_lab_ph_override.json
plains_northern_panhandle_dalhart,plains,missing_irrigation_lab_ph_override,plains_northern_panhandle_dalhart_missing_irrigation_lab_ph_override,plains_northern_panhandle_dalhart_evidence,planting_readiness,white_potato,False,runner_peanut,Runner-type peanut,True,14,14,54.0,not_recommended,57.23,low,79.0,far_outside_planting_window,far_outside_planting_window,data/scenarios/results/plains_northern_panhandle_dalhart/missing_irrigation_lab_ph_override.json
plains_northern_panhandle_dalhart,plains,missing_irrigation_lab_ph_override,plains_northern_panhandle_dalhart_missing_irrigation_lab_ph_override,plains_northern_panhandle_dalhart_evidence,planting_readiness,white_potato,False,sorghum_sudangrass,Sorghum-sudangrass,True,15,15,54.0,not_recommended,57.23,low,79.0,far_outside_planting_window,far_outside_planting_window,data/scenarios/results/plains_northern_panhandle_dalhart/missing_irrigation_lab_ph_override.json
plains_northern_panhandle_dalhart,plains,missing_irrigation_lab_ph_override,plains_northern_panhandle_dalhart_missing_irrigation_lab_ph_override,plains_northern_panhandle_dalhart_evidence,planting_readiness,white_potato,False,sweet_potato,Sweet potato,True,16,16,54.0,not_recommended,57.23,low,79.0,far_outside_planting_window,far_outside_planting_window,data/scenarios/results/plains_northern_panhandle_dalhart/missing_irrigation_lab_ph_override.json
plains_northern_panhandle_dalhart,plains,missing_irrigation_lab_ph_override,plains_northern_panhandle_dalhart_missing_irrigation_lab_ph_override,plains_northern_panhandle_dalhart_evidence,planting_readiness,white_potato,False,bermudagrass_hay,Bermudagrass grown for hay,True,17,17,54.0,not_recommended,55.07,low,76.0,far_outside_planting_window,far_outside_planting_window,data/scenarios/results/plains_northern_panhandle_dalhart/missing_irrigation_lab_ph_override.json
plains_northern_panhandle_dalhart,plains,missing_irrigation_lab_ph_override,plains_northern_panhandle_dalhart_missing_irrigation_lab_ph_override,plains_northern_panhandle_dalhart_evidence,planting_readiness,white_potato,False,sesame,Sesame,True,18,18,54.0,not_recommended,47.01,low,76.0,far_outside_planting_window,far_outside_planting_window,data/scenarios/results/plains_northern_panhandle_dalhart/missing_irrigation_lab_ph_override.json
plains_northern_panhandle_dalhart,plains,missing_irrigation_lab_ph_override,plains_northern_panhandle_dalhart_missing_irrigation_lab_ph_override,plains_northern_panhandle_dalhart_evidence,planting_readiness,white_potato,False,annual_ryegrass_forage,Annual ryegrass grown for forage,True,19,19,53.65,not_recommended,55.07,low,76.0,,,data/scenarios/results/plains_northern_panhandle_dalhart/missing_irrigation_lab_ph_override.json
plains_northern_panhandle_dalhart,plains,missing_irrigation_lab_ph_override,plains_northern_panhandle_dalhart_missing_irrigation_lab_ph_override,plains_northern_panhandle_dalhart_evidence,planting_readiness,white_potato,False,soybean,Soybean,True,20,20,52.63,not_recommended,67.64,medium,96.0,far_outside_planting_window,far_outside_planting_window,data/scenarios/results/plains_northern_panhandle_dalhart/missing_irrigation_lab_ph_override.json
plains_northern_panhandle_dalhart,plains,missing_irrigation_lab_ph_override,plains_northern_panhandle_dalhart_missing_irrigation_lab_ph_override,plains_northern_panhandle_dalhart_evidence,planting_readiness,white_potato,False,grain_oats,Grain oats,True,21,21,49.3,not_recommended,67.64,medium,96.0,,,data/scenarios/results/plains_northern_panhandle_dalhart/missing_irrigation_lab_ph_override.json
plains_northern_panhandle_dalhart,plains,missing_irrigation_lab_ph_override,plains_northern_panhandle_dalhart_missing_irrigation_lab_ph_override,plains_northern_panhandle_dalhart_evidence,planting_readiness,white_potato,False,long_grain_rice,Long-grain rice,False,22,,54.0,not_recommended,49.56,low,79.0,unsupported_region|far_outside_planting_window,unsupported_region|far_outside_planting_window,data/scenarios/results/plains_northern_panhandle_dalhart/missing_irrigation_lab_ph_override.json
plains_south_plainview,plains,in_season_baseline,plains_south_plainview_in_season_baseline,plains_south_plainview_evidence,planting_readiness,white_potato,False,alfalfa_hay,Alfalfa grown for hay,True,1,1,75.18,recommended,58.68,low,83.0,,,data/scenarios/results/plains_south_plainview/in_season_baseline.json
plains_south_plainview,plains,in_season_baseline,plains_south_plainview_in_season_baseline,plains_south_plainview_evidence,planting_readiness,white_potato,False,fresh_market_spinach,Fresh-market spinach,True,2,2,73.46,conditional,67.01,medium,83.0,,,data/scenarios/results/plains_south_plainview/in_season_baseline.json
plains_south_plainview,plains,in_season_baseline,plains_south_plainview_in_season_baseline,plains_south_plainview_evidence,planting_readiness,white_potato,True,white_potato,White potato,True,3,3,69.31,conditional,58.68,low,83.0,,,data/scenarios/results/plains_south_plainview/in_season_baseline.json
plains_south_plainview,plains,in_season_baseline,plains_south_plainview_in_season_baseline,plains_south_plainview_evidence,planting_readiness,white_potato,False,oilseed_sunflower,Oilseed sunflower,True,4,4,67.92,conditional,58.68,low,83.0,,,data/scenarios/results/plains_south_plainview/in_season_baseline.json
plains_south_plainview,plains,in_season_baseline,plains_south_plainview_in_season_baseline,plains_south_plainview_evidence,planting_readiness,white_potato,False,fresh_market_cabbage,Fresh-market cabbage,True,5,5,66.9,conditional,67.01,medium,83.0,,,data/scenarios/results/plains_south_plainview/in_season_baseline.json
plains_south_plainview,plains,in_season_baseline,plains_south_plainview_in_season_baseline,plains_south_plainview_evidence,planting_readiness,white_potato,False,annual_ryegrass_forage,Annual ryegrass grown for forage,True,6,6,56.34,conditional,56.51,low,80.0,,,data/scenarios/results/plains_south_plainview/in_season_baseline.json
plains_south_plainview,plains,in_season_baseline,plains_south_plainview_in_season_baseline,plains_south_plainview_evidence,planting_readiness,white_potato,False,hard_red_winter_wheat,Hard red winter wheat,True,7,7,55.7,conditional,69.08,medium,100.0,,,data/scenarios/results/plains_south_plainview/in_season_baseline.json
plains_south_plainview,plains,in_season_baseline,plains_south_plainview_in_season_baseline,plains_south_plainview_evidence,planting_readiness,white_potato,False,corn_grain,Corn grown for grain,True,8,8,54.0,not_recommended,69.08,medium,100.0,far_outside_planting_window,far_outside_planting_window,data/scenarios/results/plains_south_plainview/in_season_baseline.json
plains_south_plainview,plains,in_season_baseline,plains_south_plainview_in_season_baseline,plains_south_plainview_evidence,planting_readiness,white_potato,False,corn_silage,Corn grown for silage,True,9,9,54.0,not_recommended,69.08,medium,100.0,far_outside_planting_window,far_outside_planting_window,data/scenarios/results/plains_south_plainview/in_season_baseline.json
plains_south_plainview,plains,in_season_baseline,plains_south_plainview_in_season_baseline,plains_south_plainview_evidence,planting_readiness,white_potato,False,grain_sorghum,Grain sorghum,True,10,10,54.0,not_recommended,69.08,medium,100.0,far_outside_planting_window,far_outside_planting_window,data/scenarios/results/plains_south_plainview/in_season_baseline.json
plains_south_plainview,plains,in_season_baseline,plains_south_plainview_in_season_baseline,plains_south_plainview_evidence,planting_readiness,white_potato,False,soybean,Soybean,True,11,11,54.0,not_recommended,69.08,medium,100.0,far_outside_planting_window,far_outside_planting_window,data/scenarios/results/plains_south_plainview/in_season_baseline.json
plains_south_plainview,plains,in_season_baseline,plains_south_plainview_in_season_baseline,plains_south_plainview_evidence,planting_readiness,white_potato,False,upland_cotton,Upland cotton,True,12,12,54.0,not_recommended,69.08,medium,100.0,far_outside_planting_window,far_outside_planting_window,data/scenarios/results/plains_south_plainview/in_season_baseline.json
plains_south_plainview,plains,in_season_baseline,plains_south_plainview_in_season_baseline,plains_south_plainview_evidence,planting_readiness,white_potato,False,dry_bulb_onion,Dry-bulb onion,True,13,13,54.0,not_recommended,67.01,medium,83.0,far_outside_planting_window,far_outside_planting_window,data/scenarios/results/plains_south_plainview/in_season_baseline.json
plains_south_plainview,plains,in_season_baseline,plains_south_plainview_in_season_baseline,plains_south_plainview_evidence,planting_readiness,white_potato,False,seedless_watermelon,Seedless watermelon,True,14,14,54.0,not_recommended,67.01,medium,83.0,far_outside_planting_window,far_outside_planting_window,data/scenarios/results/plains_south_plainview/in_season_baseline.json
plains_south_plainview,plains,in_season_baseline,plains_south_plainview_in_season_baseline,plains_south_plainview_evidence,planting_readiness,white_potato,False,forage_sorghum,Forage sorghum,True,15,15,54.0,not_recommended,58.68,low,83.0,far_outside_planting_window,far_outside_planting_window,data/scenarios/results/plains_south_plainview/in_season_baseline.json
plains_south_plainview,plains,in_season_baseline,plains_south_plainview_in_season_baseline,plains_south_plainview_evidence,planting_readiness,white_potato,False,runner_peanut,Runner-type peanut,True,16,16,54.0,not_recommended,58.68,low,83.0,far_outside_planting_window,far_outside_planting_window,data/scenarios/results/plains_south_plainview/in_season_baseline.json
plains_south_plainview,plains,in_season_baseline,plains_south_plainview_in_season_baseline,plains_south_plainview_evidence,planting_readiness,white_potato,False,sorghum_sudangrass,Sorghum-sudangrass,True,17,17,54.0,not_recommended,58.68,low,83.0,far_outside_planting_window,far_outside_planting_window,data/scenarios/results/plains_south_plainview/in_season_baseline.json
plains_south_plainview,plains,in_season_baseline,plains_south_plainview_in_season_baseline,plains_south_plainview_evidence,planting_readiness,white_potato,False,sweet_potato,Sweet potato,True,18,18,54.0,not_recommended,58.68,low,83.0,far_outside_planting_window,far_outside_planting_window,data/scenarios/results/plains_south_plainview/in_season_baseline.json
plains_south_plainview,plains,in_season_baseline,plains_south_plainview_in_season_baseline,plains_south_plainview_evidence,planting_readiness,white_potato,False,bermudagrass_hay,Bermudagrass grown for hay,True,19,19,54.0,not_recommended,56.51,low,80.0,far_outside_planting_window,far_outside_planting_window,data/scenarios/results/plains_south_plainview/in_season_baseline.json
plains_south_plainview,plains,in_season_baseline,plains_south_plainview_in_season_baseline,plains_south_plainview_evidence,planting_readiness,white_potato,False,sesame,Sesame,True,20,20,54.0,not_recommended,48.2,low,80.0,far_outside_planting_window,far_outside_planting_window,data/scenarios/results/plains_south_plainview/in_season_baseline.json
plains_south_plainview,plains,in_season_baseline,plains_south_plainview_in_season_baseline,plains_south_plainview_evidence,planting_readiness,white_potato,False,grain_oats,Grain oats,True,21,21,50.08,not_recommended,69.08,medium,100.0,,,data/scenarios/results/plains_south_plainview/in_season_baseline.json
plains_south_plainview,plains,in_season_baseline,plains_south_plainview_in_season_baseline,plains_south_plainview_evidence,planting_readiness,white_potato,False,long_grain_rice,Long-grain rice,False,22,,54.0,not_recommended,51.0,low,83.0,unsupported_region|far_outside_planting_window,unsupported_region|far_outside_planting_window,data/scenarios/results/plains_south_plainview/in_season_baseline.json
plains_south_plainview,plains,out_of_season,plains_south_plainview_out_of_season,plains_south_plainview_evidence,planning,white_potato,False,hard_red_winter_wheat,Hard red winter wheat,True,1,1,77.67,recommended,40.49,low,60.0,,,data/scenarios/results/plains_south_plainview/out_of_season.json
plains_south_plainview,plains,out_of_season,plains_south_plainview_out_of_season,plains_south_plainview_evidence,planning,white_potato,False,annual_ryegrass_forage,Annual ryegrass grown for forage,True,2,2,72.12,conditional,40.49,low,60.0,,,data/scenarios/results/plains_south_plainview/out_of_season.json
plains_south_plainview,plains,out_of_season,plains_south_plainview_out_of_season,plains_south_plainview_evidence,planning,white_potato,False,alfalfa_hay,Alfalfa grown for hay,True,3,3,69.58,conditional,40.49,low,60.0,,,data/scenarios/results/plains_south_plainview/out_of_season.json
plains_south_plainview,plains,out_of_season,plains_south_plainview_out_of_season,plains_south_plainview_evidence,planning,white_potato,False,fresh_market_spinach,Fresh-market spinach,True,4,4,67.21,conditional,47.11,low,60.0,,,data/scenarios/results/plains_south_plainview/out_of_season.json
plains_south_plainview,plains,out_of_season,plains_south_plainview_out_of_season,plains_south_plainview_evidence,planning,white_potato,False,grain_oats,Grain oats,True,5,5,65.96,conditional,40.49,low,60.0,,,data/scenarios/results/plains_south_plainview/out_of_season.json
plains_south_plainview,plains,out_of_season,plains_south_plainview_out_of_season,plains_south_plainview_evidence,planning,white_potato,False,dry_bulb_onion,Dry-bulb onion,True,6,6,54.0,not_recommended,47.11,low,60.0,far_outside_planting_window,far_outside_planting_window,data/scenarios/results/plains_south_plainview/out_of_season.json
plains_south_plainview,plains,out_of_season,plains_south_plainview_out_of_season,plains_south_plainview_evidence,planning,white_potato,False,fresh_market_cabbage,Fresh-market cabbage,True,7,7,54.0,not_recommended,47.11,low,60.0,far_outside_planting_window,far_outside_planting_window,data/scenarios/results/plains_south_plainview/out_of_season.json
plains_south_plainview,plains,out_of_season,plains_south_plainview_out_of_season,plains_south_plainview_evidence,planning,white_potato,False,seedless_watermelon,Seedless watermelon,True,8,8,54.0,not_recommended,47.11,low,60.0,far_outside_planting_window,far_outside_planting_window,data/scenarios/results/plains_south_plainview/out_of_season.json
plains_south_plainview,plains,out_of_season,plains_south_plainview_out_of_season,plains_south_plainview_evidence,planning,white_potato,False,bermudagrass_hay,Bermudagrass grown for hay,True,9,9,54.0,not_recommended,40.49,low,60.0,far_outside_planting_window,far_outside_planting_window,data/scenarios/results/plains_south_plainview/out_of_season.json
plains_south_plainview,plains,out_of_season,plains_south_plainview_out_of_season,plains_south_plainview_evidence,planning,white_potato,False,corn_grain,Corn grown for grain,True,10,10,54.0,not_recommended,40.49,low,60.0,far_outside_planting_window,far_outside_planting_window,data/scenarios/results/plains_south_plainview/out_of_season.json
plains_south_plainview,plains,out_of_season,plains_south_plainview_out_of_season,plains_south_plainview_evidence,planning,white_potato,False,corn_silage,Corn grown for silage,True,11,11,54.0,not_recommended,40.49,low,60.0,far_outside_planting_window,far_outside_planting_window,data/scenarios/results/plains_south_plainview/out_of_season.json
plains_south_plainview,plains,out_of_season,plains_south_plainview_out_of_season,plains_south_plainview_evidence,planning,white_potato,False,forage_sorghum,Forage sorghum,True,12,12,54.0,not_recommended,40.49,low,60.0,far_outside_planting_window,far_outside_planting_window,data/scenarios/results/plains_south_plainview/out_of_season.json
plains_south_plainview,plains,out_of_season,plains_south_plainview_out_of_season,plains_south_plainview_evidence,planning,white_potato,False,grain_sorghum,Grain sorghum,True,13,13,54.0,not_recommended,40.49,low,60.0,far_outside_planting_window,far_outside_planting_window,data/scenarios/results/plains_south_plainview/out_of_season.json
plains_south_plainview,plains,out_of_season,plains_south_plainview_out_of_season,plains_south_plainview_evidence,planning,white_potato,False,oilseed_sunflower,Oilseed sunflower,True,14,14,54.0,not_recommended,40.49,low,60.0,far_outside_planting_window,far_outside_planting_window,data/scenarios/results/plains_south_plainview/out_of_season.json
plains_south_plainview,plains,out_of_season,plains_south_plainview_out_of_season,plains_south_plainview_evidence,planning,white_potato,False,sorghum_sudangrass,Sorghum-sudangrass,True,15,15,54.0,not_recommended,40.49,low,60.0,far_outside_planting_window,far_outside_planting_window,data/scenarios/results/plains_south_plainview/out_of_season.json
plains_south_plainview,plains,out_of_season,plains_south_plainview_out_of_season,plains_south_plainview_evidence,planning,white_potato,False,upland_cotton,Upland cotton,True,16,16,54.0,not_recommended,40.49,low,60.0,far_outside_planting_window,far_outside_planting_window,data/scenarios/results/plains_south_plainview/out_of_season.json
plains_south_plainview,plains,out_of_season,plains_south_plainview_out_of_season,plains_south_plainview_evidence,planning,white_potato,True,white_potato,White potato,True,17,17,54.0,not_recommended,40.49,low,60.0,far_outside_planting_window,far_outside_planting_window,data/scenarios/results/plains_south_plainview/out_of_season.json
plains_south_plainview,plains,out_of_season,plains_south_plainview_out_of_season,plains_south_plainview_evidence,planning,white_potato,False,sesame,Sesame,True,18,18,54.0,not_recommended,33.5,low,60.0,far_outside_planting_window,far_outside_planting_window,data/scenarios/results/plains_south_plainview/out_of_season.json
plains_south_plainview,plains,out_of_season,plains_south_plainview_out_of_season,plains_south_plainview_evidence,planning,white_potato,False,soybean,Soybean,True,19,19,51.21,not_recommended,40.49,low,60.0,far_outside_planting_window,far_outside_planting_window,data/scenarios/results/plains_south_plainview/out_of_season.json
plains_south_plainview,plains,out_of_season,plains_south_plainview_out_of_season,plains_south_plainview_evidence,planning,white_potato,False,runner_peanut,Runner-type peanut,True,20,20,50.5,not_recommended,40.49,low,60.0,far_outside_planting_window,far_outside_planting_window,data/scenarios/results/plains_south_plainview/out_of_season.json
plains_south_plainview,plains,out_of_season,plains_south_plainview_out_of_season,plains_south_plainview_evidence,planning,white_potato,False,sweet_potato,Sweet potato,True,21,21,49.21,not_recommended,40.49,low,60.0,far_outside_planting_window,far_outside_planting_window,data/scenarios/results/plains_south_plainview/out_of_season.json
plains_south_plainview,plains,out_of_season,plains_south_plainview_out_of_season,plains_south_plainview_evidence,planning,white_potato,False,long_grain_rice,Long-grain rice,False,22,,40.5,not_recommended,32.81,low,60.0,unsupported_region|far_outside_planting_window,unsupported_region|far_outside_planting_window,data/scenarios/results/plains_south_plainview/out_of_season.json
plains_south_plainview,plains,no_irrigation,plains_south_plainview_no_irrigation,plains_south_plainview_evidence,planting_readiness,white_potato,False,fresh_market_spinach,Fresh-market spinach,True,1,1,71.78,conditional,67.01,medium,83.0,,,data/scenarios/results/plains_south_plainview/no_irrigation.json
plains_south_plainview,plains,no_irrigation,plains_south_plainview_no_irrigation,plains_south_plainview_evidence,planting_readiness,white_potato,False,oilseed_sunflower,Oilseed sunflower,True,2,2,67.92,conditional,58.68,low,83.0,,,data/scenarios/results/plains_south_plainview/no_irrigation.json
plains_south_plainview,plains,no_irrigation,plains_south_plainview_no_irrigation,plains_south_plainview_evidence,planting_readiness,white_potato,True,white_potato,White potato,True,3,3,67.62,conditional,58.68,low,83.0,,,data/scenarios/results/plains_south_plainview/no_irrigation.json
plains_south_plainview,plains,no_irrigation,plains_south_plainview_no_irrigation,plains_south_plainview_evidence,planting_readiness,white_potato,False,fresh_market_cabbage,Fresh-market cabbage,True,4,4,65.21,conditional,67.01,medium,83.0,,,data/scenarios/results/plains_south_plainview/no_irrigation.json
plains_south_plainview,plains,no_irrigation,plains_south_plainview_no_irrigation,plains_south_plainview_evidence,planting_readiness,white_potato,False,annual_ryegrass_forage,Annual ryegrass grown for forage,True,5,5,55.84,conditional,56.51,low,80.0,,,data/scenarios/results/plains_south_plainview/no_irrigation.json
plains_south_plainview,plains,no_irrigation,plains_south_plainview_no_irrigation,plains_south_plainview_evidence,planting_readiness,white_potato,False,hard_red_winter_wheat,Hard red winter wheat,True,6,6,55.3,conditional,69.08,medium,100.0,,,data/scenarios/results/plains_south_plainview/no_irrigation.json
plains_south_plainview,plains,no_irrigation,plains_south_plainview_no_irrigation,plains_south_plainview_evidence,planting_readiness,white_potato,False,corn_grain,Corn grown for grain,True,7,7,54.0,not_recommended,69.08,medium,100.0,far_outside_planting_window,far_outside_planting_window,data/scenarios/results/plains_south_plainview/no_irrigation.json
plains_south_plainview,plains,no_irrigation,plains_south_plainview_no_irrigation,plains_south_plainview_evidence,planting_readiness,white_potato,False,corn_silage,Corn grown for silage,True,8,8,54.0,not_recommended,69.08,medium,100.0,far_outside_planting_window,far_outside_planting_window,data/scenarios/results/plains_south_plainview/no_irrigation.json
plains_south_plainview,plains,no_irrigation,plains_south_plainview_no_irrigation,plains_south_plainview_evidence,planting_readiness,white_potato,False,grain_sorghum,Grain sorghum,True,9,9,54.0,not_recommended,69.08,medium,100.0,far_outside_planting_window,far_outside_planting_window,data/scenarios/results/plains_south_plainview/no_irrigation.json
plains_south_plainview,plains,no_irrigation,plains_south_plainview_no_irrigation,plains_south_plainview_evidence,planting_readiness,white_potato,False,soybean,Soybean,True,10,10,54.0,not_recommended,69.08,medium,100.0,far_outside_planting_window,far_outside_planting_window,data/scenarios/results/plains_south_plainview/no_irrigation.json
plains_south_plainview,plains,no_irrigation,plains_south_plainview_no_irrigation,plains_south_plainview_evidence,planting_readiness,white_potato,False,upland_cotton,Upland cotton,True,11,11,54.0,not_recommended,69.08,medium,100.0,far_outside_planting_window,far_outside_planting_window,data/scenarios/results/plains_south_plainview/no_irrigation.json
plains_south_plainview,plains,no_irrigation,plains_south_plainview_no_irrigation,plains_south_plainview_evidence,planting_readiness,white_potato,False,dry_bulb_onion,Dry-bulb onion,True,12,12,54.0,not_recommended,67.01,medium,83.0,far_outside_planting_window|required_irrigation_unavailable,far_outside_planting_window|required_irrigation_unavailable,data/scenarios/results/plains_south_plainview/no_irrigation.json
plains_south_plainview,plains,no_irrigation,plains_south_plainview_no_irrigation,plains_south_plainview_evidence,planting_readiness,white_potato,False,seedless_watermelon,Seedless watermelon,True,13,13,54.0,not_recommended,67.01,medium,83.0,far_outside_planting_window,far_outside_planting_window,data/scenarios/results/plains_south_plainview/no_irrigation.json
plains_south_plainview,plains,no_irrigation,plains_south_plainview_no_irrigation,plains_south_plainview_evidence,planting_readiness,white_potato,False,alfalfa_hay,Alfalfa grown for hay,True,14,14,54.0,not_recommended,58.68,low,83.0,required_irrigation_unavailable,required_irrigation_unavailable,data/scenarios/results/plains_south_plainview/no_irrigation.json
plains_south_plainview,plains,no_irrigation,plains_south_plainview_no_irrigation,plains_south_plainview_evidence,planting_readiness,white_potato,False,forage_sorghum,Forage sorghum,True,15,15,54.0,not_recommended,58.68,low,83.0,far_outside_planting_window,far_outside_planting_window,data/scenarios/results/plains_south_plainview/no_irrigation.json
plains_south_plainview,plains,no_irrigation,plains_south_plainview_no_irrigation,plains_south_plainview_evidence,planting_readiness,white_potato,False,runner_peanut,Runner-type peanut,True,16,16,54.0,not_recommended,58.68,low,83.0,far_outside_planting_window,far_outside_planting_window,data/scenarios/results/plains_south_plainview/no_irrigation.json
plains_south_plainview,plains,no_irrigation,plains_south_plainview_no_irrigation,plains_south_plainview_evidence,planting_readiness,white_potato,False,sorghum_sudangrass,Sorghum-sudangrass,True,17,17,54.0,not_recommended,58.68,low,83.0,far_outside_planting_window,far_outside_planting_window,data/scenarios/results/plains_south_plainview/no_irrigation.json
plains_south_plainview,plains,no_irrigation,plains_south_plainview_no_irrigation,plains_south_plainview_evidence,planting_readiness,white_potato,False,sweet_potato,Sweet potato,True,18,18,54.0,not_recommended,58.68,low,83.0,far_outside_planting_window,far_outside_planting_window,data/scenarios/results/plains_south_plainview/no_irrigation.json
plains_south_plainview,plains,no_irrigation,plains_south_plainview_no_irrigation,plains_south_plainview_evidence,planting_readiness,white_potato,False,bermudagrass_hay,Bermudagrass grown for hay,True,19,19,54.0,not_recommended,56.51,low,80.0,far_outside_planting_window,far_outside_planting_window,data/scenarios/results/plains_south_plainview/no_irrigation.json
plains_south_plainview,plains,no_irrigation,plains_south_plainview_no_irrigation,plains_south_plainview_evidence,planting_readiness,white_potato,False,sesame,Sesame,True,20,20,54.0,not_recommended,48.2,low,80.0,far_outside_planting_window,far_outside_planting_window,data/scenarios/results/plains_south_plainview/no_irrigation.json
plains_south_plainview,plains,no_irrigation,plains_south_plainview_no_irrigation,plains_south_plainview_evidence,planting_readiness,white_potato,False,grain_oats,Grain oats,True,21,21,49.67,not_recommended,69.08,medium,100.0,,,data/scenarios/results/plains_south_plainview/no_irrigation.json
plains_south_plainview,plains,no_irrigation,plains_south_plainview_no_irrigation,plains_south_plainview_evidence,planting_readiness,white_potato,False,long_grain_rice,Long-grain rice,False,22,,52.71,not_recommended,51.0,low,83.0,unsupported_region|far_outside_planting_window|required_irrigation_unavailable,unsupported_region|far_outside_planting_window|required_irrigation_unavailable,data/scenarios/results/plains_south_plainview/no_irrigation.json
plains_south_plainview,plains,reliable_irrigation,plains_south_plainview_reliable_irrigation,plains_south_plainview_evidence,planting_readiness,white_potato,False,alfalfa_hay,Alfalfa grown for hay,True,1,1,76.63,recommended,58.68,low,83.0,,,data/scenarios/results/plains_south_plainview/reliable_irrigation.json
plains_south_plainview,plains,reliable_irrigation,plains_south_plainview_reliable_irrigation,plains_south_plainview_evidence,planting_readiness,white_potato,False,fresh_market_spinach,Fresh-market spinach,True,2,2,74.91,conditional,67.01,medium,83.0,,,data/scenarios/results/plains_south_plainview/reliable_irrigation.json
plains_south_plainview,plains,reliable_irrigation,plains_south_plainview_reliable_irrigation,plains_south_plainview_evidence,planting_readiness,white_potato,True,white_potato,White potato,True,3,3,70.75,conditional,58.68,low,83.0,,,data/scenarios/results/plains_south_plainview/reliable_irrigation.json
plains_south_plainview,plains,reliable_irrigation,plains_south_plainview_reliable_irrigation,plains_south_plainview_evidence,planting_readiness,white_potato,False,oilseed_sunflower,Oilseed sunflower,True,4,4,68.4,conditional,58.68,low,83.0,,,data/scenarios/results/plains_south_plainview/reliable_irrigation.json
plains_south_plainview,plains,reliable_irrigation,plains_south_plainview_reliable_irrigation,plains_south_plainview_evidence,planting_readiness,white_potato,False,fresh_market_cabbage,Fresh-market cabbage,True,5,5,68.34,conditional,67.01,medium,83.0,,,data/scenarios/results/plains_south_plainview/reliable_irrigation.json
plains_south_plainview,plains,reliable_irrigation,plains_south_plainview_reliable_irrigation,plains_south_plainview_evidence,planting_readiness,white_potato,False,annual_ryegrass_forage,Annual ryegrass grown for forage,True,6,6,57.84,conditional,56.51,low,80.0,,,data/scenarios/results/plains_south_plainview/reliable_irrigation.json
plains_south_plainview,plains,reliable_irrigation,plains_south_plainview_reliable_irrigation,plains_south_plainview_evidence,planting_readiness,white_potato,False,hard_red_winter_wheat,Hard red winter wheat,True,7,7,56.9,conditional,69.08,medium,100.0,,,data/scenarios/results/plains_south_plainview/reliable_irrigation.json
plains_south_plainview,plains,reliable_irrigation,plains_south_plainview_reliable_irrigation,plains_south_plainview_evidence,planting_readiness,white_potato,False,corn_grain,Corn grown for grain,True,8,8,54.0,not_recommended,69.08,medium,100.0,far_outside_planting_window,far_outside_planting_window,data/scenarios/results/plains_south_plainview/reliable_irrigation.json
plains_south_plainview,plains,reliable_irrigation,plains_south_plainview_reliable_irrigation,plains_south_plainview_evidence,planting_readiness,white_potato,False,corn_silage,Corn grown for silage,True,9,9,54.0,not_recommended,69.08,medium,100.0,far_outside_planting_window,far_outside_planting_window,data/scenarios/results/plains_south_plainview/reliable_irrigation.json
plains_south_plainview,plains,reliable_irrigation,plains_south_plainview_reliable_irrigation,plains_south_plainview_evidence,planting_readiness,white_potato,False,grain_sorghum,Grain sorghum,True,10,10,54.0,not_recommended,69.08,medium,100.0,far_outside_planting_window,far_outside_planting_window,data/scenarios/results/plains_south_plainview/reliable_irrigation.json
plains_south_plainview,plains,reliable_irrigation,plains_south_plainview_reliable_irrigation,plains_south_plainview_evidence,planting_readiness,white_potato,False,soybean,Soybean,True,11,11,54.0,not_recommended,69.08,medium,100.0,far_outside_planting_window,far_outside_planting_window,data/scenarios/results/plains_south_plainview/reliable_irrigation.json
plains_south_plainview,plains,reliable_irrigation,plains_south_plainview_reliable_irrigation,plains_south_plainview_evidence,planting_readiness,white_potato,False,upland_cotton,Upland cotton,True,12,12,54.0,not_recommended,69.08,medium,100.0,far_outside_planting_window,far_outside_planting_window,data/scenarios/results/plains_south_plainview/reliable_irrigation.json
plains_south_plainview,plains,reliable_irrigation,plains_south_plainview_reliable_irrigation,plains_south_plainview_evidence,planting_readiness,white_potato,False,dry_bulb_onion,Dry-bulb onion,True,13,13,54.0,not_recommended,67.01,medium,83.0,far_outside_planting_window,far_outside_planting_window,data/scenarios/results/plains_south_plainview/reliable_irrigation.json
plains_south_plainview,plains,reliable_irrigation,plains_south_plainview_reliable_irrigation,plains_south_plainview_evidence,planting_readiness,white_potato,False,seedless_watermelon,Seedless watermelon,True,14,14,54.0,not_recommended,67.01,medium,83.0,far_outside_planting_window,far_outside_planting_window,data/scenarios/results/plains_south_plainview/reliable_irrigation.json
plains_south_plainview,plains,reliable_irrigation,plains_south_plainview_reliable_irrigation,plains_south_plainview_evidence,planting_readiness,white_potato,False,forage_sorghum,Forage sorghum,True,15,15,54.0,not_recommended,58.68,low,83.0,far_outside_planting_window,far_outside_planting_window,data/scenarios/results/plains_south_plainview/reliable_irrigation.json
plains_south_plainview,plains,reliable_irrigation,plains_south_plainview_reliable_irrigation,plains_south_plainview_evidence,planting_readiness,white_potato,False,runner_peanut,Runner-type peanut,True,16,16,54.0,not_recommended,58.68,low,83.0,far_outside_planting_window,far_outside_planting_window,data/scenarios/results/plains_south_plainview/reliable_irrigation.json
plains_south_plainview,plains,reliable_irrigation,plains_south_plainview_reliable_irrigation,plains_south_plainview_evidence,planting_readiness,white_potato,False,sorghum_sudangrass,Sorghum-sudangrass,True,17,17,54.0,not_recommended,58.68,low,83.0,far_outside_planting_window,far_outside_planting_window,data/scenarios/results/plains_south_plainview/reliable_irrigation.json
plains_south_plainview,plains,reliable_irrigation,plains_south_plainview_reliable_irrigation,plains_south_plainview_evidence,planting_readiness,white_potato,False,sweet_potato,Sweet potato,True,18,18,54.0,not_recommended,58.68,low,83.0,far_outside_planting_window,far_outside_planting_window,data/scenarios/results/plains_south_plainview/reliable_irrigation.json
plains_south_plainview,plains,reliable_irrigation,plains_south_plainview_reliable_irrigation,plains_south_plainview_evidence,planting_readiness,white_potato,False,bermudagrass_hay,Bermudagrass grown for hay,True,19,19,54.0,not_recommended,56.51,low,80.0,far_outside_planting_window,far_outside_planting_window,data/scenarios/results/plains_south_plainview/reliable_irrigation.json
plains_south_plainview,plains,reliable_irrigation,plains_south_plainview_reliable_irrigation,plains_south_plainview_evidence,planting_readiness,white_potato,False,sesame,Sesame,True,20,20,54.0,not_recommended,48.2,low,80.0,far_outside_planting_window,far_outside_planting_window,data/scenarios/results/plains_south_plainview/reliable_irrigation.json
plains_south_plainview,plains,reliable_irrigation,plains_south_plainview_reliable_irrigation,plains_south_plainview_evidence,planting_readiness,white_potato,False,grain_oats,Grain oats,True,21,21,51.27,not_recommended,69.08,medium,100.0,,,data/scenarios/results/plains_south_plainview/reliable_irrigation.json
plains_south_plainview,plains,reliable_irrigation,plains_south_plainview_reliable_irrigation,plains_south_plainview_evidence,planting_readiness,white_potato,False,long_grain_rice,Long-grain rice,False,22,,54.0,not_recommended,51.0,low,83.0,unsupported_region|far_outside_planting_window,unsupported_region|far_outside_planting_window,data/scenarios/results/plains_south_plainview/reliable_irrigation.json
plains_south_plainview,plains,missing_irrigation_lab_ph_override,plains_south_plainview_missing_irrigation_lab_ph_override,plains_south_plainview_evidence,planting_readiness,white_potato,False,alfalfa_hay,Alfalfa grown for hay,True,1,1,77.34,recommended,57.23,low,79.0,,,data/scenarios/results/plains_south_plainview/missing_irrigation_lab_ph_override.json
plains_south_plainview,plains,missing_irrigation_lab_ph_override,plains_south_plainview_missing_irrigation_lab_ph_override,plains_south_plainview_evidence,planting_readiness,white_potato,False,fresh_market_spinach,Fresh-market spinach,True,2,2,73.64,conditional,65.31,medium,79.0,,,data/scenarios/results/plains_south_plainview/missing_irrigation_lab_ph_override.json
plains_south_plainview,plains,missing_irrigation_lab_ph_override,plains_south_plainview_missing_irrigation_lab_ph_override,plains_south_plainview_evidence,planting_readiness,white_potato,True,white_potato,White potato,True,3,3,69.27,conditional,57.23,low,79.0,,,data/scenarios/results/plains_south_plainview/missing_irrigation_lab_ph_override.json
plains_south_plainview,plains,missing_irrigation_lab_ph_override,plains_south_plainview_missing_irrigation_lab_ph_override,plains_south_plainview_evidence,planting_readiness,white_potato,False,oilseed_sunflower,Oilseed sunflower,True,4,4,68.7,conditional,57.23,low,79.0,,,data/scenarios/results/plains_south_plainview/missing_irrigation_lab_ph_override.json
plains_south_plainview,plains,missing_irrigation_lab_ph_override,plains_south_plainview_missing_irrigation_lab_ph_override,plains_south_plainview_evidence,planting_readiness,white_potato,False,fresh_market_cabbage,Fresh-market cabbage,True,5,5,68.64,conditional,65.31,medium,79.0,,,data/scenarios/results/plains_south_plainview/missing_irrigation_lab_ph_override.json
plains_south_plainview,plains,missing_irrigation_lab_ph_override,plains_south_plainview_missing_irrigation_lab_ph_override,plains_south_plainview_evidence,planting_readiness,white_potato,False,annual_ryegrass_forage,Annual ryegrass grown for forage,True,6,6,59.97,conditional,55.07,low,76.0,,,data/scenarios/results/plains_south_plainview/missing_irrigation_lab_ph_override.json
plains_south_plainview,plains,missing_irrigation_lab_ph_override,plains_south_plainview_missing_irrigation_lab_ph_override,plains_south_plainview_evidence,planting_readiness,white_potato,False,hard_red_winter_wheat,Hard red winter wheat,True,7,7,58.54,conditional,67.64,medium,96.0,,,data/scenarios/results/plains_south_plainview/missing_irrigation_lab_ph_override.json
plains_south_plainview,plains,missing_irrigation_lab_ph_override,plains_south_plainview_missing_irrigation_lab_ph_override,plains_south_plainview_evidence,planting_readiness,white_potato,False,corn_grain,Corn grown for grain,True,8,8,54.0,not_recommended,67.64,medium,96.0,far_outside_planting_window,far_outside_planting_window,data/scenarios/results/plains_south_plainview/missing_irrigation_lab_ph_override.json
plains_south_plainview,plains,missing_irrigation_lab_ph_override,plains_south_plainview_missing_irrigation_lab_ph_override,plains_south_plainview_evidence,planting_readiness,white_potato,False,corn_silage,Corn grown for silage,True,9,9,54.0,not_recommended,67.64,medium,96.0,far_outside_planting_window,far_outside_planting_window,data/scenarios/results/plains_south_plainview/missing_irrigation_lab_ph_override.json
plains_south_plainview,plains,missing_irrigation_lab_ph_override,plains_south_plainview_missing_irrigation_lab_ph_override,plains_south_plainview_evidence,planting_readiness,white_potato,False,grain_sorghum,Grain sorghum,True,10,10,54.0,not_recommended,67.64,medium,96.0,far_outside_planting_window,far_outside_planting_window,data/scenarios/results/plains_south_plainview/missing_irrigation_lab_ph_override.json
plains_south_plainview,plains,missing_irrigation_lab_ph_override,plains_south_plainview_missing_irrigation_lab_ph_override,plains_south_plainview_evidence,planting_readiness,white_potato,False,soybean,Soybean,True,11,11,54.0,not_recommended,67.64,medium,96.0,far_outside_planting_window,far_outside_planting_window,data/scenarios/results/plains_south_plainview/missing_irrigation_lab_ph_override.json
plains_south_plainview,plains,missing_irrigation_lab_ph_override,plains_south_plainview_missing_irrigation_lab_ph_override,plains_south_plainview_evidence,planting_readiness,white_potato,False,upland_cotton,Upland cotton,True,12,12,54.0,not_recommended,67.64,medium,96.0,far_outside_planting_window,far_outside_planting_window,data/scenarios/results/plains_south_plainview/missing_irrigation_lab_ph_override.json
plains_south_plainview,plains,missing_irrigation_lab_ph_override,plains_south_plainview_missing_irrigation_lab_ph_override,plains_south_plainview_evidence,planting_readiness,white_potato,False,dry_bulb_onion,Dry-bulb onion,True,13,13,54.0,not_recommended,65.31,medium,79.0,far_outside_planting_window,far_outside_planting_window,data/scenarios/results/plains_south_plainview/missing_irrigation_lab_ph_override.json
plains_south_plainview,plains,missing_irrigation_lab_ph_override,plains_south_plainview_missing_irrigation_lab_ph_override,plains_south_plainview_evidence,planting_readiness,white_potato,False,seedless_watermelon,Seedless watermelon,True,14,14,54.0,not_recommended,65.31,medium,79.0,far_outside_planting_window,far_outside_planting_window,data/scenarios/results/plains_south_plainview/missing_irrigation_lab_ph_override.json
plains_south_plainview,plains,missing_irrigation_lab_ph_override,plains_south_plainview_missing_irrigation_lab_ph_override,plains_south_plainview_evidence,planting_readiness,white_potato,False,forage_sorghum,Forage sorghum,True,15,15,54.0,not_recommended,57.23,low,79.0,far_outside_planting_window,far_outside_planting_window,data/scenarios/results/plains_south_plainview/missing_irrigation_lab_ph_override.json
plains_south_plainview,plains,missing_irrigation_lab_ph_override,plains_south_plainview_missing_irrigation_lab_ph_override,plains_south_plainview_evidence,planting_readiness,white_potato,False,runner_peanut,Runner-type peanut,True,16,16,54.0,not_recommended,57.23,low,79.0,far_outside_planting_window,far_outside_planting_window,data/scenarios/results/plains_south_plainview/missing_irrigation_lab_ph_override.json
plains_south_plainview,plains,missing_irrigation_lab_ph_override,plains_south_plainview_missing_irrigation_lab_ph_override,plains_south_plainview_evidence,planting_readiness,white_potato,False,sorghum_sudangrass,Sorghum-sudangrass,True,17,17,54.0,not_recommended,57.23,low,79.0,far_outside_planting_window,far_outside_planting_window,data/scenarios/results/plains_south_plainview/missing_irrigation_lab_ph_override.json
plains_south_plainview,plains,missing_irrigation_lab_ph_override,plains_south_plainview_missing_irrigation_lab_ph_override,plains_south_plainview_evidence,planting_readiness,white_potato,False,sweet_potato,Sweet potato,True,18,18,54.0,not_recommended,57.23,low,79.0,far_outside_planting_window,far_outside_planting_window,data/scenarios/results/plains_south_plainview/missing_irrigation_lab_ph_override.json
plains_south_plainview,plains,missing_irrigation_lab_ph_override,plains_south_plainview_missing_irrigation_lab_ph_override,plains_south_plainview_evidence,planting_readiness,white_potato,False,bermudagrass_hay,Bermudagrass grown for hay,True,19,19,54.0,not_recommended,55.07,low,76.0,far_outside_planting_window,far_outside_planting_window,data/scenarios/results/plains_south_plainview/missing_irrigation_lab_ph_override.json
plains_south_plainview,plains,missing_irrigation_lab_ph_override,plains_south_plainview_missing_irrigation_lab_ph_override,plains_south_plainview_evidence,planting_readiness,white_potato,False,sesame,Sesame,True,20,20,54.0,not_recommended,47.01,low,76.0,far_outside_planting_window,far_outside_planting_window,data/scenarios/results/plains_south_plainview/missing_irrigation_lab_ph_override.json
plains_south_plainview,plains,missing_irrigation_lab_ph_override,plains_south_plainview_missing_irrigation_lab_ph_override,plains_south_plainview_evidence,planting_readiness,white_potato,False,grain_oats,Grain oats,True,21,21,52.68,not_recommended,67.64,medium,96.0,,,data/scenarios/results/plains_south_plainview/missing_irrigation_lab_ph_override.json
plains_south_plainview,plains,missing_irrigation_lab_ph_override,plains_south_plainview_missing_irrigation_lab_ph_override,plains_south_plainview_evidence,planting_readiness,white_potato,False,long_grain_rice,Long-grain rice,False,22,,54.0,not_recommended,49.56,low,79.0,unsupported_region|far_outside_planting_window,unsupported_region|far_outside_planting_window,data/scenarios/results/plains_south_plainview/missing_irrigation_lab_ph_override.json
plains_rolling_vernon,plains,in_season_baseline,plains_rolling_vernon_in_season_baseline,plains_rolling_vernon_evidence,planting_readiness,white_potato,False,alfalfa_hay,Alfalfa grown for hay,True,1,1,69.16,conditional,58.68,low,83.0,,,data/scenarios/results/plains_rolling_vernon/in_season_baseline.json
plains_rolling_vernon,plains,in_season_baseline,plains_rolling_vernon_in_season_baseline,plains_rolling_vernon_evidence,planting_readiness,white_potato,False,fresh_market_spinach,Fresh-market spinach,True,2,2,63.22,conditional,67.01,medium,83.0,,,data/scenarios/results/plains_rolling_vernon/in_season_baseline.json
plains_rolling_vernon,plains,in_season_baseline,plains_rolling_vernon_in_season_baseline,plains_rolling_vernon_evidence,planting_readiness,white_potato,True,white_potato,White potato,True,3,3,62.68,conditional,58.68,low,83.0,,,data/scenarios/results/plains_rolling_vernon/in_season_baseline.json
plains_rolling_vernon,plains,in_season_baseline,plains_rolling_vernon_in_season_baseline,plains_rolling_vernon_evidence,planting_readiness,white_potato,False,oilseed_sunflower,Oilseed sunflower,True,4,4,62.62,conditional,58.68,low,83.0,,,data/scenarios/results/plains_rolling_vernon/in_season_baseline.json
plains_rolling_vernon,plains,in_season_baseline,plains_rolling_vernon_in_season_baseline,plains_rolling_vernon_evidence,planting_readiness,white_potato,False,fresh_market_cabbage,Fresh-market cabbage,True,5,5,62.2,conditional,67.01,medium,83.0,,,data/scenarios/results/plains_rolling_vernon/in_season_baseline.json
plains_rolling_vernon,plains,in_season_baseline,plains_rolling_vernon_in_season_baseline,plains_rolling_vernon_evidence,planting_readiness,white_potato,False,corn_grain,Corn grown for grain,True,6,6,54.0,not_recommended,69.08,medium,100.0,far_outside_planting_window,far_outside_planting_window,data/scenarios/results/plains_rolling_vernon/in_season_baseline.json
plains_rolling_vernon,plains,in_season_baseline,plains_rolling_vernon_in_season_baseline,plains_rolling_vernon_evidence,planting_readiness,white_potato,False,corn_silage,Corn grown for silage,True,7,7,54.0,not_recommended,69.08,medium,100.0,far_outside_planting_window,far_outside_planting_window,data/scenarios/results/plains_rolling_vernon/in_season_baseline.json
plains_rolling_vernon,plains,in_season_baseline,plains_rolling_vernon_in_season_baseline,plains_rolling_vernon_evidence,planting_readiness,white_potato,False,grain_sorghum,Grain sorghum,True,8,8,54.0,not_recommended,69.08,medium,100.0,far_outside_planting_window,far_outside_planting_window,data/scenarios/results/plains_rolling_vernon/in_season_baseline.json
plains_rolling_vernon,plains,in_season_baseline,plains_rolling_vernon_in_season_baseline,plains_rolling_vernon_evidence,planting_readiness,white_potato,False,upland_cotton,Upland cotton,True,9,9,54.0,not_recommended,69.08,medium,100.0,far_outside_planting_window,far_outside_planting_window,data/scenarios/results/plains_rolling_vernon/in_season_baseline.json
plains_rolling_vernon,plains,in_season_baseline,plains_rolling_vernon_in_season_baseline,plains_rolling_vernon_evidence,planting_readiness,white_potato,False,seedless_watermelon,Seedless watermelon,True,10,10,54.0,not_recommended,67.01,medium,83.0,far_outside_planting_window,far_outside_planting_window,data/scenarios/results/plains_rolling_vernon/in_season_baseline.json
plains_rolling_vernon,plains,in_season_baseline,plains_rolling_vernon_in_season_baseline,plains_rolling_vernon_evidence,planting_readiness,white_potato,False,forage_sorghum,Forage sorghum,True,11,11,54.0,not_recommended,58.68,low,83.0,far_outside_planting_window,far_outside_planting_window,data/scenarios/results/plains_rolling_vernon/in_season_baseline.json
plains_rolling_vernon,plains,in_season_baseline,plains_rolling_vernon_in_season_baseline,plains_rolling_vernon_evidence,planting_readiness,white_potato,False,runner_peanut,Runner-type peanut,True,12,12,54.0,not_recommended,58.68,low,83.0,far_outside_planting_window,far_outside_planting_window,data/scenarios/results/plains_rolling_vernon/in_season_baseline.json
plains_rolling_vernon,plains,in_season_baseline,plains_rolling_vernon_in_season_baseline,plains_rolling_vernon_evidence,planting_readiness,white_potato,False,sorghum_sudangrass,Sorghum-sudangrass,True,13,13,54.0,not_recommended,58.68,low,83.0,far_outside_planting_window,far_outside_planting_window,data/scenarios/results/plains_rolling_vernon/in_season_baseline.json
plains_rolling_vernon,plains,in_season_baseline,plains_rolling_vernon_in_season_baseline,plains_rolling_vernon_evidence,planting_readiness,white_potato,False,sweet_potato,Sweet potato,True,14,14,54.0,not_recommended,58.68,low,83.0,far_outside_planting_window,far_outside_planting_window,data/scenarios/results/plains_rolling_vernon/in_season_baseline.json
plains_rolling_vernon,plains,in_season_baseline,plains_rolling_vernon_in_season_baseline,plains_rolling_vernon_evidence,planting_readiness,white_potato,False,bermudagrass_hay,Bermudagrass grown for hay,True,15,15,54.0,not_recommended,56.51,low,80.0,far_outside_planting_window,far_outside_planting_window,data/scenarios/results/plains_rolling_vernon/in_season_baseline.json
plains_rolling_vernon,plains,in_season_baseline,plains_rolling_vernon_in_season_baseline,plains_rolling_vernon_evidence,planting_readiness,white_potato,False,sesame,Sesame,True,16,16,54.0,not_recommended,48.2,low,80.0,far_outside_planting_window,far_outside_planting_window,data/scenarios/results/plains_rolling_vernon/in_season_baseline.json
plains_rolling_vernon,plains,in_season_baseline,plains_rolling_vernon_in_season_baseline,plains_rolling_vernon_evidence,planting_readiness,white_potato,False,hard_red_winter_wheat,Hard red winter wheat,True,17,17,53.9,not_recommended,69.08,medium,100.0,,,data/scenarios/results/plains_rolling_vernon/in_season_baseline.json
plains_rolling_vernon,plains,in_season_baseline,plains_rolling_vernon_in_season_baseline,plains_rolling_vernon_evidence,planting_readiness,white_potato,False,annual_ryegrass_forage,Annual ryegrass grown for forage,True,18,18,52.72,not_recommended,56.51,low,80.0,,,data/scenarios/results/plains_rolling_vernon/in_season_baseline.json
plains_rolling_vernon,plains,in_season_baseline,plains_rolling_vernon_in_season_baseline,plains_rolling_vernon_evidence,planting_readiness,white_potato,False,soybean,Soybean,True,19,19,50.83,not_recommended,69.08,medium,100.0,far_outside_planting_window,far_outside_planting_window,data/scenarios/results/plains_rolling_vernon/in_season_baseline.json
plains_rolling_vernon,plains,in_season_baseline,plains_rolling_vernon_in_season_baseline,plains_rolling_vernon_evidence,planting_readiness,white_potato,False,dry_bulb_onion,Dry-bulb onion,True,20,20,50.51,not_recommended,67.01,medium,83.0,far_outside_planting_window,far_outside_planting_window,data/scenarios/results/plains_rolling_vernon/in_season_baseline.json
plains_rolling_vernon,plains,in_season_baseline,plains_rolling_vernon_in_season_baseline,plains_rolling_vernon_evidence,planting_readiness,white_potato,False,grain_oats,Grain oats,True,21,21,48.98,not_recommended,69.08,medium,100.0,,,data/scenarios/results/plains_rolling_vernon/in_season_baseline.json
plains_rolling_vernon,plains,in_season_baseline,plains_rolling_vernon_in_season_baseline,plains_rolling_vernon_evidence,planting_readiness,white_potato,False,long_grain_rice,Long-grain rice,False,22,,51.02,not_recommended,51.0,low,83.0,unsupported_region|far_outside_planting_window,unsupported_region|far_outside_planting_window,data/scenarios/results/plains_rolling_vernon/in_season_baseline.json
plains_rolling_vernon,plains,out_of_season,plains_rolling_vernon_out_of_season,plains_rolling_vernon_evidence,planning,white_potato,False,hard_red_winter_wheat,Hard red winter wheat,True,1,1,80.83,recommended,40.49,low,60.0,,,data/scenarios/results/plains_rolling_vernon/out_of_season.json
plains_rolling_vernon,plains,out_of_season,plains_rolling_vernon_out_of_season,plains_rolling_vernon_evidence,planning,white_potato,False,alfalfa_hay,Alfalfa grown for hay,True,2,2,71.08,conditional,40.49,low,60.0,,,data/scenarios/results/plains_rolling_vernon/out_of_season.json
plains_rolling_vernon,plains,out_of_season,plains_rolling_vernon_out_of_season,plains_rolling_vernon_evidence,planning,white_potato,False,annual_ryegrass_forage,Annual ryegrass grown for forage,True,3,3,69.62,conditional,40.49,low,60.0,,,data/scenarios/results/plains_rolling_vernon/out_of_season.json
plains_rolling_vernon,plains,out_of_season,plains_rolling_vernon_out_of_season,plains_rolling_vernon_evidence,planning,white_potato,False,grain_oats,Grain oats,True,4,4,66.46,conditional,40.49,low,60.0,,,data/scenarios/results/plains_rolling_vernon/out_of_season.json
plains_rolling_vernon,plains,out_of_season,plains_rolling_vernon_out_of_season,plains_rolling_vernon_evidence,planning,white_potato,False,fresh_market_spinach,Fresh-market spinach,True,5,5,64.54,conditional,47.11,low,60.0,,,data/scenarios/results/plains_rolling_vernon/out_of_season.json
plains_rolling_vernon,plains,out_of_season,plains_rolling_vernon_out_of_season,plains_rolling_vernon_evidence,planning,white_potato,False,dry_bulb_onion,Dry-bulb onion,True,6,6,54.0,not_recommended,47.11,low,60.0,far_outside_planting_window,far_outside_planting_window,data/scenarios/results/plains_rolling_vernon/out_of_season.json
plains_rolling_vernon,plains,out_of_season,plains_rolling_vernon_out_of_season,plains_rolling_vernon_evidence,planning,white_potato,False,fresh_market_cabbage,Fresh-market cabbage,True,7,7,54.0,not_recommended,47.11,low,60.0,far_outside_planting_window,far_outside_planting_window,data/scenarios/results/plains_rolling_vernon/out_of_season.json
plains_rolling_vernon,plains,out_of_season,plains_rolling_vernon_out_of_season,plains_rolling_vernon_evidence,planning,white_potato,False,bermudagrass_hay,Bermudagrass grown for hay,True,8,8,54.0,not_recommended,40.49,low,60.0,far_outside_planting_window,far_outside_planting_window,data/scenarios/results/plains_rolling_vernon/out_of_season.json
plains_rolling_vernon,plains,out_of_season,plains_rolling_vernon_out_of_season,plains_rolling_vernon_evidence,planning,white_potato,False,corn_grain,Corn grown for grain,True,9,9,54.0,not_recommended,40.49,low,60.0,far_outside_planting_window,far_outside_planting_window,data/scenarios/results/plains_rolling_vernon/out_of_season.json
plains_rolling_vernon,plains,out_of_season,plains_rolling_vernon_out_of_season,plains_rolling_vernon_evidence,planning,white_potato,False,corn_silage,Corn grown for silage,True,10,10,54.0,not_recommended,40.49,low,60.0,far_outside_planting_window,far_outside_planting_window,data/scenarios/results/plains_rolling_vernon/out_of_season.json
plains_rolling_vernon,plains,out_of_season,plains_rolling_vernon_out_of_season,plains_rolling_vernon_evidence,planning,white_potato,False,forage_sorghum,Forage sorghum,True,11,11,54.0,not_recommended,40.49,low,60.0,far_outside_planting_window,far_outside_planting_window,data/scenarios/results/plains_rolling_vernon/out_of_season.json
plains_rolling_vernon,plains,out_of_season,plains_rolling_vernon_out_of_season,plains_rolling_vernon_evidence,planning,white_potato,False,grain_sorghum,Grain sorghum,True,12,12,54.0,not_recommended,40.49,low,60.0,far_outside_planting_window,far_outside_planting_window,data/scenarios/results/plains_rolling_vernon/out_of_season.json
plains_rolling_vernon,plains,out_of_season,plains_rolling_vernon_out_of_season,plains_rolling_vernon_evidence,planning,white_potato,False,oilseed_sunflower,Oilseed sunflower,True,13,13,54.0,not_recommended,40.49,low,60.0,far_outside_planting_window,far_outside_planting_window,data/scenarios/results/plains_rolling_vernon/out_of_season.json
plains_rolling_vernon,plains,out_of_season,plains_rolling_vernon_out_of_season,plains_rolling_vernon_evidence,planning,white_potato,False,runner_peanut,Runner-type peanut,True,14,14,54.0,not_recommended,40.49,low,60.0,far_outside_planting_window,far_outside_planting_window,data/scenarios/results/plains_rolling_vernon/out_of_season.json
plains_rolling_vernon,plains,out_of_season,plains_rolling_vernon_out_of_season,plains_rolling_vernon_evidence,planning,white_potato,False,sorghum_sudangrass,Sorghum-sudangrass,True,15,15,54.0,not_recommended,40.49,low,60.0,far_outside_planting_window,far_outside_planting_window,data/scenarios/results/plains_rolling_vernon/out_of_season.json
plains_rolling_vernon,plains,out_of_season,plains_rolling_vernon_out_of_season,plains_rolling_vernon_evidence,planning,white_potato,False,sweet_potato,Sweet potato,True,16,16,54.0,not_recommended,40.49,low,60.0,far_outside_planting_window,far_outside_planting_window,data/scenarios/results/plains_rolling_vernon/out_of_season.json
plains_rolling_vernon,plains,out_of_season,plains_rolling_vernon_out_of_season,plains_rolling_vernon_evidence,planning,white_potato,False,upland_cotton,Upland cotton,True,17,17,54.0,not_recommended,40.49,low,60.0,far_outside_planting_window,far_outside_planting_window,data/scenarios/results/plains_rolling_vernon/out_of_season.json
plains_rolling_vernon,plains,out_of_season,plains_rolling_vernon_out_of_season,plains_rolling_vernon_evidence,planning,white_potato,True,white_potato,White potato,True,18,18,54.0,not_recommended,40.49,low,60.0,far_outside_planting_window,far_outside_planting_window,data/scenarios/results/plains_rolling_vernon/out_of_season.json
plains_rolling_vernon,plains,out_of_season,plains_rolling_vernon_out_of_season,plains_rolling_vernon_evidence,planning,white_potato,False,sesame,Sesame,True,19,19,54.0,not_recommended,33.5,low,60.0,far_outside_planting_window,far_outside_planting_window,data/scenarios/results/plains_rolling_vernon/out_of_season.json
plains_rolling_vernon,plains,out_of_season,plains_rolling_vernon_out_of_season,plains_rolling_vernon_evidence,planning,white_potato,False,seedless_watermelon,Seedless watermelon,True,20,20,53.38,not_recommended,47.11,low,60.0,far_outside_planting_window,far_outside_planting_window,data/scenarios/results/plains_rolling_vernon/out_of_season.json
plains_rolling_vernon,plains,out_of_season,plains_rolling_vernon_out_of_season,plains_rolling_vernon_evidence,planning,white_potato,False,soybean,Soybean,True,21,21,53.04,not_recommended,40.49,low,60.0,far_outside_planting_window,far_outside_planting_window,data/scenarios/results/plains_rolling_vernon/out_of_season.json
plains_rolling_vernon,plains,out_of_season,plains_rolling_vernon_out_of_season,plains_rolling_vernon_evidence,planning,white_potato,False,long_grain_rice,Long-grain rice,False,22,,39.33,not_recommended,32.81,low,60.0,unsupported_region|far_outside_planting_window,unsupported_region|far_outside_planting_window,data/scenarios/results/plains_rolling_vernon/out_of_season.json
plains_rolling_vernon,plains,no_irrigation,plains_rolling_vernon_no_irrigation,plains_rolling_vernon_evidence,planting_readiness,white_potato,False,oilseed_sunflower,Oilseed sunflower,True,1,1,62.62,conditional,58.68,low,83.0,,,data/scenarios/results/plains_rolling_vernon/no_irrigation.json
plains_rolling_vernon,plains,no_irrigation,plains_rolling_vernon_no_irrigation,plains_rolling_vernon_evidence,planting_readiness,white_potato,False,fresh_market_spinach,Fresh-market spinach,True,2,2,61.54,conditional,67.01,medium,83.0,,,data/scenarios/results/plains_rolling_vernon/no_irrigation.json
plains_rolling_vernon,plains,no_irrigation,plains_rolling_vernon_no_irrigation,plains_rolling_vernon_evidence,planting_readiness,white_potato,True,white_potato,White potato,True,3,3,60.99,conditional,58.68,low,83.0,,,data/scenarios/results/plains_rolling_vernon/no_irrigation.json
plains_rolling_vernon,plains,no_irrigation,plains_rolling_vernon_no_irrigation,plains_rolling_vernon_evidence,planting_readiness,white_potato,False,fresh_market_cabbage,Fresh-market cabbage,True,4,4,60.51,conditional,67.01,medium,83.0,,,data/scenarios/results/plains_rolling_vernon/no_irrigation.json
plains_rolling_vernon,plains,no_irrigation,plains_rolling_vernon_no_irrigation,plains_rolling_vernon_evidence,planting_readiness,white_potato,False,corn_grain,Corn grown for grain,True,5,5,54.0,not_recommended,69.08,medium,100.0,far_outside_planting_window,far_outside_planting_window,data/scenarios/results/plains_rolling_vernon/no_irrigation.json
plains_rolling_vernon,plains,no_irrigation,plains_rolling_vernon_no_irrigation,plains_rolling_vernon_evidence,planting_readiness,white_potato,False,grain_sorghum,Grain sorghum,True,6,6,54.0,not_recommended,69.08,medium,100.0,far_outside_planting_window,far_outside_planting_window,data/scenarios/results/plains_rolling_vernon/no_irrigation.json
plains_rolling_vernon,plains,no_irrigation,plains_rolling_vernon_no_irrigation,plains_rolling_vernon_evidence,planting_readiness,white_potato,False,upland_cotton,Upland cotton,True,7,7,54.0,not_recommended,69.08,medium,100.0,far_outside_planting_window,far_outside_planting_window,data/scenarios/results/plains_rolling_vernon/no_irrigation.json
plains_rolling_vernon,plains,no_irrigation,plains_rolling_vernon_no_irrigation,plains_rolling_vernon_evidence,planting_readiness,white_potato,False,seedless_watermelon,Seedless watermelon,True,8,8,54.0,not_recommended,67.01,medium,83.0,far_outside_planting_window,far_outside_planting_window,data/scenarios/results/plains_rolling_vernon/no_irrigation.json
plains_rolling_vernon,plains,no_irrigation,plains_rolling_vernon_no_irrigation,plains_rolling_vernon_evidence,planting_readiness,white_potato,False,alfalfa_hay,Alfalfa grown for hay,True,9,9,54.0,not_recommended,58.68,low,83.0,required_irrigation_unavailable,required_irrigation_unavailable,data/scenarios/results/plains_rolling_vernon/no_irrigation.json
plains_rolling_vernon,plains,no_irrigation,plains_rolling_vernon_no_irrigation,plains_rolling_vernon_evidence,planting_readiness,white_potato,False,forage_sorghum,Forage sorghum,True,10,10,54.0,not_recommended,58.68,low,83.0,far_outside_planting_window,far_outside_planting_window,data/scenarios/results/plains_rolling_vernon/no_irrigation.json
plains_rolling_vernon,plains,no_irrigation,plains_rolling_vernon_no_irrigation,plains_rolling_vernon_evidence,planting_readiness,white_potato,False,runner_peanut,Runner-type peanut,True,11,11,54.0,not_recommended,58.68,low,83.0,far_outside_planting_window,far_outside_planting_window,data/scenarios/results/plains_rolling_vernon/no_irrigation.json
plains_rolling_vernon,plains,no_irrigation,plains_rolling_vernon_no_irrigation,plains_rolling_vernon_evidence,planting_readiness,white_potato,False,sorghum_sudangrass,Sorghum-sudangrass,True,12,12,54.0,not_recommended,58.68,low,83.0,far_outside_planting_window,far_outside_planting_window,data/scenarios/results/plains_rolling_vernon/no_irrigation.json
plains_rolling_vernon,plains,no_irrigation,plains_rolling_vernon_no_irrigation,plains_rolling_vernon_evidence,planting_readiness,white_potato,False,sweet_potato,Sweet potato,True,13,13,54.0,not_recommended,58.68,low,83.0,far_outside_planting_window,far_outside_planting_window,data/scenarios/results/plains_rolling_vernon/no_irrigation.json
plains_rolling_vernon,plains,no_irrigation,plains_rolling_vernon_no_irrigation,plains_rolling_vernon_evidence,planting_readiness,white_potato,False,bermudagrass_hay,Bermudagrass grown for hay,True,14,14,54.0,not_recommended,56.51,low,80.0,far_outside_planting_window,far_outside_planting_window,data/scenarios/results/plains_rolling_vernon/no_irrigation.json
plains_rolling_vernon,plains,no_irrigation,plains_rolling_vernon_no_irrigation,plains_rolling_vernon_evidence,planting_readiness,white_potato,False,sesame,Sesame,True,15,15,54.0,not_recommended,48.2,low,80.0,far_outside_planting_window,far_outside_planting_window,data/scenarios/results/plains_rolling_vernon/no_irrigation.json
plains_rolling_vernon,plains,no_irrigation,plains_rolling_vernon_no_irrigation,plains_rolling_vernon_evidence,planting_readiness,white_potato,False,hard_red_winter_wheat,Hard red winter wheat,True,16,16,53.5,not_recommended,69.08,medium,100.0,,,data/scenarios/results/plains_rolling_vernon/no_irrigation.json
plains_rolling_vernon,plains,no_irrigation,plains_rolling_vernon_no_irrigation,plains_rolling_vernon_evidence,planting_readiness,white_potato,False,corn_silage,Corn grown for silage,True,17,17,53.15,not_recommended,69.08,medium,100.0,far_outside_planting_window,far_outside_planting_window,data/scenarios/results/plains_rolling_vernon/no_irrigation.json
plains_rolling_vernon,plains,no_irrigation,plains_rolling_vernon_no_irrigation,plains_rolling_vernon_evidence,planting_readiness,white_potato,False,annual_ryegrass_forage,Annual ryegrass grown for forage,True,18,18,52.22,not_recommended,56.51,low,80.0,,,data/scenarios/results/plains_rolling_vernon/no_irrigation.json
plains_rolling_vernon,plains,no_irrigation,plains_rolling_vernon_no_irrigation,plains_rolling_vernon_evidence,planting_readiness,white_potato,False,soybean,Soybean,True,19,19,50.42,not_recommended,69.08,medium,100.0,far_outside_planting_window,far_outside_planting_window,data/scenarios/results/plains_rolling_vernon/no_irrigation.json
plains_rolling_vernon,plains,no_irrigation,plains_rolling_vernon_no_irrigation,plains_rolling_vernon_evidence,planting_readiness,white_potato,False,grain_oats,Grain oats,True,20,20,48.58,not_recommended,69.08,medium,100.0,,,data/scenarios/results/plains_rolling_vernon/no_irrigation.json
plains_rolling_vernon,plains,no_irrigation,plains_rolling_vernon_no_irrigation,plains_rolling_vernon_evidence,planting_readiness,white_potato,False,dry_bulb_onion,Dry-bulb onion,True,21,21,47.14,not_recommended,67.01,medium,83.0,far_outside_planting_window|required_irrigation_unavailable,far_outside_planting_window|required_irrigation_unavailable,data/scenarios/results/plains_rolling_vernon/no_irrigation.json
plains_rolling_vernon,plains,no_irrigation,plains_rolling_vernon_no_irrigation,plains_rolling_vernon_evidence,planting_readiness,white_potato,False,long_grain_rice,Long-grain rice,False,22,,47.65,not_recommended,51.0,low,83.0,unsupported_region|far_outside_planting_window|required_irrigation_unavailable,unsupported_region|far_outside_planting_window|required_irrigation_unavailable,data/scenarios/results/plains_rolling_vernon/no_irrigation.json
plains_rolling_vernon,plains,reliable_irrigation,plains_rolling_vernon_reliable_irrigation,plains_rolling_vernon_evidence,planting_readiness,white_potato,False,alfalfa_hay,Alfalfa grown for hay,True,1,1,70.6,conditional,58.68,low,83.0,,,data/scenarios/results/plains_rolling_vernon/reliable_irrigation.json
plains_rolling_vernon,plains,reliable_irrigation,plains_rolling_vernon_reliable_irrigation,plains_rolling_vernon_evidence,planting_readiness,white_potato,False,fresh_market_spinach,Fresh-market spinach,True,2,2,64.67,conditional,67.01,medium,83.0,,,data/scenarios/results/plains_rolling_vernon/reliable_irrigation.json
plains_rolling_vernon,plains,reliable_irrigation,plains_rolling_vernon_reliable_irrigation,plains_rolling_vernon_evidence,planting_readiness,white_potato,True,white_potato,White potato,True,3,3,64.13,conditional,58.68,low,83.0,,,data/scenarios/results/plains_rolling_vernon/reliable_irrigation.json
plains_rolling_vernon,plains,reliable_irrigation,plains_rolling_vernon_reliable_irrigation,plains_rolling_vernon_evidence,planting_readiness,white_potato,False,fresh_market_cabbage,Fresh-market cabbage,True,4,4,63.64,conditional,67.01,medium,83.0,,,data/scenarios/results/plains_rolling_vernon/reliable_irrigation.json
plains_rolling_vernon,plains,reliable_irrigation,plains_rolling_vernon_reliable_irrigation,plains_rolling_vernon_evidence,planting_readiness,white_potato,False,oilseed_sunflower,Oilseed sunflower,True,5,5,63.1,conditional,58.68,low,83.0,,,data/scenarios/results/plains_rolling_vernon/reliable_irrigation.json
plains_rolling_vernon,plains,reliable_irrigation,plains_rolling_vernon_reliable_irrigation,plains_rolling_vernon_evidence,planting_readiness,white_potato,False,hard_red_winter_wheat,Hard red winter wheat,True,6,6,55.1,conditional,69.08,medium,100.0,,,data/scenarios/results/plains_rolling_vernon/reliable_irrigation.json
plains_rolling_vernon,plains,reliable_irrigation,plains_rolling_vernon_reliable_irrigation,plains_rolling_vernon_evidence,planting_readiness,white_potato,False,annual_ryegrass_forage,Annual ryegrass grown for forage,True,7,7,54.22,not_recommended,56.51,low,80.0,,,data/scenarios/results/plains_rolling_vernon/reliable_irrigation.json
plains_rolling_vernon,plains,reliable_irrigation,plains_rolling_vernon_reliable_irrigation,plains_rolling_vernon_evidence,planting_readiness,white_potato,False,corn_grain,Corn grown for grain,True,8,8,54.0,not_recommended,69.08,medium,100.0,far_outside_planting_window,far_outside_planting_window,data/scenarios/results/plains_rolling_vernon/reliable_irrigation.json
plains_rolling_vernon,plains,reliable_irrigation,plains_rolling_vernon_reliable_irrigation,plains_rolling_vernon_evidence,planting_readiness,white_potato,False,corn_silage,Corn grown for silage,True,9,9,54.0,not_recommended,69.08,medium,100.0,far_outside_planting_window,far_outside_planting_window,data/scenarios/results/plains_rolling_vernon/reliable_irrigation.json
plains_rolling_vernon,plains,reliable_irrigation,plains_rolling_vernon_reliable_irrigation,plains_rolling_vernon_evidence,planting_readiness,white_potato,False,grain_sorghum,Grain sorghum,True,10,10,54.0,not_recommended,69.08,medium,100.0,far_outside_planting_window,far_outside_planting_window,data/scenarios/results/plains_rolling_vernon/reliable_irrigation.json
plains_rolling_vernon,plains,reliable_irrigation,plains_rolling_vernon_reliable_irrigation,plains_rolling_vernon_evidence,planting_readiness,white_potato,False,upland_cotton,Upland cotton,True,11,11,54.0,not_recommended,69.08,medium,100.0,far_outside_planting_window,far_outside_planting_window,data/scenarios/results/plains_rolling_vernon/reliable_irrigation.json
plains_rolling_vernon,plains,reliable_irrigation,plains_rolling_vernon_reliable_irrigation,plains_rolling_vernon_evidence,planting_readiness,white_potato,False,seedless_watermelon,Seedless watermelon,True,12,12,54.0,not_recommended,67.01,medium,83.0,far_outside_planting_window,far_outside_planting_window,data/scenarios/results/plains_rolling_vernon/reliable_irrigation.json
plains_rolling_vernon,plains,reliable_irrigation,plains_rolling_vernon_reliable_irrigation,plains_rolling_vernon_evidence,planting_readiness,white_potato,False,forage_sorghum,Forage sorghum,True,13,13,54.0,not_recommended,58.68,low,83.0,far_outside_planting_window,far_outside_planting_window,data/scenarios/results/plains_rolling_vernon/reliable_irrigation.json
plains_rolling_vernon,plains,reliable_irrigation,plains_rolling_vernon_reliable_irrigation,plains_rolling_vernon_evidence,planting_readiness,white_potato,False,runner_peanut,Runner-type peanut,True,14,14,54.0,not_recommended,58.68,low,83.0,far_outside_planting_window,far_outside_planting_window,data/scenarios/results/plains_rolling_vernon/reliable_irrigation.json
plains_rolling_vernon,plains,reliable_irrigation,plains_rolling_vernon_reliable_irrigation,plains_rolling_vernon_evidence,planting_readiness,white_potato,False,sorghum_sudangrass,Sorghum-sudangrass,True,15,15,54.0,not_recommended,58.68,low,83.0,far_outside_planting_window,far_outside_planting_window,data/scenarios/results/plains_rolling_vernon/reliable_irrigation.json
plains_rolling_vernon,plains,reliable_irrigation,plains_rolling_vernon_reliable_irrigation,plains_rolling_vernon_evidence,planting_readiness,white_potato,False,sweet_potato,Sweet potato,True,16,16,54.0,not_recommended,58.68,low,83.0,far_outside_planting_window,far_outside_planting_window,data/scenarios/results/plains_rolling_vernon/reliable_irrigation.json
plains_rolling_vernon,plains,reliable_irrigation,plains_rolling_vernon_reliable_irrigation,plains_rolling_vernon_evidence,planting_readiness,white_potato,False,bermudagrass_hay,Bermudagrass grown for hay,True,17,17,54.0,not_recommended,56.51,low,80.0,far_outside_planting_window,far_outside_planting_window,data/scenarios/results/plains_rolling_vernon/reliable_irrigation.json
plains_rolling_vernon,plains,reliable_irrigation,plains_rolling_vernon_reliable_irrigation,plains_rolling_vernon_evidence,planting_readiness,white_potato,False,sesame,Sesame,True,18,18,54.0,not_recommended,48.2,low,80.0,far_outside_planting_window,far_outside_planting_window,data/scenarios/results/plains_rolling_vernon/reliable_irrigation.json
plains_rolling_vernon,plains,reliable_irrigation,plains_rolling_vernon_reliable_irrigation,plains_rolling_vernon_evidence,planting_readiness,white_potato,False,soybean,Soybean,True,19,19,52.02,not_recommended,69.08,medium,100.0,far_outside_planting_window,far_outside_planting_window,data/scenarios/results/plains_rolling_vernon/reliable_irrigation.json
plains_rolling_vernon,plains,reliable_irrigation,plains_rolling_vernon_reliable_irrigation,plains_rolling_vernon_evidence,planting_readiness,white_potato,False,dry_bulb_onion,Dry-bulb onion,True,20,20,51.96,not_recommended,67.01,medium,83.0,far_outside_planting_window,far_outside_planting_window,data/scenarios/results/plains_rolling_vernon/reliable_irrigation.json
plains_rolling_vernon,plains,reliable_irrigation,plains_rolling_vernon_reliable_irrigation,plains_rolling_vernon_evidence,planting_readiness,white_potato,False,grain_oats,Grain oats,True,21,21,50.17,not_recommended,69.08,medium,100.0,,,data/scenarios/results/plains_rolling_vernon/reliable_irrigation.json
plains_rolling_vernon,plains,reliable_irrigation,plains_rolling_vernon_reliable_irrigation,plains_rolling_vernon_evidence,planting_readiness,white_potato,False,long_grain_rice,Long-grain rice,False,22,,52.47,not_recommended,51.0,low,83.0,unsupported_region|far_outside_planting_window,unsupported_region|far_outside_planting_window,data/scenarios/results/plains_rolling_vernon/reliable_irrigation.json
plains_rolling_vernon,plains,missing_irrigation_lab_ph_override,plains_rolling_vernon_missing_irrigation_lab_ph_override,plains_rolling_vernon_evidence,planting_readiness,white_potato,False,alfalfa_hay,Alfalfa grown for hay,True,1,1,69.11,conditional,57.23,low,79.0,,,data/scenarios/results/plains_rolling_vernon/missing_irrigation_lab_ph_override.json
plains_rolling_vernon,plains,missing_irrigation_lab_ph_override,plains_rolling_vernon_missing_irrigation_lab_ph_override,plains_rolling_vernon_evidence,planting_readiness,white_potato,False,fresh_market_spinach,Fresh-market spinach,True,2,2,62.88,conditional,65.31,medium,79.0,,,data/scenarios/results/plains_rolling_vernon/missing_irrigation_lab_ph_override.json
plains_rolling_vernon,plains,missing_irrigation_lab_ph_override,plains_rolling_vernon_missing_irrigation_lab_ph_override,plains_rolling_vernon_evidence,planting_readiness,white_potato,True,white_potato,White potato,True,3,3,62.31,conditional,57.23,low,79.0,,,data/scenarios/results/plains_rolling_vernon/missing_irrigation_lab_ph_override.json
plains_rolling_vernon,plains,missing_irrigation_lab_ph_override,plains_rolling_vernon_missing_irrigation_lab_ph_override,plains_rolling_vernon_evidence,planting_readiness,white_potato,False,fresh_market_cabbage,Fresh-market cabbage,True,4,4,61.8,conditional,65.31,medium,79.0,,,data/scenarios/results/plains_rolling_vernon/missing_irrigation_lab_ph_override.json
plains_rolling_vernon,plains,missing_irrigation_lab_ph_override,plains_rolling_vernon_missing_irrigation_lab_ph_override,plains_rolling_vernon_evidence,planting_readiness,white_potato,False,oilseed_sunflower,Oilseed sunflower,True,5,5,61.23,conditional,57.23,low,79.0,,,data/scenarios/results/plains_rolling_vernon/missing_irrigation_lab_ph_override.json
plains_rolling_vernon,plains,missing_irrigation_lab_ph_override,plains_rolling_vernon_missing_irrigation_lab_ph_override,plains_rolling_vernon_evidence,planting_readiness,white_potato,False,grain_sorghum,Grain sorghum,True,6,6,54.0,not_recommended,67.64,medium,96.0,far_outside_planting_window,far_outside_planting_window,data/scenarios/results/plains_rolling_vernon/missing_irrigation_lab_ph_override.json
plains_rolling_vernon,plains,missing_irrigation_lab_ph_override,plains_rolling_vernon_missing_irrigation_lab_ph_override,plains_rolling_vernon_evidence,planting_readiness,white_potato,False,upland_cotton,Upland cotton,True,7,7,54.0,not_recommended,67.64,medium,96.0,far_outside_planting_window,far_outside_planting_window,data/scenarios/results/plains_rolling_vernon/missing_irrigation_lab_ph_override.json
plains_rolling_vernon,plains,missing_irrigation_lab_ph_override,plains_rolling_vernon_missing_irrigation_lab_ph_override,plains_rolling_vernon_evidence,planting_readiness,white_potato,False,seedless_watermelon,Seedless watermelon,True,8,8,54.0,not_recommended,65.31,medium,79.0,far_outside_planting_window,far_outside_planting_window,data/scenarios/results/plains_rolling_vernon/missing_irrigation_lab_ph_override.json
plains_rolling_vernon,plains,missing_irrigation_lab_ph_override,plains_rolling_vernon_missing_irrigation_lab_ph_override,plains_rolling_vernon_evidence,planting_readiness,white_potato,False,forage_sorghum,Forage sorghum,True,9,9,54.0,not_recommended,57.23,low,79.0,far_outside_planting_window,far_outside_planting_window,data/scenarios/results/plains_rolling_vernon/missing_irrigation_lab_ph_override.json
plains_rolling_vernon,plains,missing_irrigation_lab_ph_override,plains_rolling_vernon_missing_irrigation_lab_ph_override,plains_rolling_vernon_evidence,planting_readiness,white_potato,False,runner_peanut,Runner-type peanut,True,10,10,54.0,not_recommended,57.23,low,79.0,far_outside_planting_window,far_outside_planting_window,data/scenarios/results/plains_rolling_vernon/missing_irrigation_lab_ph_override.json
plains_rolling_vernon,plains,missing_irrigation_lab_ph_override,plains_rolling_vernon_missing_irrigation_lab_ph_override,plains_rolling_vernon_evidence,planting_readiness,white_potato,False,sorghum_sudangrass,Sorghum-sudangrass,True,11,11,54.0,not_recommended,57.23,low,79.0,far_outside_planting_window,far_outside_planting_window,data/scenarios/results/plains_rolling_vernon/missing_irrigation_lab_ph_override.json
plains_rolling_vernon,plains,missing_irrigation_lab_ph_override,plains_rolling_vernon_missing_irrigation_lab_ph_override,plains_rolling_vernon_evidence,planting_readiness,white_potato,False,sweet_potato,Sweet potato,True,12,12,54.0,not_recommended,57.23,low,79.0,far_outside_planting_window,far_outside_planting_window,data/scenarios/results/plains_rolling_vernon/missing_irrigation_lab_ph_override.json
plains_rolling_vernon,plains,missing_irrigation_lab_ph_override,plains_rolling_vernon_missing_irrigation_lab_ph_override,plains_rolling_vernon_evidence,planting_readiness,white_potato,False,bermudagrass_hay,Bermudagrass grown for hay,True,13,13,54.0,not_recommended,55.07,low,76.0,far_outside_planting_window,far_outside_planting_window,data/scenarios/results/plains_rolling_vernon/missing_irrigation_lab_ph_override.json
plains_rolling_vernon,plains,missing_irrigation_lab_ph_override,plains_rolling_vernon_missing_irrigation_lab_ph_override,plains_rolling_vernon_evidence,planting_readiness,white_potato,False,sesame,Sesame,True,14,14,54.0,not_recommended,47.01,low,76.0,far_outside_planting_window,far_outside_planting_window,data/scenarios/results/plains_rolling_vernon/missing_irrigation_lab_ph_override.json
plains_rolling_vernon,plains,missing_irrigation_lab_ph_override,plains_rolling_vernon_missing_irrigation_lab_ph_override,plains_rolling_vernon_evidence,planting_readiness,white_potato,False,corn_grain,Corn grown for grain,True,15,15,53.91,not_recommended,67.64,medium,96.0,far_outside_planting_window,far_outside_planting_window,data/scenarios/results/plains_rolling_vernon/missing_irrigation_lab_ph_override.json
plains_rolling_vernon,plains,missing_irrigation_lab_ph_override,plains_rolling_vernon_missing_irrigation_lab_ph_override,plains_rolling_vernon_evidence,planting_readiness,white_potato,False,corn_silage,Corn grown for silage,True,16,16,53.91,not_recommended,67.64,medium,96.0,far_outside_planting_window,far_outside_planting_window,data/scenarios/results/plains_rolling_vernon/missing_irrigation_lab_ph_override.json
plains_rolling_vernon,plains,missing_irrigation_lab_ph_override,plains_rolling_vernon_missing_irrigation_lab_ph_override,plains_rolling_vernon_evidence,planting_readiness,white_potato,False,hard_red_winter_wheat,Hard red winter wheat,True,17,17,53.23,not_recommended,67.64,medium,96.0,,,data/scenarios/results/plains_rolling_vernon/missing_irrigation_lab_ph_override.json
plains_rolling_vernon,plains,missing_irrigation_lab_ph_override,plains_rolling_vernon_missing_irrigation_lab_ph_override,plains_rolling_vernon_evidence,planting_readiness,white_potato,False,annual_ryegrass_forage,Annual ryegrass grown for forage,True,18,18,51.81,not_recommended,55.07,low,76.0,,,data/scenarios/results/plains_rolling_vernon/missing_irrigation_lab_ph_override.json
plains_rolling_vernon,plains,missing_irrigation_lab_ph_override,plains_rolling_vernon_missing_irrigation_lab_ph_override,plains_rolling_vernon_evidence,planting_readiness,white_potato,False,soybean,Soybean,True,19,19,50.03,not_recommended,67.64,medium,96.0,far_outside_planting_window,far_outside_planting_window,data/scenarios/results/plains_rolling_vernon/missing_irrigation_lab_ph_override.json
plains_rolling_vernon,plains,missing_irrigation_lab_ph_override,plains_rolling_vernon_missing_irrigation_lab_ph_override,plains_rolling_vernon_evidence,planting_readiness,white_potato,False,dry_bulb_onion,Dry-bulb onion,True,20,20,49.53,not_recommended,65.31,medium,79.0,far_outside_planting_window,far_outside_planting_window,data/scenarios/results/plains_rolling_vernon/missing_irrigation_lab_ph_override.json
plains_rolling_vernon,plains,missing_irrigation_lab_ph_override,plains_rolling_vernon_missing_irrigation_lab_ph_override,plains_rolling_vernon_evidence,planting_readiness,white_potato,False,grain_oats,Grain oats,True,21,21,48.1,not_recommended,67.64,medium,96.0,,,data/scenarios/results/plains_rolling_vernon/missing_irrigation_lab_ph_override.json
plains_rolling_vernon,plains,missing_irrigation_lab_ph_override,plains_rolling_vernon_missing_irrigation_lab_ph_override,plains_rolling_vernon_evidence,planting_readiness,white_potato,False,long_grain_rice,Long-grain rice,False,22,,50.06,not_recommended,49.56,low,79.0,unsupported_region|far_outside_planting_window,unsupported_region|far_outside_planting_window,data/scenarios/results/plains_rolling_vernon/missing_irrigation_lab_ph_override.json
eastern_east_texas_tyler,eastern,in_season_baseline,eastern_east_texas_tyler_in_season_baseline,eastern_east_texas_tyler_evidence,planting_readiness,fresh_market_cabbage,False,forage_sorghum,Forage sorghum,True,1,1,73.13,conditional,58.68,low,83.0,,,data/scenarios/results/eastern_east_texas_tyler/in_season_baseline.json
eastern_east_texas_tyler,eastern,in_season_baseline,eastern_east_texas_tyler_in_season_baseline,eastern_east_texas_tyler_evidence,planting_readiness,fresh_market_cabbage,False,sorghum_sudangrass,Sorghum-sudangrass,True,2,2,73.13,conditional,58.68,low,83.0,,,data/scenarios/results/eastern_east_texas_tyler/in_season_baseline.json
eastern_east_texas_tyler,eastern,in_season_baseline,eastern_east_texas_tyler_in_season_baseline,eastern_east_texas_tyler_evidence,planting_readiness,fresh_market_cabbage,True,fresh_market_cabbage,Fresh-market cabbage,True,3,3,62.44,conditional,67.01,medium,83.0,,,data/scenarios/results/eastern_east_texas_tyler/in_season_baseline.json
eastern_east_texas_tyler,eastern,in_season_baseline,eastern_east_texas_tyler_in_season_baseline,eastern_east_texas_tyler_evidence,planting_readiness,fresh_market_cabbage,False,white_potato,White potato,True,4,4,61.42,conditional,58.68,low,83.0,,,data/scenarios/results/eastern_east_texas_tyler/in_season_baseline.json
eastern_east_texas_tyler,eastern,in_season_baseline,eastern_east_texas_tyler_in_season_baseline,eastern_east_texas_tyler_evidence,planting_readiness,fresh_market_cabbage,False,dry_bulb_onion,Dry-bulb onion,True,5,5,55.27,conditional,67.01,medium,83.0,,,data/scenarios/results/eastern_east_texas_tyler/in_season_baseline.json
eastern_east_texas_tyler,eastern,in_season_baseline,eastern_east_texas_tyler_in_season_baseline,eastern_east_texas_tyler_evidence,planting_readiness,fresh_market_cabbage,False,grain_sorghum,Grain sorghum,True,6,6,54.0,not_recommended,69.08,medium,100.0,far_outside_planting_window,far_outside_planting_window,data/scenarios/results/eastern_east_texas_tyler/in_season_baseline.json
eastern_east_texas_tyler,eastern,in_season_baseline,eastern_east_texas_tyler_in_season_baseline,eastern_east_texas_tyler_evidence,planting_readiness,fresh_market_cabbage,False,upland_cotton,Upland cotton,True,7,7,54.0,not_recommended,69.08,medium,100.0,far_outside_planting_window,far_outside_planting_window,data/scenarios/results/eastern_east_texas_tyler/in_season_baseline.json
eastern_east_texas_tyler,eastern,in_season_baseline,eastern_east_texas_tyler_in_season_baseline,eastern_east_texas_tyler_evidence,planting_readiness,fresh_market_cabbage,False,seedless_watermelon,Seedless watermelon,True,8,8,54.0,not_recommended,67.01,medium,83.0,far_outside_planting_window,far_outside_planting_window,data/scenarios/results/eastern_east_texas_tyler/in_season_baseline.json
eastern_east_texas_tyler,eastern,in_season_baseline,eastern_east_texas_tyler_in_season_baseline,eastern_east_texas_tyler_evidence,planting_readiness,fresh_market_cabbage,False,long_grain_rice,Long-grain rice,True,9,9,54.0,not_recommended,60.03,low,83.0,far_outside_planting_window,far_outside_planting_window,data/scenarios/results/eastern_east_texas_tyler/in_season_baseline.json
eastern_east_texas_tyler,eastern,in_season_baseline,eastern_east_texas_tyler_in_season_baseline,eastern_east_texas_tyler_evidence,planting_readiness,fresh_market_cabbage,False,oilseed_sunflower,Oilseed sunflower,True,10,10,54.0,not_recommended,58.68,low,83.0,far_outside_planting_window,far_outside_planting_window,data/scenarios/results/eastern_east_texas_tyler/in_season_baseline.json
eastern_east_texas_tyler,eastern,in_season_baseline,eastern_east_texas_tyler_in_season_baseline,eastern_east_texas_tyler_evidence,planting_readiness,fresh_market_cabbage,False,runner_peanut,Runner-type peanut,True,11,11,54.0,not_recommended,58.68,low,83.0,far_outside_planting_window,far_outside_planting_window,data/scenarios/results/eastern_east_texas_tyler/in_season_baseline.json
eastern_east_texas_tyler,eastern,in_season_baseline,eastern_east_texas_tyler_in_season_baseline,eastern_east_texas_tyler_evidence,planting_readiness,fresh_market_cabbage,False,sweet_potato,Sweet potato,True,12,12,54.0,not_recommended,58.68,low,83.0,far_outside_planting_window,far_outside_planting_window,data/scenarios/results/eastern_east_texas_tyler/in_season_baseline.json
eastern_east_texas_tyler,eastern,in_season_baseline,eastern_east_texas_tyler_in_season_baseline,eastern_east_texas_tyler_evidence,planting_readiness,fresh_market_cabbage,False,bermudagrass_hay,Bermudagrass grown for hay,True,13,13,54.0,not_recommended,56.51,low,80.0,far_outside_planting_window,far_outside_planting_window,data/scenarios/results/eastern_east_texas_tyler/in_season_baseline.json
eastern_east_texas_tyler,eastern,in_season_baseline,eastern_east_texas_tyler_in_season_baseline,eastern_east_texas_tyler_evidence,planting_readiness,fresh_market_cabbage,False,alfalfa_hay,Alfalfa grown for hay,True,14,14,54.0,not_recommended,51.0,low,83.0,far_outside_planting_window,far_outside_planting_window,data/scenarios/results/eastern_east_texas_tyler/in_season_baseline.json
eastern_east_texas_tyler,eastern,in_season_baseline,eastern_east_texas_tyler_in_season_baseline,eastern_east_texas_tyler_evidence,planting_readiness,fresh_market_cabbage,False,sesame,Sesame,True,15,15,54.0,not_recommended,48.57,low,80.0,far_outside_planting_window,far_outside_planting_window,data/scenarios/results/eastern_east_texas_tyler/in_season_baseline.json
eastern_east_texas_tyler,eastern,in_season_baseline,eastern_east_texas_tyler_in_season_baseline,eastern_east_texas_tyler_evidence,planting_readiness,fresh_market_cabbage,False,corn_grain,Corn grown for grain,True,16,16,53.83,not_recommended,69.08,medium,100.0,far_outside_planting_window,far_outside_planting_window,data/scenarios/results/eastern_east_texas_tyler/in_season_baseline.json
eastern_east_texas_tyler,eastern,in_season_baseline,eastern_east_texas_tyler_in_season_baseline,eastern_east_texas_tyler_evidence,planting_readiness,fresh_market_cabbage,False,corn_silage,Corn grown for silage,True,17,17,53.83,not_recommended,69.08,medium,100.0,far_outside_planting_window,far_outside_planting_window,data/scenarios/results/eastern_east_texas_tyler/in_season_baseline.json
eastern_east_texas_tyler,eastern,in_season_baseline,eastern_east_texas_tyler_in_season_baseline,eastern_east_texas_tyler_evidence,planting_readiness,fresh_market_cabbage,False,soybean,Soybean,True,18,18,52.8,not_recommended,69.08,medium,100.0,far_outside_planting_window,far_outside_planting_window,data/scenarios/results/eastern_east_texas_tyler/in_season_baseline.json
eastern_east_texas_tyler,eastern,in_season_baseline,eastern_east_texas_tyler_in_season_baseline,eastern_east_texas_tyler_evidence,planting_readiness,fresh_market_cabbage,False,annual_ryegrass_forage,Annual ryegrass grown for forage,True,19,19,52.19,not_recommended,57.87,low,80.0,far_outside_planting_window,far_outside_planting_window,data/scenarios/results/eastern_east_texas_tyler/in_season_baseline.json
eastern_east_texas_tyler,eastern,in_season_baseline,eastern_east_texas_tyler_in_season_baseline,eastern_east_texas_tyler_evidence,planting_readiness,fresh_market_cabbage,False,fresh_market_spinach,Fresh-market spinach,True,20,20,51.11,not_recommended,67.01,medium,83.0,,,data/scenarios/results/eastern_east_texas_tyler/in_season_baseline.json
eastern_east_texas_tyler,eastern,in_season_baseline,eastern_east_texas_tyler_in_season_baseline,eastern_east_texas_tyler_evidence,planting_readiness,fresh_market_cabbage,False,grain_oats,Grain oats,True,21,21,50.5,not_recommended,69.08,medium,100.0,,,data/scenarios/results/eastern_east_texas_tyler/in_season_baseline.json
eastern_east_texas_tyler,eastern,in_season_baseline,eastern_east_texas_tyler_in_season_baseline,eastern_east_texas_tyler_evidence,planting_readiness,fresh_market_cabbage,False,hard_red_winter_wheat,Hard red winter wheat,True,22,22,48.17,not_recommended,69.08,medium,100.0,far_outside_planting_window,far_outside_planting_window,data/scenarios/results/eastern_east_texas_tyler/in_season_baseline.json
eastern_east_texas_tyler,eastern,out_of_season,eastern_east_texas_tyler_out_of_season,eastern_east_texas_tyler_evidence,planning,fresh_market_cabbage,False,bermudagrass_hay,Bermudagrass grown for hay,True,1,1,90.29,recommended,40.49,low,60.0,,,data/scenarios/results/eastern_east_texas_tyler/out_of_season.json
eastern_east_texas_tyler,eastern,out_of_season,eastern_east_texas_tyler_out_of_season,eastern_east_texas_tyler_evidence,planning,fresh_market_cabbage,False,oilseed_sunflower,Oilseed sunflower,True,2,2,89.5,recommended,40.49,low,60.0,,,data/scenarios/results/eastern_east_texas_tyler/out_of_season.json
eastern_east_texas_tyler,eastern,out_of_season,eastern_east_texas_tyler_out_of_season,eastern_east_texas_tyler_evidence,planning,fresh_market_cabbage,False,sweet_potato,Sweet potato,True,3,3,87.5,recommended,40.49,low,60.0,,,data/scenarios/results/eastern_east_texas_tyler/out_of_season.json
eastern_east_texas_tyler,eastern,out_of_season,eastern_east_texas_tyler_out_of_season,eastern_east_texas_tyler_evidence,planning,fresh_market_cabbage,False,soybean,Soybean,True,4,4,85.83,recommended,40.49,low,60.0,,,data/scenarios/results/eastern_east_texas_tyler/out_of_season.json
eastern_east_texas_tyler,eastern,out_of_season,eastern_east_texas_tyler_out_of_season,eastern_east_texas_tyler_evidence,planning,fresh_market_cabbage,False,forage_sorghum,Forage sorghum,True,5,5,83.58,recommended,40.49,low,60.0,,,data/scenarios/results/eastern_east_texas_tyler/out_of_season.json
eastern_east_texas_tyler,eastern,out_of_season,eastern_east_texas_tyler_out_of_season,eastern_east_texas_tyler_evidence,planning,fresh_market_cabbage,False,grain_sorghum,Grain sorghum,True,6,6,83.58,recommended,40.49,low,60.0,,,data/scenarios/results/eastern_east_texas_tyler/out_of_season.json
eastern_east_texas_tyler,eastern,out_of_season,eastern_east_texas_tyler_out_of_season,eastern_east_texas_tyler_evidence,planning,fresh_market_cabbage,False,sorghum_sudangrass,Sorghum-sudangrass,True,7,7,83.58,recommended,40.49,low,60.0,,,data/scenarios/results/eastern_east_texas_tyler/out_of_season.json
eastern_east_texas_tyler,eastern,out_of_season,eastern_east_texas_tyler_out_of_season,eastern_east_texas_tyler_evidence,planning,fresh_market_cabbage,False,upland_cotton,Upland cotton,True,8,8,81.5,recommended,40.49,low,60.0,,,data/scenarios/results/eastern_east_texas_tyler/out_of_season.json
eastern_east_texas_tyler,eastern,out_of_season,eastern_east_texas_tyler_out_of_season,eastern_east_texas_tyler_evidence,planning,fresh_market_cabbage,False,seedless_watermelon,Seedless watermelon,True,9,9,80.88,recommended,47.11,low,60.0,,,data/scenarios/results/eastern_east_texas_tyler/out_of_season.json
eastern_east_texas_tyler,eastern,out_of_season,eastern_east_texas_tyler_out_of_season,eastern_east_texas_tyler_evidence,planning,fresh_market_cabbage,False,sesame,Sesame,True,10,10,80.71,recommended,33.87,low,60.0,,,data/scenarios/results/eastern_east_texas_tyler/out_of_season.json
eastern_east_texas_tyler,eastern,out_of_season,eastern_east_texas_tyler_out_of_season,eastern_east_texas_tyler_evidence,planning,fresh_market_cabbage,False,runner_peanut,Runner-type peanut,True,11,11,79.96,recommended,40.49,low,60.0,,,data/scenarios/results/eastern_east_texas_tyler/out_of_season.json
eastern_east_texas_tyler,eastern,out_of_season,eastern_east_texas_tyler_out_of_season,eastern_east_texas_tyler_evidence,planning,fresh_market_cabbage,False,long_grain_rice,Long-grain rice,True,12,12,79.33,recommended,41.84,low,60.0,,,data/scenarios/results/eastern_east_texas_tyler/out_of_season.json
eastern_east_texas_tyler,eastern,out_of_season,eastern_east_texas_tyler_out_of_season,eastern_east_texas_tyler_evidence,planning,fresh_market_cabbage,False,corn_grain,Corn grown for grain,True,13,13,72.38,conditional,40.49,low,60.0,,,data/scenarios/results/eastern_east_texas_tyler/out_of_season.json
eastern_east_texas_tyler,eastern,out_of_season,eastern_east_texas_tyler_out_of_season,eastern_east_texas_tyler_evidence,planning,fresh_market_cabbage,False,corn_silage,Corn grown for silage,True,14,14,72.38,conditional,40.49,low,60.0,,,data/scenarios/results/eastern_east_texas_tyler/out_of_season.json
eastern_east_texas_tyler,eastern,out_of_season,eastern_east_texas_tyler_out_of_season,eastern_east_texas_tyler_evidence,planning,fresh_market_cabbage,False,dry_bulb_onion,Dry-bulb onion,True,15,15,54.0,not_recommended,47.11,low,60.0,far_outside_planting_window,far_outside_planting_window,data/scenarios/results/eastern_east_texas_tyler/out_of_season.json
eastern_east_texas_tyler,eastern,out_of_season,eastern_east_texas_tyler_out_of_season,eastern_east_texas_tyler_evidence,planning,fresh_market_cabbage,True,fresh_market_cabbage,Fresh-market cabbage,True,16,16,54.0,not_recommended,47.11,low,60.0,far_outside_planting_window,far_outside_planting_window,data/scenarios/results/eastern_east_texas_tyler/out_of_season.json
eastern_east_texas_tyler,eastern,out_of_season,eastern_east_texas_tyler_out_of_season,eastern_east_texas_tyler_evidence,planning,fresh_market_cabbage,False,fresh_market_spinach,Fresh-market spinach,True,17,17,54.0,not_recommended,47.11,low,60.0,far_outside_planting_window,far_outside_planting_window,data/scenarios/results/eastern_east_texas_tyler/out_of_season.json
eastern_east_texas_tyler,eastern,out_of_season,eastern_east_texas_tyler_out_of_season,eastern_east_texas_tyler_evidence,planning,fresh_market_cabbage,False,annual_ryegrass_forage,Annual ryegrass grown for forage,True,18,18,54.0,not_recommended,41.84,low,60.0,far_outside_planting_window,far_outside_planting_window,data/scenarios/results/eastern_east_texas_tyler/out_of_season.json
eastern_east_texas_tyler,eastern,out_of_season,eastern_east_texas_tyler_out_of_season,eastern_east_texas_tyler_evidence,planning,fresh_market_cabbage,False,grain_oats,Grain oats,True,19,19,54.0,not_recommended,40.49,low,60.0,far_outside_planting_window,far_outside_planting_window,data/scenarios/results/eastern_east_texas_tyler/out_of_season.json
eastern_east_texas_tyler,eastern,out_of_season,eastern_east_texas_tyler_out_of_season,eastern_east_texas_tyler_evidence,planning,fresh_market_cabbage,False,hard_red_winter_wheat,Hard red winter wheat,True,20,20,54.0,not_recommended,40.49,low,60.0,far_outside_planting_window,far_outside_planting_window,data/scenarios/results/eastern_east_texas_tyler/out_of_season.json
eastern_east_texas_tyler,eastern,out_of_season,eastern_east_texas_tyler_out_of_season,eastern_east_texas_tyler_evidence,planning,fresh_market_cabbage,False,white_potato,White potato,True,21,21,54.0,not_recommended,40.49,low,60.0,far_outside_planting_window,far_outside_planting_window,data/scenarios/results/eastern_east_texas_tyler/out_of_season.json
eastern_east_texas_tyler,eastern,out_of_season,eastern_east_texas_tyler_out_of_season,eastern_east_texas_tyler_evidence,planning,fresh_market_cabbage,False,alfalfa_hay,Alfalfa grown for hay,True,22,22,54.0,not_recommended,32.81,low,60.0,far_outside_planting_window,far_outside_planting_window,data/scenarios/results/eastern_east_texas_tyler/out_of_season.json
eastern_east_texas_tyler,eastern,no_irrigation,eastern_east_texas_tyler_no_irrigation,eastern_east_texas_tyler_evidence,planting_readiness,fresh_market_cabbage,False,forage_sorghum,Forage sorghum,True,1,1,73.13,conditional,58.68,low,83.0,,,data/scenarios/results/eastern_east_texas_tyler/no_irrigation.json
eastern_east_texas_tyler,eastern,no_irrigation,eastern_east_texas_tyler_no_irrigation,eastern_east_texas_tyler_evidence,planting_readiness,fresh_market_cabbage,False,sorghum_sudangrass,Sorghum-sudangrass,True,2,2,73.13,conditional,58.68,low,83.0,,,data/scenarios/results/eastern_east_texas_tyler/no_irrigation.json
eastern_east_texas_tyler,eastern,no_irrigation,eastern_east_texas_tyler_no_irrigation,eastern_east_texas_tyler_evidence,planting_readiness,fresh_market_cabbage,True,fresh_market_cabbage,Fresh-market cabbage,True,3,3,60.75,conditional,67.01,medium,83.0,,,data/scenarios/results/eastern_east_texas_tyler/no_irrigation.json
eastern_east_texas_tyler,eastern,no_irrigation,eastern_east_texas_tyler_no_irrigation,eastern_east_texas_tyler_evidence,planting_readiness,fresh_market_cabbage,False,white_potato,White potato,True,4,4,59.73,conditional,58.68,low,83.0,,,data/scenarios/results/eastern_east_texas_tyler/no_irrigation.json
eastern_east_texas_tyler,eastern,no_irrigation,eastern_east_texas_tyler_no_irrigation,eastern_east_texas_tyler_evidence,planting_readiness,fresh_market_cabbage,False,grain_sorghum,Grain sorghum,True,5,5,54.0,not_recommended,69.08,medium,100.0,far_outside_planting_window,far_outside_planting_window,data/scenarios/results/eastern_east_texas_tyler/no_irrigation.json
eastern_east_texas_tyler,eastern,no_irrigation,eastern_east_texas_tyler_no_irrigation,eastern_east_texas_tyler_evidence,planting_readiness,fresh_market_cabbage,False,upland_cotton,Upland cotton,True,6,6,54.0,not_recommended,69.08,medium,100.0,far_outside_planting_window,far_outside_planting_window,data/scenarios/results/eastern_east_texas_tyler/no_irrigation.json
eastern_east_texas_tyler,eastern,no_irrigation,eastern_east_texas_tyler_no_irrigation,eastern_east_texas_tyler_evidence,planting_readiness,fresh_market_cabbage,False,seedless_watermelon,Seedless watermelon,True,7,7,54.0,not_recommended,67.01,medium,83.0,far_outside_planting_window,far_outside_planting_window,data/scenarios/results/eastern_east_texas_tyler/no_irrigation.json
eastern_east_texas_tyler,eastern,no_irrigation,eastern_east_texas_tyler_no_irrigation,eastern_east_texas_tyler_evidence,planting_readiness,fresh_market_cabbage,False,long_grain_rice,Long-grain rice,True,8,8,54.0,not_recommended,60.03,low,83.0,far_outside_planting_window|required_irrigation_unavailable,far_outside_planting_window|required_irrigation_unavailable,data/scenarios/results/eastern_east_texas_tyler/no_irrigation.json
eastern_east_texas_tyler,eastern,no_irrigation,eastern_east_texas_tyler_no_irrigation,eastern_east_texas_tyler_evidence,planting_readiness,fresh_market_cabbage,False,oilseed_sunflower,Oilseed sunflower,True,9,9,54.0,not_recommended,58.68,low,83.0,far_outside_planting_window,far_outside_planting_window,data/scenarios/results/eastern_east_texas_tyler/no_irrigation.json
eastern_east_texas_tyler,eastern,no_irrigation,eastern_east_texas_tyler_no_irrigation,eastern_east_texas_tyler_evidence,planting_readiness,fresh_market_cabbage,False,runner_peanut,Runner-type peanut,True,10,10,54.0,not_recommended,58.68,low,83.0,far_outside_planting_window,far_outside_planting_window,data/scenarios/results/eastern_east_texas_tyler/no_irrigation.json
eastern_east_texas_tyler,eastern,no_irrigation,eastern_east_texas_tyler_no_irrigation,eastern_east_texas_tyler_evidence,planting_readiness,fresh_market_cabbage,False,sweet_potato,Sweet potato,True,11,11,54.0,not_recommended,58.68,low,83.0,far_outside_planting_window,far_outside_planting_window,data/scenarios/results/eastern_east_texas_tyler/no_irrigation.json
eastern_east_texas_tyler,eastern,no_irrigation,eastern_east_texas_tyler_no_irrigation,eastern_east_texas_tyler_evidence,planting_readiness,fresh_market_cabbage,False,bermudagrass_hay,Bermudagrass grown for hay,True,12,12,54.0,not_recommended,56.51,low,80.0,far_outside_planting_window,far_outside_planting_window,data/scenarios/results/eastern_east_texas_tyler/no_irrigation.json
eastern_east_texas_tyler,eastern,no_irrigation,eastern_east_texas_tyler_no_irrigation,eastern_east_texas_tyler_evidence,planting_readiness,fresh_market_cabbage,False,sesame,Sesame,True,13,13,54.0,not_recommended,48.57,low,80.0,far_outside_planting_window,far_outside_planting_window,data/scenarios/results/eastern_east_texas_tyler/no_irrigation.json
eastern_east_texas_tyler,eastern,no_irrigation,eastern_east_texas_tyler_no_irrigation,eastern_east_texas_tyler_evidence,planting_readiness,fresh_market_cabbage,False,alfalfa_hay,Alfalfa grown for hay,True,14,14,53.46,not_recommended,51.0,low,83.0,far_outside_planting_window|required_irrigation_unavailable,far_outside_planting_window|required_irrigation_unavailable,data/scenarios/results/eastern_east_texas_tyler/no_irrigation.json
eastern_east_texas_tyler,eastern,no_irrigation,eastern_east_texas_tyler_no_irrigation,eastern_east_texas_tyler_evidence,planting_readiness,fresh_market_cabbage,False,corn_grain,Corn grown for grain,True,15,15,53.42,not_recommended,69.08,medium,100.0,far_outside_planting_window,far_outside_planting_window,data/scenarios/results/eastern_east_texas_tyler/no_irrigation.json
eastern_east_texas_tyler,eastern,no_irrigation,eastern_east_texas_tyler_no_irrigation,eastern_east_texas_tyler_evidence,planting_readiness,fresh_market_cabbage,False,corn_silage,Corn grown for silage,True,16,16,52.42,not_recommended,69.08,medium,100.0,far_outside_planting_window,far_outside_planting_window,data/scenarios/results/eastern_east_texas_tyler/no_irrigation.json
eastern_east_texas_tyler,eastern,no_irrigation,eastern_east_texas_tyler_no_irrigation,eastern_east_texas_tyler_evidence,planting_readiness,fresh_market_cabbage,False,soybean,Soybean,True,17,17,52.4,not_recommended,69.08,medium,100.0,far_outside_planting_window,far_outside_planting_window,data/scenarios/results/eastern_east_texas_tyler/no_irrigation.json
eastern_east_texas_tyler,eastern,no_irrigation,eastern_east_texas_tyler_no_irrigation,eastern_east_texas_tyler_evidence,planting_readiness,fresh_market_cabbage,False,dry_bulb_onion,Dry-bulb onion,True,18,18,51.9,not_recommended,67.01,medium,83.0,required_irrigation_unavailable,required_irrigation_unavailable,data/scenarios/results/eastern_east_texas_tyler/no_irrigation.json
eastern_east_texas_tyler,eastern,no_irrigation,eastern_east_texas_tyler_no_irrigation,eastern_east_texas_tyler_evidence,planting_readiness,fresh_market_cabbage,False,annual_ryegrass_forage,Annual ryegrass grown for forage,True,19,19,51.69,not_recommended,57.87,low,80.0,far_outside_planting_window,far_outside_planting_window,data/scenarios/results/eastern_east_texas_tyler/no_irrigation.json
eastern_east_texas_tyler,eastern,no_irrigation,eastern_east_texas_tyler_no_irrigation,eastern_east_texas_tyler_evidence,planting_readiness,fresh_market_cabbage,False,grain_oats,Grain oats,True,20,20,50.1,not_recommended,69.08,medium,100.0,,,data/scenarios/results/eastern_east_texas_tyler/no_irrigation.json
eastern_east_texas_tyler,eastern,no_irrigation,eastern_east_texas_tyler_no_irrigation,eastern_east_texas_tyler_evidence,planting_readiness,fresh_market_cabbage,False,fresh_market_spinach,Fresh-market spinach,True,21,21,49.43,not_recommended,67.01,medium,83.0,,,data/scenarios/results/eastern_east_texas_tyler/no_irrigation.json
eastern_east_texas_tyler,eastern,no_irrigation,eastern_east_texas_tyler_no_irrigation,eastern_east_texas_tyler_evidence,planting_readiness,fresh_market_cabbage,False,hard_red_winter_wheat,Hard red winter wheat,True,22,22,47.77,not_recommended,69.08,medium,100.0,far_outside_planting_window,far_outside_planting_window,data/scenarios/results/eastern_east_texas_tyler/no_irrigation.json
eastern_east_texas_tyler,eastern,reliable_irrigation,eastern_east_texas_tyler_reliable_irrigation,eastern_east_texas_tyler_evidence,planting_readiness,fresh_market_cabbage,False,forage_sorghum,Forage sorghum,True,1,1,73.61,conditional,58.68,low,83.0,,,data/scenarios/results/eastern_east_texas_tyler/reliable_irrigation.json
eastern_east_texas_tyler,eastern,reliable_irrigation,eastern_east_texas_tyler_reliable_irrigation,eastern_east_texas_tyler_evidence,planting_readiness,fresh_market_cabbage,False,sorghum_sudangrass,Sorghum-sudangrass,True,2,2,73.61,conditional,58.68,low,83.0,,,data/scenarios/results/eastern_east_texas_tyler/reliable_irrigation.json
eastern_east_texas_tyler,eastern,reliable_irrigation,eastern_east_texas_tyler_reliable_irrigation,eastern_east_texas_tyler_evidence,planting_readiness,fresh_market_cabbage,True,fresh_market_cabbage,Fresh-market cabbage,True,3,3,63.89,conditional,67.01,medium,83.0,,,data/scenarios/results/eastern_east_texas_tyler/reliable_irrigation.json
eastern_east_texas_tyler,eastern,reliable_irrigation,eastern_east_texas_tyler_reliable_irrigation,eastern_east_texas_tyler_evidence,planting_readiness,fresh_market_cabbage,False,white_potato,White potato,True,4,4,62.86,conditional,58.68,low,83.0,,,data/scenarios/results/eastern_east_texas_tyler/reliable_irrigation.json
eastern_east_texas_tyler,eastern,reliable_irrigation,eastern_east_texas_tyler_reliable_irrigation,eastern_east_texas_tyler_evidence,planting_readiness,fresh_market_cabbage,False,dry_bulb_onion,Dry-bulb onion,True,5,5,56.72,conditional,67.01,medium,83.0,,,data/scenarios/results/eastern_east_texas_tyler/reliable_irrigation.json
eastern_east_texas_tyler,eastern,reliable_irrigation,eastern_east_texas_tyler_reliable_irrigation,eastern_east_texas_tyler_evidence,planting_readiness,fresh_market_cabbage,False,corn_grain,Corn grown for grain,True,6,6,54.0,not_recommended,69.08,medium,100.0,far_outside_planting_window,far_outside_planting_window,data/scenarios/results/eastern_east_texas_tyler/reliable_irrigation.json
eastern_east_texas_tyler,eastern,reliable_irrigation,eastern_east_texas_tyler_reliable_irrigation,eastern_east_texas_tyler_evidence,planting_readiness,fresh_market_cabbage,False,corn_silage,Corn grown for silage,True,7,7,54.0,not_recommended,69.08,medium,100.0,far_outside_planting_window,far_outside_planting_window,data/scenarios/results/eastern_east_texas_tyler/reliable_irrigation.json
eastern_east_texas_tyler,eastern,reliable_irrigation,eastern_east_texas_tyler_reliable_irrigation,eastern_east_texas_tyler_evidence,planting_readiness,fresh_market_cabbage,False,grain_sorghum,Grain sorghum,True,8,8,54.0,not_recommended,69.08,medium,100.0,far_outside_planting_window,far_outside_planting_window,data/scenarios/results/eastern_east_texas_tyler/reliable_irrigation.json
eastern_east_texas_tyler,eastern,reliable_irrigation,eastern_east_texas_tyler_reliable_irrigation,eastern_east_texas_tyler_evidence,planting_readiness,fresh_market_cabbage,False,soybean,Soybean,True,9,9,54.0,not_recommended,69.08,medium,100.0,far_outside_planting_window,far_outside_planting_window,data/scenarios/results/eastern_east_texas_tyler/reliable_irrigation.json
eastern_east_texas_tyler,eastern,reliable_irrigation,eastern_east_texas_tyler_reliable_irrigation,eastern_east_texas_tyler_evidence,planting_readiness,fresh_market_cabbage,False,upland_cotton,Upland cotton,True,10,10,54.0,not_recommended,69.08,medium,100.0,far_outside_planting_window,far_outside_planting_window,data/scenarios/results/eastern_east_texas_tyler/reliable_irrigation.json
eastern_east_texas_tyler,eastern,reliable_irrigation,eastern_east_texas_tyler_reliable_irrigation,eastern_east_texas_tyler_evidence,planting_readiness,fresh_market_cabbage,False,seedless_watermelon,Seedless watermelon,True,11,11,54.0,not_recommended,67.01,medium,83.0,far_outside_planting_window,far_outside_planting_window,data/scenarios/results/eastern_east_texas_tyler/reliable_irrigation.json
eastern_east_texas_tyler,eastern,reliable_irrigation,eastern_east_texas_tyler_reliable_irrigation,eastern_east_texas_tyler_evidence,planting_readiness,fresh_market_cabbage,False,long_grain_rice,Long-grain rice,True,12,12,54.0,not_recommended,60.03,low,83.0,far_outside_planting_window,far_outside_planting_window,data/scenarios/results/eastern_east_texas_tyler/reliable_irrigation.json
eastern_east_texas_tyler,eastern,reliable_irrigation,eastern_east_texas_tyler_reliable_irrigation,eastern_east_texas_tyler_evidence,planting_readiness,fresh_market_cabbage,False,oilseed_sunflower,Oilseed sunflower,True,13,13,54.0,not_recommended,58.68,low,83.0,far_outside_planting_window,far_outside_planting_window,data/scenarios/results/eastern_east_texas_tyler/reliable_irrigation.json
eastern_east_texas_tyler,eastern,reliable_irrigation,eastern_east_texas_tyler_reliable_irrigation,eastern_east_texas_tyler_evidence,planting_readiness,fresh_market_cabbage,False,runner_peanut,Runner-type peanut,True,14,14,54.0,not_recommended,58.68,low,83.0,far_outside_planting_window,far_outside_planting_window,data/scenarios/results/eastern_east_texas_tyler/reliable_irrigation.json
eastern_east_texas_tyler,eastern,reliable_irrigation,eastern_east_texas_tyler_reliable_irrigation,eastern_east_texas_tyler_evidence,planting_readiness,fresh_market_cabbage,False,sweet_potato,Sweet potato,True,15,15,54.0,not_recommended,58.68,low,83.0,far_outside_planting_window,far_outside_planting_window,data/scenarios/results/eastern_east_texas_tyler/reliable_irrigation.json
eastern_east_texas_tyler,eastern,reliable_irrigation,eastern_east_texas_tyler_reliable_irrigation,eastern_east_texas_tyler_evidence,planting_readiness,fresh_market_cabbage,False,bermudagrass_hay,Bermudagrass grown for hay,True,16,16,54.0,not_recommended,56.51,low,80.0,far_outside_planting_window,far_outside_planting_window,data/scenarios/results/eastern_east_texas_tyler/reliable_irrigation.json
eastern_east_texas_tyler,eastern,reliable_irrigation,eastern_east_texas_tyler_reliable_irrigation,eastern_east_texas_tyler_evidence,planting_readiness,fresh_market_cabbage,False,alfalfa_hay,Alfalfa grown for hay,True,17,17,54.0,not_recommended,51.0,low,83.0,far_outside_planting_window,far_outside_planting_window,data/scenarios/results/eastern_east_texas_tyler/reliable_irrigation.json
eastern_east_texas_tyler,eastern,reliable_irrigation,eastern_east_texas_tyler_reliable_irrigation,eastern_east_texas_tyler_evidence,planting_readiness,fresh_market_cabbage,False,sesame,Sesame,True,18,18,54.0,not_recommended,48.57,low,80.0,far_outside_planting_window,far_outside_planting_window,data/scenarios/results/eastern_east_texas_tyler/reliable_irrigation.json
eastern_east_texas_tyler,eastern,reliable_irrigation,eastern_east_texas_tyler_reliable_irrigation,eastern_east_texas_tyler_evidence,planting_readiness,fresh_market_cabbage,False,annual_ryegrass_forage,Annual ryegrass grown for forage,True,19,19,53.69,not_recommended,57.87,low,80.0,far_outside_planting_window,far_outside_planting_window,data/scenarios/results/eastern_east_texas_tyler/reliable_irrigation.json
eastern_east_texas_tyler,eastern,reliable_irrigation,eastern_east_texas_tyler_reliable_irrigation,eastern_east_texas_tyler_evidence,planting_readiness,fresh_market_cabbage,False,fresh_market_spinach,Fresh-market spinach,True,20,20,52.56,not_recommended,67.01,medium,83.0,,,data/scenarios/results/eastern_east_texas_tyler/reliable_irrigation.json
eastern_east_texas_tyler,eastern,reliable_irrigation,eastern_east_texas_tyler_reliable_irrigation,eastern_east_texas_tyler_evidence,planting_readiness,fresh_market_cabbage,False,grain_oats,Grain oats,True,21,21,51.7,not_recommended,69.08,medium,100.0,,,data/scenarios/results/eastern_east_texas_tyler/reliable_irrigation.json
eastern_east_texas_tyler,eastern,reliable_irrigation,eastern_east_texas_tyler_reliable_irrigation,eastern_east_texas_tyler_evidence,planting_readiness,fresh_market_cabbage,False,hard_red_winter_wheat,Hard red winter wheat,True,22,22,49.38,not_recommended,69.08,medium,100.0,far_outside_planting_window,far_outside_planting_window,data/scenarios/results/eastern_east_texas_tyler/reliable_irrigation.json
eastern_east_texas_tyler,eastern,missing_irrigation_lab_ph_override,eastern_east_texas_tyler_missing_irrigation_lab_ph_override,eastern_east_texas_tyler_evidence,planting_readiness,fresh_market_cabbage,False,forage_sorghum,Forage sorghum,True,1,1,72.28,conditional,57.23,low,79.0,,,data/scenarios/results/eastern_east_texas_tyler/missing_irrigation_lab_ph_override.json
eastern_east_texas_tyler,eastern,missing_irrigation_lab_ph_override,eastern_east_texas_tyler_missing_irrigation_lab_ph_override,eastern_east_texas_tyler_evidence,planting_readiness,fresh_market_cabbage,False,sorghum_sudangrass,Sorghum-sudangrass,True,2,2,72.28,conditional,57.23,low,79.0,,,data/scenarios/results/eastern_east_texas_tyler/missing_irrigation_lab_ph_override.json
eastern_east_texas_tyler,eastern,missing_irrigation_lab_ph_override,eastern_east_texas_tyler_missing_irrigation_lab_ph_override,eastern_east_texas_tyler_evidence,planting_readiness,fresh_market_cabbage,True,fresh_market_cabbage,Fresh-market cabbage,True,3,3,62.06,conditional,65.31,medium,79.0,,,data/scenarios/results/eastern_east_texas_tyler/missing_irrigation_lab_ph_override.json
eastern_east_texas_tyler,eastern,missing_irrigation_lab_ph_override,eastern_east_texas_tyler_missing_irrigation_lab_ph_override,eastern_east_texas_tyler_evidence,planting_readiness,fresh_market_cabbage,False,white_potato,White potato,True,4,4,60.98,conditional,57.23,low,79.0,,,data/scenarios/results/eastern_east_texas_tyler/missing_irrigation_lab_ph_override.json
eastern_east_texas_tyler,eastern,missing_irrigation_lab_ph_override,eastern_east_texas_tyler_missing_irrigation_lab_ph_override,eastern_east_texas_tyler_evidence,planting_readiness,fresh_market_cabbage,False,dry_bulb_onion,Dry-bulb onion,True,5,5,54.53,not_recommended,65.31,medium,79.0,,,data/scenarios/results/eastern_east_texas_tyler/missing_irrigation_lab_ph_override.json
eastern_east_texas_tyler,eastern,missing_irrigation_lab_ph_override,eastern_east_texas_tyler_missing_irrigation_lab_ph_override,eastern_east_texas_tyler_evidence,planting_readiness,fresh_market_cabbage,False,grain_sorghum,Grain sorghum,True,6,6,54.0,not_recommended,67.64,medium,96.0,far_outside_planting_window,far_outside_planting_window,data/scenarios/results/eastern_east_texas_tyler/missing_irrigation_lab_ph_override.json
eastern_east_texas_tyler,eastern,missing_irrigation_lab_ph_override,eastern_east_texas_tyler_missing_irrigation_lab_ph_override,eastern_east_texas_tyler_evidence,planting_readiness,fresh_market_cabbage,False,upland_cotton,Upland cotton,True,7,7,54.0,not_recommended,67.64,medium,96.0,far_outside_planting_window,far_outside_planting_window,data/scenarios/results/eastern_east_texas_tyler/missing_irrigation_lab_ph_override.json
eastern_east_texas_tyler,eastern,missing_irrigation_lab_ph_override,eastern_east_texas_tyler_missing_irrigation_lab_ph_override,eastern_east_texas_tyler_evidence,planting_readiness,fresh_market_cabbage,False,seedless_watermelon,Seedless watermelon,True,8,8,54.0,not_recommended,65.31,medium,79.0,far_outside_planting_window,far_outside_planting_window,data/scenarios/results/eastern_east_texas_tyler/missing_irrigation_lab_ph_override.json
eastern_east_texas_tyler,eastern,missing_irrigation_lab_ph_override,eastern_east_texas_tyler_missing_irrigation_lab_ph_override,eastern_east_texas_tyler_evidence,planting_readiness,fresh_market_cabbage,False,long_grain_rice,Long-grain rice,True,9,9,54.0,not_recommended,58.59,low,79.0,far_outside_planting_window,far_outside_planting_window,data/scenarios/results/eastern_east_texas_tyler/missing_irrigation_lab_ph_override.json
eastern_east_texas_tyler,eastern,missing_irrigation_lab_ph_override,eastern_east_texas_tyler_missing_irrigation_lab_ph_override,eastern_east_texas_tyler_evidence,planting_readiness,fresh_market_cabbage,False,oilseed_sunflower,Oilseed sunflower,True,10,10,54.0,not_recommended,57.23,low,79.0,far_outside_planting_window,far_outside_planting_window,data/scenarios/results/eastern_east_texas_tyler/missing_irrigation_lab_ph_override.json
eastern_east_texas_tyler,eastern,missing_irrigation_lab_ph_override,eastern_east_texas_tyler_missing_irrigation_lab_ph_override,eastern_east_texas_tyler_evidence,planting_readiness,fresh_market_cabbage,False,runner_peanut,Runner-type peanut,True,11,11,54.0,not_recommended,57.23,low,79.0,far_outside_planting_window,far_outside_planting_window,data/scenarios/results/eastern_east_texas_tyler/missing_irrigation_lab_ph_override.json
eastern_east_texas_tyler,eastern,missing_irrigation_lab_ph_override,eastern_east_texas_tyler_missing_irrigation_lab_ph_override,eastern_east_texas_tyler_evidence,planting_readiness,fresh_market_cabbage,False,sweet_potato,Sweet potato,True,12,12,54.0,not_recommended,57.23,low,79.0,far_outside_planting_window,far_outside_planting_window,data/scenarios/results/eastern_east_texas_tyler/missing_irrigation_lab_ph_override.json
eastern_east_texas_tyler,eastern,missing_irrigation_lab_ph_override,eastern_east_texas_tyler_missing_irrigation_lab_ph_override,eastern_east_texas_tyler_evidence,planting_readiness,fresh_market_cabbage,False,bermudagrass_hay,Bermudagrass grown for hay,True,13,13,54.0,not_recommended,55.07,low,76.0,far_outside_planting_window,far_outside_planting_window,data/scenarios/results/eastern_east_texas_tyler/missing_irrigation_lab_ph_override.json
eastern_east_texas_tyler,eastern,missing_irrigation_lab_ph_override,eastern_east_texas_tyler_missing_irrigation_lab_ph_override,eastern_east_texas_tyler_evidence,planting_readiness,fresh_market_cabbage,False,alfalfa_hay,Alfalfa grown for hay,True,14,14,54.0,not_recommended,49.56,low,79.0,far_outside_planting_window,far_outside_planting_window,data/scenarios/results/eastern_east_texas_tyler/missing_irrigation_lab_ph_override.json
eastern_east_texas_tyler,eastern,missing_irrigation_lab_ph_override,eastern_east_texas_tyler_missing_irrigation_lab_ph_override,eastern_east_texas_tyler_evidence,planting_readiness,fresh_market_cabbage,False,sesame,Sesame,True,15,15,54.0,not_recommended,47.38,low,76.0,far_outside_planting_window,far_outside_planting_window,data/scenarios/results/eastern_east_texas_tyler/missing_irrigation_lab_ph_override.json
eastern_east_texas_tyler,eastern,missing_irrigation_lab_ph_override,eastern_east_texas_tyler_missing_irrigation_lab_ph_override,eastern_east_texas_tyler_evidence,planting_readiness,fresh_market_cabbage,False,corn_grain,Corn grown for grain,True,16,16,53.15,not_recommended,67.64,medium,96.0,far_outside_planting_window,far_outside_planting_window,data/scenarios/results/eastern_east_texas_tyler/missing_irrigation_lab_ph_override.json
eastern_east_texas_tyler,eastern,missing_irrigation_lab_ph_override,eastern_east_texas_tyler_missing_irrigation_lab_ph_override,eastern_east_texas_tyler_evidence,planting_readiness,fresh_market_cabbage,False,corn_silage,Corn grown for silage,True,17,17,53.15,not_recommended,67.64,medium,96.0,far_outside_planting_window,far_outside_planting_window,data/scenarios/results/eastern_east_texas_tyler/missing_irrigation_lab_ph_override.json
eastern_east_texas_tyler,eastern,missing_irrigation_lab_ph_override,eastern_east_texas_tyler_missing_irrigation_lab_ph_override,eastern_east_texas_tyler_evidence,planting_readiness,fresh_market_cabbage,False,soybean,Soybean,True,18,18,52.08,not_recommended,67.64,medium,96.0,far_outside_planting_window,far_outside_planting_window,data/scenarios/results/eastern_east_texas_tyler/missing_irrigation_lab_ph_override.json
eastern_east_texas_tyler,eastern,missing_irrigation_lab_ph_override,eastern_east_texas_tyler_missing_irrigation_lab_ph_override,eastern_east_texas_tyler_evidence,planting_readiness,fresh_market_cabbage,False,fresh_market_spinach,Fresh-market spinach,True,19,19,52.06,not_recommended,65.31,medium,79.0,,,data/scenarios/results/eastern_east_texas_tyler/missing_irrigation_lab_ph_override.json
eastern_east_texas_tyler,eastern,missing_irrigation_lab_ph_override,eastern_east_texas_tyler_missing_irrigation_lab_ph_override,eastern_east_texas_tyler_evidence,planting_readiness,fresh_market_cabbage,False,annual_ryegrass_forage,Annual ryegrass grown for forage,True,20,20,51.25,not_recommended,56.42,low,76.0,far_outside_planting_window,far_outside_planting_window,data/scenarios/results/eastern_east_texas_tyler/missing_irrigation_lab_ph_override.json
eastern_east_texas_tyler,eastern,missing_irrigation_lab_ph_override,eastern_east_texas_tyler_missing_irrigation_lab_ph_override,eastern_east_texas_tyler_evidence,planting_readiness,fresh_market_cabbage,False,grain_oats,Grain oats,True,21,21,49.69,not_recommended,67.64,medium,96.0,,,data/scenarios/results/eastern_east_texas_tyler/missing_irrigation_lab_ph_override.json
eastern_east_texas_tyler,eastern,missing_irrigation_lab_ph_override,eastern_east_texas_tyler_missing_irrigation_lab_ph_override,eastern_east_texas_tyler_evidence,planting_readiness,fresh_market_cabbage,False,hard_red_winter_wheat,Hard red winter wheat,True,22,22,47.27,not_recommended,67.64,medium,96.0,far_outside_planting_window,far_outside_planting_window,data/scenarios/results/eastern_east_texas_tyler/missing_irrigation_lab_ph_override.json
eastern_rice_belt_eagle_lake,eastern,in_season_baseline,eastern_rice_belt_eagle_lake_in_season_baseline,eastern_rice_belt_eagle_lake_evidence,planting_readiness,fresh_market_cabbage,False,forage_sorghum,Forage sorghum,True,1,1,73.98,conditional,58.68,low,83.0,,,data/scenarios/results/eastern_rice_belt_eagle_lake/in_season_baseline.json
eastern_rice_belt_eagle_lake,eastern,in_season_baseline,eastern_rice_belt_eagle_lake_in_season_baseline,eastern_rice_belt_eagle_lake_evidence,planting_readiness,fresh_market_cabbage,False,sorghum_sudangrass,Sorghum-sudangrass,True,2,2,73.98,conditional,58.68,low,83.0,,,data/scenarios/results/eastern_rice_belt_eagle_lake/in_season_baseline.json
eastern_rice_belt_eagle_lake,eastern,in_season_baseline,eastern_rice_belt_eagle_lake_in_season_baseline,eastern_rice_belt_eagle_lake_evidence,planting_readiness,fresh_market_cabbage,False,white_potato,White potato,True,3,3,64.19,conditional,58.68,low,83.0,,,data/scenarios/results/eastern_rice_belt_eagle_lake/in_season_baseline.json
eastern_rice_belt_eagle_lake,eastern,in_season_baseline,eastern_rice_belt_eagle_lake_in_season_baseline,eastern_rice_belt_eagle_lake_evidence,planting_readiness,fresh_market_cabbage,True,fresh_market_cabbage,Fresh-market cabbage,True,4,4,60.63,conditional,67.01,medium,83.0,,,data/scenarios/results/eastern_rice_belt_eagle_lake/in_season_baseline.json
eastern_rice_belt_eagle_lake,eastern,in_season_baseline,eastern_rice_belt_eagle_lake_in_season_baseline,eastern_rice_belt_eagle_lake_evidence,planting_readiness,fresh_market_cabbage,False,corn_grain,Corn grown for grain,True,5,5,54.0,not_recommended,69.08,medium,100.0,far_outside_planting_window,far_outside_planting_window,data/scenarios/results/eastern_rice_belt_eagle_lake/in_season_baseline.json
eastern_rice_belt_eagle_lake,eastern,in_season_baseline,eastern_rice_belt_eagle_lake_in_season_baseline,eastern_rice_belt_eagle_lake_evidence,planting_readiness,fresh_market_cabbage,False,corn_silage,Corn grown for silage,True,6,6,54.0,not_recommended,69.08,medium,100.0,far_outside_planting_window,far_outside_planting_window,data/scenarios/results/eastern_rice_belt_eagle_lake/in_season_baseline.json
eastern_rice_belt_eagle_lake,eastern,in_season_baseline,eastern_rice_belt_eagle_lake_in_season_baseline,eastern_rice_belt_eagle_lake_evidence,planting_readiness,fresh_market_cabbage,False,grain_sorghum,Grain sorghum,True,7,7,54.0,not_recommended,69.08,medium,100.0,far_outside_planting_window,far_outside_planting_window,data/scenarios/results/eastern_rice_belt_eagle_lake/in_season_baseline.json
eastern_rice_belt_eagle_lake,eastern,in_season_baseline,eastern_rice_belt_eagle_lake_in_season_baseline,eastern_rice_belt_eagle_lake_evidence,planting_readiness,fresh_market_cabbage,False,upland_cotton,Upland cotton,True,8,8,54.0,not_recommended,69.08,medium,100.0,far_outside_planting_window,far_outside_planting_window,data/scenarios/results/eastern_rice_belt_eagle_lake/in_season_baseline.json
eastern_rice_belt_eagle_lake,eastern,in_season_baseline,eastern_rice_belt_eagle_lake_in_season_baseline,eastern_rice_belt_eagle_lake_evidence,planting_readiness,fresh_market_cabbage,False,seedless_watermelon,Seedless watermelon,True,9,9,54.0,not_recommended,67.01,medium,83.0,far_outside_planting_window,far_outside_planting_window,data/scenarios/results/eastern_rice_belt_eagle_lake/in_season_baseline.json
eastern_rice_belt_eagle_lake,eastern,in_season_baseline,eastern_rice_belt_eagle_lake_in_season_baseline,eastern_rice_belt_eagle_lake_evidence,planting_readiness,fresh_market_cabbage,False,long_grain_rice,Long-grain rice,True,10,10,54.0,not_recommended,60.03,low,83.0,far_outside_planting_window,far_outside_planting_window,data/scenarios/results/eastern_rice_belt_eagle_lake/in_season_baseline.json
eastern_rice_belt_eagle_lake,eastern,in_season_baseline,eastern_rice_belt_eagle_lake_in_season_baseline,eastern_rice_belt_eagle_lake_evidence,planting_readiness,fresh_market_cabbage,False,runner_peanut,Runner-type peanut,True,11,11,54.0,not_recommended,58.68,low,83.0,far_outside_planting_window,far_outside_planting_window,data/scenarios/results/eastern_rice_belt_eagle_lake/in_season_baseline.json
eastern_rice_belt_eagle_lake,eastern,in_season_baseline,eastern_rice_belt_eagle_lake_in_season_baseline,eastern_rice_belt_eagle_lake_evidence,planting_readiness,fresh_market_cabbage,False,sweet_potato,Sweet potato,True,12,12,54.0,not_recommended,58.68,low,83.0,far_outside_planting_window,far_outside_planting_window,data/scenarios/results/eastern_rice_belt_eagle_lake/in_season_baseline.json
eastern_rice_belt_eagle_lake,eastern,in_season_baseline,eastern_rice_belt_eagle_lake_in_season_baseline,eastern_rice_belt_eagle_lake_evidence,planting_readiness,fresh_market_cabbage,False,bermudagrass_hay,Bermudagrass grown for hay,True,13,13,54.0,not_recommended,56.51,low,80.0,far_outside_planting_window,far_outside_planting_window,data/scenarios/results/eastern_rice_belt_eagle_lake/in_season_baseline.json
eastern_rice_belt_eagle_lake,eastern,in_season_baseline,eastern_rice_belt_eagle_lake_in_season_baseline,eastern_rice_belt_eagle_lake_evidence,planting_readiness,fresh_market_cabbage,False,sesame,Sesame,True,14,14,54.0,not_recommended,48.57,low,80.0,far_outside_planting_window,far_outside_planting_window,data/scenarios/results/eastern_rice_belt_eagle_lake/in_season_baseline.json
eastern_rice_belt_eagle_lake,eastern,in_season_baseline,eastern_rice_belt_eagle_lake_in_season_baseline,eastern_rice_belt_eagle_lake_evidence,planting_readiness,fresh_market_cabbage,False,dry_bulb_onion,Dry-bulb onion,True,15,15,52.98,not_recommended,67.01,medium,83.0,,,data/scenarios/results/eastern_rice_belt_eagle_lake/in_season_baseline.json
eastern_rice_belt_eagle_lake,eastern,in_season_baseline,eastern_rice_belt_eagle_lake_in_season_baseline,eastern_rice_belt_eagle_lake_evidence,planting_readiness,fresh_market_cabbage,False,oilseed_sunflower,Oilseed sunflower,True,16,16,52.95,not_recommended,58.68,low,83.0,far_outside_planting_window,far_outside_planting_window,data/scenarios/results/eastern_rice_belt_eagle_lake/in_season_baseline.json
eastern_rice_belt_eagle_lake,eastern,in_season_baseline,eastern_rice_belt_eagle_lake_in_season_baseline,eastern_rice_belt_eagle_lake_evidence,planting_readiness,fresh_market_cabbage,False,annual_ryegrass_forage,Annual ryegrass grown for forage,True,17,17,52.56,not_recommended,57.87,low,80.0,far_outside_planting_window,far_outside_planting_window,data/scenarios/results/eastern_rice_belt_eagle_lake/in_season_baseline.json
eastern_rice_belt_eagle_lake,eastern,in_season_baseline,eastern_rice_belt_eagle_lake_in_season_baseline,eastern_rice_belt_eagle_lake_evidence,planting_readiness,fresh_market_cabbage,False,soybean,Soybean,True,18,18,51.3,not_recommended,69.08,medium,100.0,far_outside_planting_window,far_outside_planting_window,data/scenarios/results/eastern_rice_belt_eagle_lake/in_season_baseline.json
eastern_rice_belt_eagle_lake,eastern,in_season_baseline,eastern_rice_belt_eagle_lake_in_season_baseline,eastern_rice_belt_eagle_lake_evidence,planting_readiness,fresh_market_cabbage,False,grain_oats,Grain oats,True,19,19,49.8,not_recommended,69.08,medium,100.0,,,data/scenarios/results/eastern_rice_belt_eagle_lake/in_season_baseline.json
eastern_rice_belt_eagle_lake,eastern,in_season_baseline,eastern_rice_belt_eagle_lake_in_season_baseline,eastern_rice_belt_eagle_lake_evidence,planting_readiness,fresh_market_cabbage,False,alfalfa_hay,Alfalfa grown for hay,True,20,20,49.25,not_recommended,51.0,low,83.0,far_outside_planting_window,far_outside_planting_window,data/scenarios/results/eastern_rice_belt_eagle_lake/in_season_baseline.json
eastern_rice_belt_eagle_lake,eastern,in_season_baseline,eastern_rice_belt_eagle_lake_in_season_baseline,eastern_rice_belt_eagle_lake_evidence,planting_readiness,fresh_market_cabbage,False,fresh_market_spinach,Fresh-market spinach,True,21,21,47.74,not_recommended,67.01,medium,83.0,,,data/scenarios/results/eastern_rice_belt_eagle_lake/in_season_baseline.json
eastern_rice_belt_eagle_lake,eastern,in_season_baseline,eastern_rice_belt_eagle_lake_in_season_baseline,eastern_rice_belt_eagle_lake_evidence,planting_readiness,fresh_market_cabbage,False,hard_red_winter_wheat,Hard red winter wheat,True,22,22,45.88,not_recommended,69.08,medium,100.0,far_outside_planting_window,far_outside_planting_window,data/scenarios/results/eastern_rice_belt_eagle_lake/in_season_baseline.json
eastern_rice_belt_eagle_lake,eastern,out_of_season,eastern_rice_belt_eagle_lake_out_of_season,eastern_rice_belt_eagle_lake_evidence,planning,fresh_market_cabbage,False,sweet_potato,Sweet potato,True,1,1,91.0,recommended,40.49,low,60.0,,,data/scenarios/results/eastern_rice_belt_eagle_lake/out_of_season.json
eastern_rice_belt_eagle_lake,eastern,out_of_season,eastern_rice_belt_eagle_lake_out_of_season,eastern_rice_belt_eagle_lake_evidence,planning,fresh_market_cabbage,False,bermudagrass_hay,Bermudagrass grown for hay,True,2,2,87.79,recommended,40.49,low,60.0,,,data/scenarios/results/eastern_rice_belt_eagle_lake/out_of_season.json
eastern_rice_belt_eagle_lake,eastern,out_of_season,eastern_rice_belt_eagle_lake_out_of_season,eastern_rice_belt_eagle_lake_evidence,planning,fresh_market_cabbage,False,forage_sorghum,Forage sorghum,True,3,3,87.75,recommended,40.49,low,60.0,,,data/scenarios/results/eastern_rice_belt_eagle_lake/out_of_season.json
eastern_rice_belt_eagle_lake,eastern,out_of_season,eastern_rice_belt_eagle_lake_out_of_season,eastern_rice_belt_eagle_lake_evidence,planning,fresh_market_cabbage,False,grain_sorghum,Grain sorghum,True,4,4,87.75,recommended,40.49,low,60.0,,,data/scenarios/results/eastern_rice_belt_eagle_lake/out_of_season.json
eastern_rice_belt_eagle_lake,eastern,out_of_season,eastern_rice_belt_eagle_lake_out_of_season,eastern_rice_belt_eagle_lake_evidence,planning,fresh_market_cabbage,False,sorghum_sudangrass,Sorghum-sudangrass,True,5,5,87.75,recommended,40.49,low,60.0,,,data/scenarios/results/eastern_rice_belt_eagle_lake/out_of_season.json
eastern_rice_belt_eagle_lake,eastern,out_of_season,eastern_rice_belt_eagle_lake_out_of_season,eastern_rice_belt_eagle_lake_evidence,planning,fresh_market_cabbage,False,soybean,Soybean,True,6,6,84.67,recommended,40.49,low,60.0,,,data/scenarios/results/eastern_rice_belt_eagle_lake/out_of_season.json
eastern_rice_belt_eagle_lake,eastern,out_of_season,eastern_rice_belt_eagle_lake_out_of_season,eastern_rice_belt_eagle_lake_evidence,planning,fresh_market_cabbage,False,oilseed_sunflower,Oilseed sunflower,True,7,7,84.33,recommended,40.49,low,60.0,,,data/scenarios/results/eastern_rice_belt_eagle_lake/out_of_season.json
eastern_rice_belt_eagle_lake,eastern,out_of_season,eastern_rice_belt_eagle_lake_out_of_season,eastern_rice_belt_eagle_lake_evidence,planning,fresh_market_cabbage,False,long_grain_rice,Long-grain rice,True,8,8,83.5,recommended,41.84,low,60.0,,,data/scenarios/results/eastern_rice_belt_eagle_lake/out_of_season.json
eastern_rice_belt_eagle_lake,eastern,out_of_season,eastern_rice_belt_eagle_lake_out_of_season,eastern_rice_belt_eagle_lake_evidence,planning,fresh_market_cabbage,False,upland_cotton,Upland cotton,True,9,9,83.0,recommended,40.49,low,60.0,,,data/scenarios/results/eastern_rice_belt_eagle_lake/out_of_season.json
eastern_rice_belt_eagle_lake,eastern,out_of_season,eastern_rice_belt_eagle_lake_out_of_season,eastern_rice_belt_eagle_lake_evidence,planning,fresh_market_cabbage,False,runner_peanut,Runner-type peanut,True,10,10,81.96,recommended,40.49,low,60.0,,,data/scenarios/results/eastern_rice_belt_eagle_lake/out_of_season.json
eastern_rice_belt_eagle_lake,eastern,out_of_season,eastern_rice_belt_eagle_lake_out_of_season,eastern_rice_belt_eagle_lake_evidence,planning,fresh_market_cabbage,False,sesame,Sesame,True,11,11,80.71,recommended,33.87,low,60.0,,,data/scenarios/results/eastern_rice_belt_eagle_lake/out_of_season.json
eastern_rice_belt_eagle_lake,eastern,out_of_season,eastern_rice_belt_eagle_lake_out_of_season,eastern_rice_belt_eagle_lake_evidence,planning,fresh_market_cabbage,False,seedless_watermelon,Seedless watermelon,True,12,12,78.21,recommended,47.11,low,60.0,,,data/scenarios/results/eastern_rice_belt_eagle_lake/out_of_season.json
eastern_rice_belt_eagle_lake,eastern,out_of_season,eastern_rice_belt_eagle_lake_out_of_season,eastern_rice_belt_eagle_lake_evidence,planning,fresh_market_cabbage,False,corn_grain,Corn grown for grain,True,13,13,72.54,conditional,40.49,low,60.0,,,data/scenarios/results/eastern_rice_belt_eagle_lake/out_of_season.json
eastern_rice_belt_eagle_lake,eastern,out_of_season,eastern_rice_belt_eagle_lake_out_of_season,eastern_rice_belt_eagle_lake_evidence,planning,fresh_market_cabbage,False,corn_silage,Corn grown for silage,True,14,14,72.54,conditional,40.49,low,60.0,,,data/scenarios/results/eastern_rice_belt_eagle_lake/out_of_season.json
eastern_rice_belt_eagle_lake,eastern,out_of_season,eastern_rice_belt_eagle_lake_out_of_season,eastern_rice_belt_eagle_lake_evidence,planning,fresh_market_cabbage,False,annual_ryegrass_forage,Annual ryegrass grown for forage,True,15,15,54.0,not_recommended,41.84,low,60.0,far_outside_planting_window,far_outside_planting_window,data/scenarios/results/eastern_rice_belt_eagle_lake/out_of_season.json
eastern_rice_belt_eagle_lake,eastern,out_of_season,eastern_rice_belt_eagle_lake_out_of_season,eastern_rice_belt_eagle_lake_evidence,planning,fresh_market_cabbage,False,grain_oats,Grain oats,True,16,16,54.0,not_recommended,40.49,low,60.0,far_outside_planting_window,far_outside_planting_window,data/scenarios/results/eastern_rice_belt_eagle_lake/out_of_season.json
eastern_rice_belt_eagle_lake,eastern,out_of_season,eastern_rice_belt_eagle_lake_out_of_season,eastern_rice_belt_eagle_lake_evidence,planning,fresh_market_cabbage,False,hard_red_winter_wheat,Hard red winter wheat,True,17,17,54.0,not_recommended,40.49,low,60.0,far_outside_planting_window,far_outside_planting_window,data/scenarios/results/eastern_rice_belt_eagle_lake/out_of_season.json
eastern_rice_belt_eagle_lake,eastern,out_of_season,eastern_rice_belt_eagle_lake_out_of_season,eastern_rice_belt_eagle_lake_evidence,planning,fresh_market_cabbage,False,white_potato,White potato,True,18,18,54.0,not_recommended,40.49,low,60.0,far_outside_planting_window,far_outside_planting_window,data/scenarios/results/eastern_rice_belt_eagle_lake/out_of_season.json
eastern_rice_belt_eagle_lake,eastern,out_of_season,eastern_rice_belt_eagle_lake_out_of_season,eastern_rice_belt_eagle_lake_evidence,planning,fresh_market_cabbage,False,dry_bulb_onion,Dry-bulb onion,True,19,19,50.38,not_recommended,47.11,low,60.0,far_outside_planting_window,far_outside_planting_window,data/scenarios/results/eastern_rice_belt_eagle_lake/out_of_season.json
eastern_rice_belt_eagle_lake,eastern,out_of_season,eastern_rice_belt_eagle_lake_out_of_season,eastern_rice_belt_eagle_lake_evidence,planning,fresh_market_cabbage,True,fresh_market_cabbage,Fresh-market cabbage,True,20,20,47.62,not_recommended,47.11,low,60.0,far_outside_planting_window,far_outside_planting_window,data/scenarios/results/eastern_rice_belt_eagle_lake/out_of_season.json
eastern_rice_belt_eagle_lake,eastern,out_of_season,eastern_rice_belt_eagle_lake_out_of_season,eastern_rice_belt_eagle_lake_evidence,planning,fresh_market_cabbage,False,alfalfa_hay,Alfalfa grown for hay,True,21,21,46.04,not_recommended,32.81,low,60.0,far_outside_planting_window,far_outside_planting_window,data/scenarios/results/eastern_rice_belt_eagle_lake/out_of_season.json
eastern_rice_belt_eagle_lake,eastern,out_of_season,eastern_rice_belt_eagle_lake_out_of_season,eastern_rice_belt_eagle_lake_evidence,planning,fresh_market_cabbage,False,fresh_market_spinach,Fresh-market spinach,True,22,22,43.96,not_recommended,47.11,low,60.0,far_outside_planting_window,far_outside_planting_window,data/scenarios/results/eastern_rice_belt_eagle_lake/out_of_season.json
eastern_rice_belt_eagle_lake,eastern,no_irrigation,eastern_rice_belt_eagle_lake_no_irrigation,eastern_rice_belt_eagle_lake_evidence,planting_readiness,fresh_market_cabbage,False,forage_sorghum,Forage sorghum,True,1,1,73.98,conditional,58.68,low,83.0,,,data/scenarios/results/eastern_rice_belt_eagle_lake/no_irrigation.json
eastern_rice_belt_eagle_lake,eastern,no_irrigation,eastern_rice_belt_eagle_lake_no_irrigation,eastern_rice_belt_eagle_lake_evidence,planting_readiness,fresh_market_cabbage,False,sorghum_sudangrass,Sorghum-sudangrass,True,2,2,73.98,conditional,58.68,low,83.0,,,data/scenarios/results/eastern_rice_belt_eagle_lake/no_irrigation.json
eastern_rice_belt_eagle_lake,eastern,no_irrigation,eastern_rice_belt_eagle_lake_no_irrigation,eastern_rice_belt_eagle_lake_evidence,planting_readiness,fresh_market_cabbage,False,white_potato,White potato,True,3,3,62.5,conditional,58.68,low,83.0,,,data/scenarios/results/eastern_rice_belt_eagle_lake/no_irrigation.json
eastern_rice_belt_eagle_lake,eastern,no_irrigation,eastern_rice_belt_eagle_lake_no_irrigation,eastern_rice_belt_eagle_lake_evidence,planting_readiness,fresh_market_cabbage,True,fresh_market_cabbage,Fresh-market cabbage,True,4,4,58.95,conditional,67.01,medium,83.0,,,data/scenarios/results/eastern_rice_belt_eagle_lake/no_irrigation.json
eastern_rice_belt_eagle_lake,eastern,no_irrigation,eastern_rice_belt_eagle_lake_no_irrigation,eastern_rice_belt_eagle_lake_evidence,planting_readiness,fresh_market_cabbage,False,grain_sorghum,Grain sorghum,True,5,5,54.0,not_recommended,69.08,medium,100.0,far_outside_planting_window,far_outside_planting_window,data/scenarios/results/eastern_rice_belt_eagle_lake/no_irrigation.json
eastern_rice_belt_eagle_lake,eastern,no_irrigation,eastern_rice_belt_eagle_lake_no_irrigation,eastern_rice_belt_eagle_lake_evidence,planting_readiness,fresh_market_cabbage,False,upland_cotton,Upland cotton,True,6,6,54.0,not_recommended,69.08,medium,100.0,far_outside_planting_window,far_outside_planting_window,data/scenarios/results/eastern_rice_belt_eagle_lake/no_irrigation.json
eastern_rice_belt_eagle_lake,eastern,no_irrigation,eastern_rice_belt_eagle_lake_no_irrigation,eastern_rice_belt_eagle_lake_evidence,planting_readiness,fresh_market_cabbage,False,seedless_watermelon,Seedless watermelon,True,7,7,54.0,not_recommended,67.01,medium,83.0,far_outside_planting_window,far_outside_planting_window,data/scenarios/results/eastern_rice_belt_eagle_lake/no_irrigation.json
eastern_rice_belt_eagle_lake,eastern,no_irrigation,eastern_rice_belt_eagle_lake_no_irrigation,eastern_rice_belt_eagle_lake_evidence,planting_readiness,fresh_market_cabbage,False,long_grain_rice,Long-grain rice,True,8,8,54.0,not_recommended,60.03,low,83.0,far_outside_planting_window|required_irrigation_unavailable,far_outside_planting_window|required_irrigation_unavailable,data/scenarios/results/eastern_rice_belt_eagle_lake/no_irrigation.json
eastern_rice_belt_eagle_lake,eastern,no_irrigation,eastern_rice_belt_eagle_lake_no_irrigation,eastern_rice_belt_eagle_lake_evidence,planting_readiness,fresh_market_cabbage,False,runner_peanut,Runner-type peanut,True,9,9,54.0,not_recommended,58.68,low,83.0,far_outside_planting_window,far_outside_planting_window,data/scenarios/results/eastern_rice_belt_eagle_lake/no_irrigation.json
eastern_rice_belt_eagle_lake,eastern,no_irrigation,eastern_rice_belt_eagle_lake_no_irrigation,eastern_rice_belt_eagle_lake_evidence,planting_readiness,fresh_market_cabbage,False,sweet_potato,Sweet potato,True,10,10,54.0,not_recommended,58.68,low,83.0,far_outside_planting_window,far_outside_planting_window,data/scenarios/results/eastern_rice_belt_eagle_lake/no_irrigation.json
eastern_rice_belt_eagle_lake,eastern,no_irrigation,eastern_rice_belt_eagle_lake_no_irrigation,eastern_rice_belt_eagle_lake_evidence,planting_readiness,fresh_market_cabbage,False,bermudagrass_hay,Bermudagrass grown for hay,True,11,11,54.0,not_recommended,56.51,low,80.0,far_outside_planting_window,far_outside_planting_window,data/scenarios/results/eastern_rice_belt_eagle_lake/no_irrigation.json
eastern_rice_belt_eagle_lake,eastern,no_irrigation,eastern_rice_belt_eagle_lake_no_irrigation,eastern_rice_belt_eagle_lake_evidence,planting_readiness,fresh_market_cabbage,False,sesame,Sesame,True,12,12,54.0,not_recommended,48.57,low,80.0,far_outside_planting_window,far_outside_planting_window,data/scenarios/results/eastern_rice_belt_eagle_lake/no_irrigation.json
eastern_rice_belt_eagle_lake,eastern,no_irrigation,eastern_rice_belt_eagle_lake_no_irrigation,eastern_rice_belt_eagle_lake_evidence,planting_readiness,fresh_market_cabbage,False,corn_grain,Corn grown for grain,True,13,13,53.67,not_recommended,69.08,medium,100.0,far_outside_planting_window,far_outside_planting_window,data/scenarios/results/eastern_rice_belt_eagle_lake/no_irrigation.json
eastern_rice_belt_eagle_lake,eastern,no_irrigation,eastern_rice_belt_eagle_lake_no_irrigation,eastern_rice_belt_eagle_lake_evidence,planting_readiness,fresh_market_cabbage,False,oilseed_sunflower,Oilseed sunflower,True,14,14,52.95,not_recommended,58.68,low,83.0,far_outside_planting_window,far_outside_planting_window,data/scenarios/results/eastern_rice_belt_eagle_lake/no_irrigation.json
eastern_rice_belt_eagle_lake,eastern,no_irrigation,eastern_rice_belt_eagle_lake_no_irrigation,eastern_rice_belt_eagle_lake_evidence,planting_readiness,fresh_market_cabbage,False,corn_silage,Corn grown for silage,True,15,15,52.67,not_recommended,69.08,medium,100.0,far_outside_planting_window,far_outside_planting_window,data/scenarios/results/eastern_rice_belt_eagle_lake/no_irrigation.json
eastern_rice_belt_eagle_lake,eastern,no_irrigation,eastern_rice_belt_eagle_lake_no_irrigation,eastern_rice_belt_eagle_lake_evidence,planting_readiness,fresh_market_cabbage,False,annual_ryegrass_forage,Annual ryegrass grown for forage,True,16,16,52.06,not_recommended,57.87,low,80.0,far_outside_planting_window,far_outside_planting_window,data/scenarios/results/eastern_rice_belt_eagle_lake/no_irrigation.json
eastern_rice_belt_eagle_lake,eastern,no_irrigation,eastern_rice_belt_eagle_lake_no_irrigation,eastern_rice_belt_eagle_lake_evidence,planting_readiness,fresh_market_cabbage,False,soybean,Soybean,True,17,17,50.9,not_recommended,69.08,medium,100.0,far_outside_planting_window,far_outside_planting_window,data/scenarios/results/eastern_rice_belt_eagle_lake/no_irrigation.json
eastern_rice_belt_eagle_lake,eastern,no_irrigation,eastern_rice_belt_eagle_lake_no_irrigation,eastern_rice_belt_eagle_lake_evidence,planting_readiness,fresh_market_cabbage,False,dry_bulb_onion,Dry-bulb onion,True,18,18,49.61,not_recommended,67.01,medium,83.0,required_irrigation_unavailable,required_irrigation_unavailable,data/scenarios/results/eastern_rice_belt_eagle_lake/no_irrigation.json
eastern_rice_belt_eagle_lake,eastern,no_irrigation,eastern_rice_belt_eagle_lake_no_irrigation,eastern_rice_belt_eagle_lake_evidence,planting_readiness,fresh_market_cabbage,False,grain_oats,Grain oats,True,19,19,49.4,not_recommended,69.08,medium,100.0,,,data/scenarios/results/eastern_rice_belt_eagle_lake/no_irrigation.json
eastern_rice_belt_eagle_lake,eastern,no_irrigation,eastern_rice_belt_eagle_lake_no_irrigation,eastern_rice_belt_eagle_lake_evidence,planting_readiness,fresh_market_cabbage,False,fresh_market_spinach,Fresh-market spinach,True,20,20,46.05,not_recommended,67.01,medium,83.0,,,data/scenarios/results/eastern_rice_belt_eagle_lake/no_irrigation.json
eastern_rice_belt_eagle_lake,eastern,no_irrigation,eastern_rice_belt_eagle_lake_no_irrigation,eastern_rice_belt_eagle_lake_evidence,planting_readiness,fresh_market_cabbage,False,alfalfa_hay,Alfalfa grown for hay,True,21,21,45.87,not_recommended,51.0,low,83.0,far_outside_planting_window|required_irrigation_unavailable,far_outside_planting_window|required_irrigation_unavailable,data/scenarios/results/eastern_rice_belt_eagle_lake/no_irrigation.json
eastern_rice_belt_eagle_lake,eastern,no_irrigation,eastern_rice_belt_eagle_lake_no_irrigation,eastern_rice_belt_eagle_lake_evidence,planting_readiness,fresh_market_cabbage,False,hard_red_winter_wheat,Hard red winter wheat,True,22,22,45.48,not_recommended,69.08,medium,100.0,far_outside_planting_window,far_outside_planting_window,data/scenarios/results/eastern_rice_belt_eagle_lake/no_irrigation.json
eastern_rice_belt_eagle_lake,eastern,reliable_irrigation,eastern_rice_belt_eagle_lake_reliable_irrigation,eastern_rice_belt_eagle_lake_evidence,planting_readiness,fresh_market_cabbage,False,forage_sorghum,Forage sorghum,True,1,1,74.46,conditional,58.68,low,83.0,,,data/scenarios/results/eastern_rice_belt_eagle_lake/reliable_irrigation.json
eastern_rice_belt_eagle_lake,eastern,reliable_irrigation,eastern_rice_belt_eagle_lake_reliable_irrigation,eastern_rice_belt_eagle_lake_evidence,planting_readiness,fresh_market_cabbage,False,sorghum_sudangrass,Sorghum-sudangrass,True,2,2,74.46,conditional,58.68,low,83.0,,,data/scenarios/results/eastern_rice_belt_eagle_lake/reliable_irrigation.json
eastern_rice_belt_eagle_lake,eastern,reliable_irrigation,eastern_rice_belt_eagle_lake_reliable_irrigation,eastern_rice_belt_eagle_lake_evidence,planting_readiness,fresh_market_cabbage,False,white_potato,White potato,True,3,3,65.63,conditional,58.68,low,83.0,,,data/scenarios/results/eastern_rice_belt_eagle_lake/reliable_irrigation.json
eastern_rice_belt_eagle_lake,eastern,reliable_irrigation,eastern_rice_belt_eagle_lake_reliable_irrigation,eastern_rice_belt_eagle_lake_evidence,planting_readiness,fresh_market_cabbage,True,fresh_market_cabbage,Fresh-market cabbage,True,4,4,62.08,conditional,67.01,medium,83.0,,,data/scenarios/results/eastern_rice_belt_eagle_lake/reliable_irrigation.json
eastern_rice_belt_eagle_lake,eastern,reliable_irrigation,eastern_rice_belt_eagle_lake_reliable_irrigation,eastern_rice_belt_eagle_lake_evidence,planting_readiness,fresh_market_cabbage,False,dry_bulb_onion,Dry-bulb onion,True,5,5,54.43,not_recommended,67.01,medium,83.0,,,data/scenarios/results/eastern_rice_belt_eagle_lake/reliable_irrigation.json
eastern_rice_belt_eagle_lake,eastern,reliable_irrigation,eastern_rice_belt_eagle_lake_reliable_irrigation,eastern_rice_belt_eagle_lake_evidence,planting_readiness,fresh_market_cabbage,False,corn_grain,Corn grown for grain,True,6,6,54.0,not_recommended,69.08,medium,100.0,far_outside_planting_window,far_outside_planting_window,data/scenarios/results/eastern_rice_belt_eagle_lake/reliable_irrigation.json
eastern_rice_belt_eagle_lake,eastern,reliable_irrigation,eastern_rice_belt_eagle_lake_reliable_irrigation,eastern_rice_belt_eagle_lake_evidence,planting_readiness,fresh_market_cabbage,False,corn_silage,Corn grown for silage,True,7,7,54.0,not_recommended,69.08,medium,100.0,far_outside_planting_window,far_outside_planting_window,data/scenarios/results/eastern_rice_belt_eagle_lake/reliable_irrigation.json
eastern_rice_belt_eagle_lake,eastern,reliable_irrigation,eastern_rice_belt_eagle_lake_reliable_irrigation,eastern_rice_belt_eagle_lake_evidence,planting_readiness,fresh_market_cabbage,False,grain_sorghum,Grain sorghum,True,8,8,54.0,not_recommended,69.08,medium,100.0,far_outside_planting_window,far_outside_planting_window,data/scenarios/results/eastern_rice_belt_eagle_lake/reliable_irrigation.json
eastern_rice_belt_eagle_lake,eastern,reliable_irrigation,eastern_rice_belt_eagle_lake_reliable_irrigation,eastern_rice_belt_eagle_lake_evidence,planting_readiness,fresh_market_cabbage,False,upland_cotton,Upland cotton,True,9,9,54.0,not_recommended,69.08,medium,100.0,far_outside_planting_window,far_outside_planting_window,data/scenarios/results/eastern_rice_belt_eagle_lake/reliable_irrigation.json
eastern_rice_belt_eagle_lake,eastern,reliable_irrigation,eastern_rice_belt_eagle_lake_reliable_irrigation,eastern_rice_belt_eagle_lake_evidence,planting_readiness,fresh_market_cabbage,False,seedless_watermelon,Seedless watermelon,True,10,10,54.0,not_recommended,67.01,medium,83.0,far_outside_planting_window,far_outside_planting_window,data/scenarios/results/eastern_rice_belt_eagle_lake/reliable_irrigation.json
eastern_rice_belt_eagle_lake,eastern,reliable_irrigation,eastern_rice_belt_eagle_lake_reliable_irrigation,eastern_rice_belt_eagle_lake_evidence,planting_readiness,fresh_market_cabbage,False,long_grain_rice,Long-grain rice,True,11,11,54.0,not_recommended,60.03,low,83.0,far_outside_planting_window,far_outside_planting_window,data/scenarios/results/eastern_rice_belt_eagle_lake/reliable_irrigation.json
eastern_rice_belt_eagle_lake,eastern,reliable_irrigation,eastern_rice_belt_eagle_lake_reliable_irrigation,eastern_rice_belt_eagle_lake_evidence,planting_readiness,fresh_market_cabbage,False,runner_peanut,Runner-type peanut,True,12,12,54.0,not_recommended,58.68,low,83.0,far_outside_planting_window,far_outside_planting_window,data/scenarios/results/eastern_rice_belt_eagle_lake/reliable_irrigation.json
eastern_rice_belt_eagle_lake,eastern,reliable_irrigation,eastern_rice_belt_eagle_lake_reliable_irrigation,eastern_rice_belt_eagle_lake_evidence,planting_readiness,fresh_market_cabbage,False,sweet_potato,Sweet potato,True,13,13,54.0,not_recommended,58.68,low,83.0,far_outside_planting_window,far_outside_planting_window,data/scenarios/results/eastern_rice_belt_eagle_lake/reliable_irrigation.json
eastern_rice_belt_eagle_lake,eastern,reliable_irrigation,eastern_rice_belt_eagle_lake_reliable_irrigation,eastern_rice_belt_eagle_lake_evidence,planting_readiness,fresh_market_cabbage,False,annual_ryegrass_forage,Annual ryegrass grown for forage,True,14,14,54.0,not_recommended,57.87,low,80.0,far_outside_planting_window,far_outside_planting_window,data/scenarios/results/eastern_rice_belt_eagle_lake/reliable_irrigation.json
eastern_rice_belt_eagle_lake,eastern,reliable_irrigation,eastern_rice_belt_eagle_lake_reliable_irrigation,eastern_rice_belt_eagle_lake_evidence,planting_readiness,fresh_market_cabbage,False,bermudagrass_hay,Bermudagrass grown for hay,True,15,15,54.0,not_recommended,56.51,low,80.0,far_outside_planting_window,far_outside_planting_window,data/scenarios/results/eastern_rice_belt_eagle_lake/reliable_irrigation.json
eastern_rice_belt_eagle_lake,eastern,reliable_irrigation,eastern_rice_belt_eagle_lake_reliable_irrigation,eastern_rice_belt_eagle_lake_evidence,planting_readiness,fresh_market_cabbage,False,sesame,Sesame,True,16,16,54.0,not_recommended,48.57,low,80.0,far_outside_planting_window,far_outside_planting_window,data/scenarios/results/eastern_rice_belt_eagle_lake/reliable_irrigation.json
eastern_rice_belt_eagle_lake,eastern,reliable_irrigation,eastern_rice_belt_eagle_lake_reliable_irrigation,eastern_rice_belt_eagle_lake_evidence,planting_readiness,fresh_market_cabbage,False,oilseed_sunflower,Oilseed sunflower,True,17,17,53.43,not_recommended,58.68,low,83.0,far_outside_planting_window,far_outside_planting_window,data/scenarios/results/eastern_rice_belt_eagle_lake/reliable_irrigation.json
eastern_rice_belt_eagle_lake,eastern,reliable_irrigation,eastern_rice_belt_eagle_lake_reliable_irrigation,eastern_rice_belt_eagle_lake_evidence,planting_readiness,fresh_market_cabbage,False,soybean,Soybean,True,18,18,52.5,not_recommended,69.08,medium,100.0,far_outside_planting_window,far_outside_planting_window,data/scenarios/results/eastern_rice_belt_eagle_lake/reliable_irrigation.json
eastern_rice_belt_eagle_lake,eastern,reliable_irrigation,eastern_rice_belt_eagle_lake_reliable_irrigation,eastern_rice_belt_eagle_lake_evidence,planting_readiness,fresh_market_cabbage,False,grain_oats,Grain oats,True,19,19,51.0,not_recommended,69.08,medium,100.0,,,data/scenarios/results/eastern_rice_belt_eagle_lake/reliable_irrigation.json
eastern_rice_belt_eagle_lake,eastern,reliable_irrigation,eastern_rice_belt_eagle_lake_reliable_irrigation,eastern_rice_belt_eagle_lake_evidence,planting_readiness,fresh_market_cabbage,False,alfalfa_hay,Alfalfa grown for hay,True,20,20,50.69,not_recommended,51.0,low,83.0,far_outside_planting_window,far_outside_planting_window,data/scenarios/results/eastern_rice_belt_eagle_lake/reliable_irrigation.json
eastern_rice_belt_eagle_lake,eastern,reliable_irrigation,eastern_rice_belt_eagle_lake_reliable_irrigation,eastern_rice_belt_eagle_lake_evidence,planting_readiness,fresh_market_cabbage,False,fresh_market_spinach,Fresh-market spinach,True,21,21,49.19,not_recommended,67.01,medium,83.0,,,data/scenarios/results/eastern_rice_belt_eagle_lake/reliable_irrigation.json
eastern_rice_belt_eagle_lake,eastern,reliable_irrigation,eastern_rice_belt_eagle_lake_reliable_irrigation,eastern_rice_belt_eagle_lake_evidence,planting_readiness,fresh_market_cabbage,False,hard_red_winter_wheat,Hard red winter wheat,True,22,22,47.08,not_recommended,69.08,medium,100.0,far_outside_planting_window,far_outside_planting_window,data/scenarios/results/eastern_rice_belt_eagle_lake/reliable_irrigation.json
eastern_rice_belt_eagle_lake,eastern,missing_irrigation_lab_ph_override,eastern_rice_belt_eagle_lake_missing_irrigation_lab_ph_override,eastern_rice_belt_eagle_lake_evidence,planting_readiness,fresh_market_cabbage,False,forage_sorghum,Forage sorghum,True,1,1,75.06,recommended,57.23,low,79.0,,,data/scenarios/results/eastern_rice_belt_eagle_lake/missing_irrigation_lab_ph_override.json
eastern_rice_belt_eagle_lake,eastern,missing_irrigation_lab_ph_override,eastern_rice_belt_eagle_lake_missing_irrigation_lab_ph_override,eastern_rice_belt_eagle_lake_evidence,planting_readiness,fresh_market_cabbage,False,sorghum_sudangrass,Sorghum-sudangrass,True,2,2,75.06,recommended,57.23,low,79.0,,,data/scenarios/results/eastern_rice_belt_eagle_lake/missing_irrigation_lab_ph_override.json
eastern_rice_belt_eagle_lake,eastern,missing_irrigation_lab_ph_override,eastern_rice_belt_eagle_lake_missing_irrigation_lab_ph_override,eastern_rice_belt_eagle_lake_evidence,planting_readiness,fresh_market_cabbage,True,fresh_market_cabbage,Fresh-market cabbage,True,3,3,64.34,conditional,65.31,medium,79.0,,,data/scenarios/results/eastern_rice_belt_eagle_lake/missing_irrigation_lab_ph_override.json
eastern_rice_belt_eagle_lake,eastern,missing_irrigation_lab_ph_override,eastern_rice_belt_eagle_lake_missing_irrigation_lab_ph_override,eastern_rice_belt_eagle_lake_evidence,planting_readiness,fresh_market_cabbage,False,white_potato,White potato,True,4,4,63.89,conditional,57.23,low,79.0,,,data/scenarios/results/eastern_rice_belt_eagle_lake/missing_irrigation_lab_ph_override.json
eastern_rice_belt_eagle_lake,eastern,missing_irrigation_lab_ph_override,eastern_rice_belt_eagle_lake_missing_irrigation_lab_ph_override,eastern_rice_belt_eagle_lake_evidence,planting_readiness,fresh_market_cabbage,False,dry_bulb_onion,Dry-bulb onion,True,5,5,56.3,conditional,65.31,medium,79.0,,,data/scenarios/results/eastern_rice_belt_eagle_lake/missing_irrigation_lab_ph_override.json
eastern_rice_belt_eagle_lake,eastern,missing_irrigation_lab_ph_override,eastern_rice_belt_eagle_lake_missing_irrigation_lab_ph_override,eastern_rice_belt_eagle_lake_evidence,planting_readiness,fresh_market_cabbage,False,corn_grain,Corn grown for grain,True,6,6,54.0,not_recommended,67.64,medium,96.0,far_outside_planting_window,far_outside_planting_window,data/scenarios/results/eastern_rice_belt_eagle_lake/missing_irrigation_lab_ph_override.json
eastern_rice_belt_eagle_lake,eastern,missing_irrigation_lab_ph_override,eastern_rice_belt_eagle_lake_missing_irrigation_lab_ph_override,eastern_rice_belt_eagle_lake_evidence,planting_readiness,fresh_market_cabbage,False,corn_silage,Corn grown for silage,True,7,7,54.0,not_recommended,67.64,medium,96.0,far_outside_planting_window,far_outside_planting_window,data/scenarios/results/eastern_rice_belt_eagle_lake/missing_irrigation_lab_ph_override.json
eastern_rice_belt_eagle_lake,eastern,missing_irrigation_lab_ph_override,eastern_rice_belt_eagle_lake_missing_irrigation_lab_ph_override,eastern_rice_belt_eagle_lake_evidence,planting_readiness,fresh_market_cabbage,False,grain_sorghum,Grain sorghum,True,8,8,54.0,not_recommended,67.64,medium,96.0,far_outside_planting_window,far_outside_planting_window,data/scenarios/results/eastern_rice_belt_eagle_lake/missing_irrigation_lab_ph_override.json
eastern_rice_belt_eagle_lake,eastern,missing_irrigation_lab_ph_override,eastern_rice_belt_eagle_lake_missing_irrigation_lab_ph_override,eastern_rice_belt_eagle_lake_evidence,planting_readiness,fresh_market_cabbage,False,upland_cotton,Upland cotton,True,9,9,54.0,not_recommended,67.64,medium,96.0,far_outside_planting_window,far_outside_planting_window,data/scenarios/results/eastern_rice_belt_eagle_lake/missing_irrigation_lab_ph_override.json
eastern_rice_belt_eagle_lake,eastern,missing_irrigation_lab_ph_override,eastern_rice_belt_eagle_lake_missing_irrigation_lab_ph_override,eastern_rice_belt_eagle_lake_evidence,planting_readiness,fresh_market_cabbage,False,seedless_watermelon,Seedless watermelon,True,10,10,54.0,not_recommended,65.31,medium,79.0,far_outside_planting_window,far_outside_planting_window,data/scenarios/results/eastern_rice_belt_eagle_lake/missing_irrigation_lab_ph_override.json
eastern_rice_belt_eagle_lake,eastern,missing_irrigation_lab_ph_override,eastern_rice_belt_eagle_lake_missing_irrigation_lab_ph_override,eastern_rice_belt_eagle_lake_evidence,planting_readiness,fresh_market_cabbage,False,long_grain_rice,Long-grain rice,True,11,11,54.0,not_recommended,58.59,low,79.0,far_outside_planting_window,far_outside_planting_window,data/scenarios/results/eastern_rice_belt_eagle_lake/missing_irrigation_lab_ph_override.json
eastern_rice_belt_eagle_lake,eastern,missing_irrigation_lab_ph_override,eastern_rice_belt_eagle_lake_missing_irrigation_lab_ph_override,eastern_rice_belt_eagle_lake_evidence,planting_readiness,fresh_market_cabbage,False,runner_peanut,Runner-type peanut,True,12,12,54.0,not_recommended,57.23,low,79.0,far_outside_planting_window,far_outside_planting_window,data/scenarios/results/eastern_rice_belt_eagle_lake/missing_irrigation_lab_ph_override.json
eastern_rice_belt_eagle_lake,eastern,missing_irrigation_lab_ph_override,eastern_rice_belt_eagle_lake_missing_irrigation_lab_ph_override,eastern_rice_belt_eagle_lake_evidence,planting_readiness,fresh_market_cabbage,False,sweet_potato,Sweet potato,True,13,13,54.0,not_recommended,57.23,low,79.0,far_outside_planting_window,far_outside_planting_window,data/scenarios/results/eastern_rice_belt_eagle_lake/missing_irrigation_lab_ph_override.json
eastern_rice_belt_eagle_lake,eastern,missing_irrigation_lab_ph_override,eastern_rice_belt_eagle_lake_missing_irrigation_lab_ph_override,eastern_rice_belt_eagle_lake_evidence,planting_readiness,fresh_market_cabbage,False,bermudagrass_hay,Bermudagrass grown for hay,True,14,14,54.0,not_recommended,55.07,low,76.0,far_outside_planting_window,far_outside_planting_window,data/scenarios/results/eastern_rice_belt_eagle_lake/missing_irrigation_lab_ph_override.json
eastern_rice_belt_eagle_lake,eastern,missing_irrigation_lab_ph_override,eastern_rice_belt_eagle_lake_missing_irrigation_lab_ph_override,eastern_rice_belt_eagle_lake_evidence,planting_readiness,fresh_market_cabbage,False,alfalfa_hay,Alfalfa grown for hay,True,15,15,54.0,not_recommended,49.56,low,79.0,far_outside_planting_window,far_outside_planting_window,data/scenarios/results/eastern_rice_belt_eagle_lake/missing_irrigation_lab_ph_override.json
eastern_rice_belt_eagle_lake,eastern,missing_irrigation_lab_ph_override,eastern_rice_belt_eagle_lake_missing_irrigation_lab_ph_override,eastern_rice_belt_eagle_lake_evidence,planting_readiness,fresh_market_cabbage,False,sesame,Sesame,True,16,16,54.0,not_recommended,47.38,low,76.0,far_outside_planting_window,far_outside_planting_window,data/scenarios/results/eastern_rice_belt_eagle_lake/missing_irrigation_lab_ph_override.json
eastern_rice_belt_eagle_lake,eastern,missing_irrigation_lab_ph_override,eastern_rice_belt_eagle_lake_missing_irrigation_lab_ph_override,eastern_rice_belt_eagle_lake_evidence,planting_readiness,fresh_market_cabbage,False,soybean,Soybean,True,17,17,53.96,not_recommended,67.64,medium,96.0,far_outside_planting_window,far_outside_planting_window,data/scenarios/results/eastern_rice_belt_eagle_lake/missing_irrigation_lab_ph_override.json
eastern_rice_belt_eagle_lake,eastern,missing_irrigation_lab_ph_override,eastern_rice_belt_eagle_lake_missing_irrigation_lab_ph_override,eastern_rice_belt_eagle_lake_evidence,planting_readiness,fresh_market_cabbage,False,annual_ryegrass_forage,Annual ryegrass grown for forage,True,18,18,53.62,not_recommended,56.42,low,76.0,far_outside_planting_window,far_outside_planting_window,data/scenarios/results/eastern_rice_belt_eagle_lake/missing_irrigation_lab_ph_override.json
eastern_rice_belt_eagle_lake,eastern,missing_irrigation_lab_ph_override,eastern_rice_belt_eagle_lake_missing_irrigation_lab_ph_override,eastern_rice_belt_eagle_lake_evidence,planting_readiness,fresh_market_cabbage,False,fresh_market_spinach,Fresh-market spinach,True,19,19,53.07,not_recommended,65.31,medium,79.0,,,data/scenarios/results/eastern_rice_belt_eagle_lake/missing_irrigation_lab_ph_override.json
eastern_rice_belt_eagle_lake,eastern,missing_irrigation_lab_ph_override,eastern_rice_belt_eagle_lake_missing_irrigation_lab_ph_override,eastern_rice_belt_eagle_lake_evidence,planting_readiness,fresh_market_cabbage,False,oilseed_sunflower,Oilseed sunflower,True,20,20,52.97,not_recommended,57.23,low,79.0,far_outside_planting_window,far_outside_planting_window,data/scenarios/results/eastern_rice_belt_eagle_lake/missing_irrigation_lab_ph_override.json
eastern_rice_belt_eagle_lake,eastern,missing_irrigation_lab_ph_override,eastern_rice_belt_eagle_lake_missing_irrigation_lab_ph_override,eastern_rice_belt_eagle_lake_evidence,planting_readiness,fresh_market_cabbage,False,grain_oats,Grain oats,True,21,21,50.52,not_recommended,67.64,medium,96.0,,,data/scenarios/results/eastern_rice_belt_eagle_lake/missing_irrigation_lab_ph_override.json
eastern_rice_belt_eagle_lake,eastern,missing_irrigation_lab_ph_override,eastern_rice_belt_eagle_lake_missing_irrigation_lab_ph_override,eastern_rice_belt_eagle_lake_evidence,planting_readiness,fresh_market_cabbage,False,hard_red_winter_wheat,Hard red winter wheat,True,22,22,46.43,not_recommended,67.64,medium,96.0,far_outside_planting_window,far_outside_planting_window,data/scenarios/results/eastern_rice_belt_eagle_lake/missing_irrigation_lab_ph_override.json
eastern_coastal_bend_robstown,eastern,in_season_baseline,eastern_coastal_bend_robstown_in_season_baseline,eastern_coastal_bend_robstown_evidence,planting_readiness,fresh_market_cabbage,False,forage_sorghum,Forage sorghum,True,1,1,76.75,recommended,58.68,low,83.0,,,data/scenarios/results/eastern_coastal_bend_robstown/in_season_baseline.json
eastern_coastal_bend_robstown,eastern,in_season_baseline,eastern_coastal_bend_robstown_in_season_baseline,eastern_coastal_bend_robstown_evidence,planting_readiness,fresh_market_cabbage,False,sorghum_sudangrass,Sorghum-sudangrass,True,2,2,76.75,recommended,58.68,low,83.0,,,data/scenarios/results/eastern_coastal_bend_robstown/in_season_baseline.json
eastern_coastal_bend_robstown,eastern,in_season_baseline,eastern_coastal_bend_robstown_in_season_baseline,eastern_coastal_bend_robstown_evidence,planting_readiness,fresh_market_cabbage,True,fresh_market_cabbage,Fresh-market cabbage,True,3,3,64.61,conditional,67.01,medium,83.0,,,data/scenarios/results/eastern_coastal_bend_robstown/in_season_baseline.json
eastern_coastal_bend_robstown,eastern,in_season_baseline,eastern_coastal_bend_robstown_in_season_baseline,eastern_coastal_bend_robstown_evidence,planting_readiness,fresh_market_cabbage,False,white_potato,White potato,True,4,4,60.57,conditional,58.68,low,83.0,,,data/scenarios/results/eastern_coastal_bend_robstown/in_season_baseline.json
eastern_coastal_bend_robstown,eastern,in_season_baseline,eastern_coastal_bend_robstown_in_season_baseline,eastern_coastal_bend_robstown_evidence,planting_readiness,fresh_market_cabbage,False,dry_bulb_onion,Dry-bulb onion,True,5,5,56.96,conditional,67.01,medium,83.0,,,data/scenarios/results/eastern_coastal_bend_robstown/in_season_baseline.json
eastern_coastal_bend_robstown,eastern,in_season_baseline,eastern_coastal_bend_robstown_in_season_baseline,eastern_coastal_bend_robstown_evidence,planting_readiness,fresh_market_cabbage,False,corn_grain,Corn grown for grain,True,6,6,54.0,not_recommended,69.08,medium,100.0,far_outside_planting_window,far_outside_planting_window,data/scenarios/results/eastern_coastal_bend_robstown/in_season_baseline.json
eastern_coastal_bend_robstown,eastern,in_season_baseline,eastern_coastal_bend_robstown_in_season_baseline,eastern_coastal_bend_robstown_evidence,planting_readiness,fresh_market_cabbage,False,corn_silage,Corn grown for silage,True,7,7,54.0,not_recommended,69.08,medium,100.0,far_outside_planting_window,far_outside_planting_window,data/scenarios/results/eastern_coastal_bend_robstown/in_season_baseline.json
eastern_coastal_bend_robstown,eastern,in_season_baseline,eastern_coastal_bend_robstown_in_season_baseline,eastern_coastal_bend_robstown_evidence,planting_readiness,fresh_market_cabbage,False,grain_sorghum,Grain sorghum,True,8,8,54.0,not_recommended,69.08,medium,100.0,far_outside_planting_window,far_outside_planting_window,data/scenarios/results/eastern_coastal_bend_robstown/in_season_baseline.json
eastern_coastal_bend_robstown,eastern,in_season_baseline,eastern_coastal_bend_robstown_in_season_baseline,eastern_coastal_bend_robstown_evidence,planting_readiness,fresh_market_cabbage,False,soybean,Soybean,True,9,9,54.0,not_recommended,69.08,medium,100.0,far_outside_planting_window,far_outside_planting_window,data/scenarios/results/eastern_coastal_bend_robstown/in_season_baseline.json
eastern_coastal_bend_robstown,eastern,in_season_baseline,eastern_coastal_bend_robstown_in_season_baseline,eastern_coastal_bend_robstown_evidence,planting_readiness,fresh_market_cabbage,False,upland_cotton,Upland cotton,True,10,10,54.0,not_recommended,69.08,medium,100.0,far_outside_planting_window,far_outside_planting_window,data/scenarios/results/eastern_coastal_bend_robstown/in_season_baseline.json
eastern_coastal_bend_robstown,eastern,in_season_baseline,eastern_coastal_bend_robstown_in_season_baseline,eastern_coastal_bend_robstown_evidence,planting_readiness,fresh_market_cabbage,False,seedless_watermelon,Seedless watermelon,True,11,11,54.0,not_recommended,67.01,medium,83.0,far_outside_planting_window,far_outside_planting_window,data/scenarios/results/eastern_coastal_bend_robstown/in_season_baseline.json
eastern_coastal_bend_robstown,eastern,in_season_baseline,eastern_coastal_bend_robstown_in_season_baseline,eastern_coastal_bend_robstown_evidence,planting_readiness,fresh_market_cabbage,False,long_grain_rice,Long-grain rice,True,12,12,54.0,not_recommended,60.03,low,83.0,far_outside_planting_window,far_outside_planting_window,data/scenarios/results/eastern_coastal_bend_robstown/in_season_baseline.json
eastern_coastal_bend_robstown,eastern,in_season_baseline,eastern_coastal_bend_robstown_in_season_baseline,eastern_coastal_bend_robstown_evidence,planting_readiness,fresh_market_cabbage,False,oilseed_sunflower,Oilseed sunflower,True,13,13,54.0,not_recommended,58.68,low,83.0,far_outside_planting_window,far_outside_planting_window,data/scenarios/results/eastern_coastal_bend_robstown/in_season_baseline.json
eastern_coastal_bend_robstown,eastern,in_season_baseline,eastern_coastal_bend_robstown_in_season_baseline,eastern_coastal_bend_robstown_evidence,planting_readiness,fresh_market_cabbage,False,runner_peanut,Runner-type peanut,True,14,14,54.0,not_recommended,58.68,low,83.0,far_outside_planting_window,far_outside_planting_window,data/scenarios/results/eastern_coastal_bend_robstown/in_season_baseline.json
eastern_coastal_bend_robstown,eastern,in_season_baseline,eastern_coastal_bend_robstown_in_season_baseline,eastern_coastal_bend_robstown_evidence,planting_readiness,fresh_market_cabbage,False,sweet_potato,Sweet potato,True,15,15,54.0,not_recommended,58.68,low,83.0,far_outside_planting_window,far_outside_planting_window,data/scenarios/results/eastern_coastal_bend_robstown/in_season_baseline.json
eastern_coastal_bend_robstown,eastern,in_season_baseline,eastern_coastal_bend_robstown_in_season_baseline,eastern_coastal_bend_robstown_evidence,planting_readiness,fresh_market_cabbage,False,annual_ryegrass_forage,Annual ryegrass grown for forage,True,16,16,54.0,not_recommended,57.87,low,80.0,far_outside_planting_window,far_outside_planting_window,data/scenarios/results/eastern_coastal_bend_robstown/in_season_baseline.json
eastern_coastal_bend_robstown,eastern,in_season_baseline,eastern_coastal_bend_robstown_in_season_baseline,eastern_coastal_bend_robstown_evidence,planting_readiness,fresh_market_cabbage,False,bermudagrass_hay,Bermudagrass grown for hay,True,17,17,54.0,not_recommended,56.51,low,80.0,far_outside_planting_window,far_outside_planting_window,data/scenarios/results/eastern_coastal_bend_robstown/in_season_baseline.json
eastern_coastal_bend_robstown,eastern,in_season_baseline,eastern_coastal_bend_robstown_in_season_baseline,eastern_coastal_bend_robstown_evidence,planting_readiness,fresh_market_cabbage,False,alfalfa_hay,Alfalfa grown for hay,True,18,18,54.0,not_recommended,51.0,low,83.0,far_outside_planting_window,far_outside_planting_window,data/scenarios/results/eastern_coastal_bend_robstown/in_season_baseline.json
eastern_coastal_bend_robstown,eastern,in_season_baseline,eastern_coastal_bend_robstown_in_season_baseline,eastern_coastal_bend_robstown_evidence,planting_readiness,fresh_market_cabbage,False,sesame,Sesame,True,19,19,54.0,not_recommended,48.57,low,80.0,far_outside_planting_window,far_outside_planting_window,data/scenarios/results/eastern_coastal_bend_robstown/in_season_baseline.json
eastern_coastal_bend_robstown,eastern,in_season_baseline,eastern_coastal_bend_robstown_in_season_baseline,eastern_coastal_bend_robstown_evidence,planting_readiness,fresh_market_cabbage,False,fresh_market_spinach,Fresh-market spinach,True,20,20,53.89,not_recommended,67.01,medium,83.0,,,data/scenarios/results/eastern_coastal_bend_robstown/in_season_baseline.json
eastern_coastal_bend_robstown,eastern,in_season_baseline,eastern_coastal_bend_robstown_in_season_baseline,eastern_coastal_bend_robstown_evidence,planting_readiness,fresh_market_cabbage,False,grain_oats,Grain oats,True,21,21,52.1,not_recommended,69.08,medium,100.0,,,data/scenarios/results/eastern_coastal_bend_robstown/in_season_baseline.json
eastern_coastal_bend_robstown,eastern,in_season_baseline,eastern_coastal_bend_robstown_in_season_baseline,eastern_coastal_bend_robstown_evidence,planting_readiness,fresh_market_cabbage,False,hard_red_winter_wheat,Hard red winter wheat,True,22,22,47.38,not_recommended,69.08,medium,100.0,far_outside_planting_window,far_outside_planting_window,data/scenarios/results/eastern_coastal_bend_robstown/in_season_baseline.json
eastern_coastal_bend_robstown,eastern,out_of_season,eastern_coastal_bend_robstown_out_of_season,eastern_coastal_bend_robstown_evidence,planning,fresh_market_cabbage,False,bermudagrass_hay,Bermudagrass grown for hay,True,1,1,91.62,recommended,40.49,low,60.0,,,data/scenarios/results/eastern_coastal_bend_robstown/out_of_season.json
eastern_coastal_bend_robstown,eastern,out_of_season,eastern_coastal_bend_robstown_out_of_season,eastern_coastal_bend_robstown_evidence,planning,fresh_market_cabbage,False,forage_sorghum,Forage sorghum,True,2,2,91.58,recommended,40.49,low,60.0,,,data/scenarios/results/eastern_coastal_bend_robstown/out_of_season.json
eastern_coastal_bend_robstown,eastern,out_of_season,eastern_coastal_bend_robstown_out_of_season,eastern_coastal_bend_robstown_evidence,planning,fresh_market_cabbage,False,grain_sorghum,Grain sorghum,True,3,3,91.58,recommended,40.49,low,60.0,,,data/scenarios/results/eastern_coastal_bend_robstown/out_of_season.json
eastern_coastal_bend_robstown,eastern,out_of_season,eastern_coastal_bend_robstown_out_of_season,eastern_coastal_bend_robstown_evidence,planning,fresh_market_cabbage,False,sorghum_sudangrass,Sorghum-sudangrass,True,4,4,91.58,recommended,40.49,low,60.0,,,data/scenarios/results/eastern_coastal_bend_robstown/out_of_season.json
eastern_coastal_bend_robstown,eastern,out_of_season,eastern_coastal_bend_robstown_out_of_season,eastern_coastal_bend_robstown_evidence,planning,fresh_market_cabbage,False,long_grain_rice,Long-grain rice,True,5,5,91.0,recommended,41.84,low,60.0,,,data/scenarios/results/eastern_coastal_bend_robstown/out_of_season.json
eastern_coastal_bend_robstown,eastern,out_of_season,eastern_coastal_bend_robstown_out_of_season,eastern_coastal_bend_robstown_evidence,planning,fresh_market_cabbage,False,soybean,Soybean,True,6,6,90.17,recommended,40.49,low,60.0,,,data/scenarios/results/eastern_coastal_bend_robstown/out_of_season.json
eastern_coastal_bend_robstown,eastern,out_of_season,eastern_coastal_bend_robstown_out_of_season,eastern_coastal_bend_robstown_evidence,planning,fresh_market_cabbage,False,upland_cotton,Upland cotton,True,7,7,89.5,recommended,40.49,low,60.0,,,data/scenarios/results/eastern_coastal_bend_robstown/out_of_season.json
eastern_coastal_bend_robstown,eastern,out_of_season,eastern_coastal_bend_robstown_out_of_season,eastern_coastal_bend_robstown_evidence,planning,fresh_market_cabbage,False,sweet_potato,Sweet potato,True,8,8,87.33,recommended,40.49,low,60.0,,,data/scenarios/results/eastern_coastal_bend_robstown/out_of_season.json
eastern_coastal_bend_robstown,eastern,out_of_season,eastern_coastal_bend_robstown_out_of_season,eastern_coastal_bend_robstown_evidence,planning,fresh_market_cabbage,False,sesame,Sesame,True,9,9,84.54,recommended,33.87,low,60.0,,,data/scenarios/results/eastern_coastal_bend_robstown/out_of_season.json
eastern_coastal_bend_robstown,eastern,out_of_season,eastern_coastal_bend_robstown_out_of_season,eastern_coastal_bend_robstown_evidence,planning,fresh_market_cabbage,False,seedless_watermelon,Seedless watermelon,True,10,10,83.38,recommended,47.11,low,60.0,,,data/scenarios/results/eastern_coastal_bend_robstown/out_of_season.json
eastern_coastal_bend_robstown,eastern,out_of_season,eastern_coastal_bend_robstown_out_of_season,eastern_coastal_bend_robstown_evidence,planning,fresh_market_cabbage,False,oilseed_sunflower,Oilseed sunflower,True,11,11,82.83,recommended,40.49,low,60.0,,,data/scenarios/results/eastern_coastal_bend_robstown/out_of_season.json
eastern_coastal_bend_robstown,eastern,out_of_season,eastern_coastal_bend_robstown_out_of_season,eastern_coastal_bend_robstown_evidence,planning,fresh_market_cabbage,False,runner_peanut,Runner-type peanut,True,12,12,82.46,recommended,40.49,low,60.0,,,data/scenarios/results/eastern_coastal_bend_robstown/out_of_season.json
eastern_coastal_bend_robstown,eastern,out_of_season,eastern_coastal_bend_robstown_out_of_season,eastern_coastal_bend_robstown_evidence,planning,fresh_market_cabbage,False,corn_grain,Corn grown for grain,True,13,13,76.38,recommended,40.49,low,60.0,,,data/scenarios/results/eastern_coastal_bend_robstown/out_of_season.json
eastern_coastal_bend_robstown,eastern,out_of_season,eastern_coastal_bend_robstown_out_of_season,eastern_coastal_bend_robstown_evidence,planning,fresh_market_cabbage,False,corn_silage,Corn grown for silage,True,14,14,76.38,recommended,40.49,low,60.0,,,data/scenarios/results/eastern_coastal_bend_robstown/out_of_season.json
eastern_coastal_bend_robstown,eastern,out_of_season,eastern_coastal_bend_robstown_out_of_season,eastern_coastal_bend_robstown_evidence,planning,fresh_market_cabbage,False,annual_ryegrass_forage,Annual ryegrass grown for forage,True,15,15,54.0,not_recommended,41.84,low,60.0,far_outside_planting_window,far_outside_planting_window,data/scenarios/results/eastern_coastal_bend_robstown/out_of_season.json
eastern_coastal_bend_robstown,eastern,out_of_season,eastern_coastal_bend_robstown_out_of_season,eastern_coastal_bend_robstown_evidence,planning,fresh_market_cabbage,False,grain_oats,Grain oats,True,16,16,54.0,not_recommended,40.49,low,60.0,far_outside_planting_window,far_outside_planting_window,data/scenarios/results/eastern_coastal_bend_robstown/out_of_season.json
eastern_coastal_bend_robstown,eastern,out_of_season,eastern_coastal_bend_robstown_out_of_season,eastern_coastal_bend_robstown_evidence,planning,fresh_market_cabbage,False,hard_red_winter_wheat,Hard red winter wheat,True,17,17,54.0,not_recommended,40.49,low,60.0,far_outside_planting_window,far_outside_planting_window,data/scenarios/results/eastern_coastal_bend_robstown/out_of_season.json
eastern_coastal_bend_robstown,eastern,out_of_season,eastern_coastal_bend_robstown_out_of_season,eastern_coastal_bend_robstown_evidence,planning,fresh_market_cabbage,False,alfalfa_hay,Alfalfa grown for hay,True,18,18,54.0,not_recommended,32.81,low,60.0,far_outside_planting_window,far_outside_planting_window,data/scenarios/results/eastern_coastal_bend_robstown/out_of_season.json
eastern_coastal_bend_robstown,eastern,out_of_season,eastern_coastal_bend_robstown_out_of_season,eastern_coastal_bend_robstown_evidence,planning,fresh_market_cabbage,False,dry_bulb_onion,Dry-bulb onion,True,19,19,53.21,not_recommended,47.11,low,60.0,far_outside_planting_window,far_outside_planting_window,data/scenarios/results/eastern_coastal_bend_robstown/out_of_season.json
eastern_coastal_bend_robstown,eastern,out_of_season,eastern_coastal_bend_robstown_out_of_season,eastern_coastal_bend_robstown_evidence,planning,fresh_market_cabbage,True,fresh_market_cabbage,Fresh-market cabbage,True,20,20,53.12,not_recommended,47.11,low,60.0,far_outside_planting_window,far_outside_planting_window,data/scenarios/results/eastern_coastal_bend_robstown/out_of_season.json
eastern_coastal_bend_robstown,eastern,out_of_season,eastern_coastal_bend_robstown_out_of_season,eastern_coastal_bend_robstown_evidence,planning,fresh_market_cabbage,False,fresh_market_spinach,Fresh-market spinach,True,21,21,52.46,not_recommended,47.11,low,60.0,far_outside_planting_window,far_outside_planting_window,data/scenarios/results/eastern_coastal_bend_robstown/out_of_season.json
eastern_coastal_bend_robstown,eastern,out_of_season,eastern_coastal_bend_robstown_out_of_season,eastern_coastal_bend_robstown_evidence,planning,fresh_market_cabbage,False,white_potato,White potato,True,22,22,49.21,not_recommended,40.49,low,60.0,far_outside_planting_window,far_outside_planting_window,data/scenarios/results/eastern_coastal_bend_robstown/out_of_season.json
eastern_coastal_bend_robstown,eastern,no_irrigation,eastern_coastal_bend_robstown_no_irrigation,eastern_coastal_bend_robstown_evidence,planting_readiness,fresh_market_cabbage,False,forage_sorghum,Forage sorghum,True,1,1,76.75,recommended,58.68,low,83.0,,,data/scenarios/results/eastern_coastal_bend_robstown/no_irrigation.json
eastern_coastal_bend_robstown,eastern,no_irrigation,eastern_coastal_bend_robstown_no_irrigation,eastern_coastal_bend_robstown_evidence,planting_readiness,fresh_market_cabbage,False,sorghum_sudangrass,Sorghum-sudangrass,True,2,2,76.75,recommended,58.68,low,83.0,,,data/scenarios/results/eastern_coastal_bend_robstown/no_irrigation.json
eastern_coastal_bend_robstown,eastern,no_irrigation,eastern_coastal_bend_robstown_no_irrigation,eastern_coastal_bend_robstown_evidence,planting_readiness,fresh_market_cabbage,True,fresh_market_cabbage,Fresh-market cabbage,True,3,3,62.92,conditional,67.01,medium,83.0,,,data/scenarios/results/eastern_coastal_bend_robstown/no_irrigation.json
eastern_coastal_bend_robstown,eastern,no_irrigation,eastern_coastal_bend_robstown_no_irrigation,eastern_coastal_bend_robstown_evidence,planting_readiness,fresh_market_cabbage,False,white_potato,White potato,True,4,4,58.89,conditional,58.68,low,83.0,,,data/scenarios/results/eastern_coastal_bend_robstown/no_irrigation.json
eastern_coastal_bend_robstown,eastern,no_irrigation,eastern_coastal_bend_robstown_no_irrigation,eastern_coastal_bend_robstown_evidence,planting_readiness,fresh_market_cabbage,False,corn_grain,Corn grown for grain,True,5,5,54.0,not_recommended,69.08,medium,100.0,far_outside_planting_window,far_outside_planting_window,data/scenarios/results/eastern_coastal_bend_robstown/no_irrigation.json
eastern_coastal_bend_robstown,eastern,no_irrigation,eastern_coastal_bend_robstown_no_irrigation,eastern_coastal_bend_robstown_evidence,planting_readiness,fresh_market_cabbage,False,corn_silage,Corn grown for silage,True,6,6,54.0,not_recommended,69.08,medium,100.0,far_outside_planting_window,far_outside_planting_window,data/scenarios/results/eastern_coastal_bend_robstown/no_irrigation.json
eastern_coastal_bend_robstown,eastern,no_irrigation,eastern_coastal_bend_robstown_no_irrigation,eastern_coastal_bend_robstown_evidence,planting_readiness,fresh_market_cabbage,False,grain_sorghum,Grain sorghum,True,7,7,54.0,not_recommended,69.08,medium,100.0,far_outside_planting_window,far_outside_planting_window,data/scenarios/results/eastern_coastal_bend_robstown/no_irrigation.json
eastern_coastal_bend_robstown,eastern,no_irrigation,eastern_coastal_bend_robstown_no_irrigation,eastern_coastal_bend_robstown_evidence,planting_readiness,fresh_market_cabbage,False,soybean,Soybean,True,8,8,54.0,not_recommended,69.08,medium,100.0,far_outside_planting_window,far_outside_planting_window,data/scenarios/results/eastern_coastal_bend_robstown/no_irrigation.json
eastern_coastal_bend_robstown,eastern,no_irrigation,eastern_coastal_bend_robstown_no_irrigation,eastern_coastal_bend_robstown_evidence,planting_readiness,fresh_market_cabbage,False,upland_cotton,Upland cotton,True,9,9,54.0,not_recommended,69.08,medium,100.0,far_outside_planting_window,far_outside_planting_window,data/scenarios/results/eastern_coastal_bend_robstown/no_irrigation.json
eastern_coastal_bend_robstown,eastern,no_irrigation,eastern_coastal_bend_robstown_no_irrigation,eastern_coastal_bend_robstown_evidence,planting_readiness,fresh_market_cabbage,False,seedless_watermelon,Seedless watermelon,True,10,10,54.0,not_recommended,67.01,medium,83.0,far_outside_planting_window,far_outside_planting_window,data/scenarios/results/eastern_coastal_bend_robstown/no_irrigation.json
eastern_coastal_bend_robstown,eastern,no_irrigation,eastern_coastal_bend_robstown_no_irrigation,eastern_coastal_bend_robstown_evidence,planting_readiness,fresh_market_cabbage,False,long_grain_rice,Long-grain rice,True,11,11,54.0,not_recommended,60.03,low,83.0,far_outside_planting_window|required_irrigation_unavailable,far_outside_planting_window|required_irrigation_unavailable,data/scenarios/results/eastern_coastal_bend_robstown/no_irrigation.json
eastern_coastal_bend_robstown,eastern,no_irrigation,eastern_coastal_bend_robstown_no_irrigation,eastern_coastal_bend_robstown_evidence,planting_readiness,fresh_market_cabbage,False,oilseed_sunflower,Oilseed sunflower,True,12,12,54.0,not_recommended,58.68,low,83.0,far_outside_planting_window,far_outside_planting_window,data/scenarios/results/eastern_coastal_bend_robstown/no_irrigation.json
eastern_coastal_bend_robstown,eastern,no_irrigation,eastern_coastal_bend_robstown_no_irrigation,eastern_coastal_bend_robstown_evidence,planting_readiness,fresh_market_cabbage,False,runner_peanut,Runner-type peanut,True,13,13,54.0,not_recommended,58.68,low,83.0,far_outside_planting_window,far_outside_planting_window,data/scenarios/results/eastern_coastal_bend_robstown/no_irrigation.json
eastern_coastal_bend_robstown,eastern,no_irrigation,eastern_coastal_bend_robstown_no_irrigation,eastern_coastal_bend_robstown_evidence,planting_readiness,fresh_market_cabbage,False,sweet_potato,Sweet potato,True,14,14,54.0,not_recommended,58.68,low,83.0,far_outside_planting_window,far_outside_planting_window,data/scenarios/results/eastern_coastal_bend_robstown/no_irrigation.json
eastern_coastal_bend_robstown,eastern,no_irrigation,eastern_coastal_bend_robstown_no_irrigation,eastern_coastal_bend_robstown_evidence,planting_readiness,fresh_market_cabbage,False,bermudagrass_hay,Bermudagrass grown for hay,True,15,15,54.0,not_recommended,56.51,low,80.0,far_outside_planting_window,far_outside_planting_window,data/scenarios/results/eastern_coastal_bend_robstown/no_irrigation.json
eastern_coastal_bend_robstown,eastern,no_irrigation,eastern_coastal_bend_robstown_no_irrigation,eastern_coastal_bend_robstown_evidence,planting_readiness,fresh_market_cabbage,False,sesame,Sesame,True,16,16,54.0,not_recommended,48.57,low,80.0,far_outside_planting_window,far_outside_planting_window,data/scenarios/results/eastern_coastal_bend_robstown/no_irrigation.json
eastern_coastal_bend_robstown,eastern,no_irrigation,eastern_coastal_bend_robstown_no_irrigation,eastern_coastal_bend_robstown_evidence,planting_readiness,fresh_market_cabbage,False,annual_ryegrass_forage,Annual ryegrass grown for forage,True,17,17,53.94,not_recommended,57.87,low,80.0,far_outside_planting_window,far_outside_planting_window,data/scenarios/results/eastern_coastal_bend_robstown/no_irrigation.json
eastern_coastal_bend_robstown,eastern,no_irrigation,eastern_coastal_bend_robstown_no_irrigation,eastern_coastal_bend_robstown_evidence,planting_readiness,fresh_market_cabbage,False,dry_bulb_onion,Dry-bulb onion,True,18,18,53.58,not_recommended,67.01,medium,83.0,required_irrigation_unavailable,required_irrigation_unavailable,data/scenarios/results/eastern_coastal_bend_robstown/no_irrigation.json
eastern_coastal_bend_robstown,eastern,no_irrigation,eastern_coastal_bend_robstown_no_irrigation,eastern_coastal_bend_robstown_evidence,planting_readiness,fresh_market_cabbage,False,alfalfa_hay,Alfalfa grown for hay,True,19,19,52.98,not_recommended,51.0,low,83.0,far_outside_planting_window|required_irrigation_unavailable,far_outside_planting_window|required_irrigation_unavailable,data/scenarios/results/eastern_coastal_bend_robstown/no_irrigation.json
eastern_coastal_bend_robstown,eastern,no_irrigation,eastern_coastal_bend_robstown_no_irrigation,eastern_coastal_bend_robstown_evidence,planting_readiness,fresh_market_cabbage,False,fresh_market_spinach,Fresh-market spinach,True,20,20,52.2,not_recommended,67.01,medium,83.0,,,data/scenarios/results/eastern_coastal_bend_robstown/no_irrigation.json
eastern_coastal_bend_robstown,eastern,no_irrigation,eastern_coastal_bend_robstown_no_irrigation,eastern_coastal_bend_robstown_evidence,planting_readiness,fresh_market_cabbage,False,grain_oats,Grain oats,True,21,21,51.7,not_recommended,69.08,medium,100.0,,,data/scenarios/results/eastern_coastal_bend_robstown/no_irrigation.json
eastern_coastal_bend_robstown,eastern,no_irrigation,eastern_coastal_bend_robstown_no_irrigation,eastern_coastal_bend_robstown_evidence,planting_readiness,fresh_market_cabbage,False,hard_red_winter_wheat,Hard red winter wheat,True,22,22,46.98,not_recommended,69.08,medium,100.0,far_outside_planting_window,far_outside_planting_window,data/scenarios/results/eastern_coastal_bend_robstown/no_irrigation.json
eastern_coastal_bend_robstown,eastern,reliable_irrigation,eastern_coastal_bend_robstown_reliable_irrigation,eastern_coastal_bend_robstown_evidence,planting_readiness,fresh_market_cabbage,False,forage_sorghum,Forage sorghum,True,1,1,77.23,recommended,58.68,low,83.0,,,data/scenarios/results/eastern_coastal_bend_robstown/reliable_irrigation.json
eastern_coastal_bend_robstown,eastern,reliable_irrigation,eastern_coastal_bend_robstown_reliable_irrigation,eastern_coastal_bend_robstown_evidence,planting_readiness,fresh_market_cabbage,False,sorghum_sudangrass,Sorghum-sudangrass,True,2,2,77.23,recommended,58.68,low,83.0,,,data/scenarios/results/eastern_coastal_bend_robstown/reliable_irrigation.json
eastern_coastal_bend_robstown,eastern,reliable_irrigation,eastern_coastal_bend_robstown_reliable_irrigation,eastern_coastal_bend_robstown_evidence,planting_readiness,fresh_market_cabbage,True,fresh_market_cabbage,Fresh-market cabbage,True,3,3,66.05,conditional,67.01,medium,83.0,,,data/scenarios/results/eastern_coastal_bend_robstown/reliable_irrigation.json
eastern_coastal_bend_robstown,eastern,reliable_irrigation,eastern_coastal_bend_robstown_reliable_irrigation,eastern_coastal_bend_robstown_evidence,planting_readiness,fresh_market_cabbage,False,white_potato,White potato,True,4,4,62.02,conditional,58.68,low,83.0,,,data/scenarios/results/eastern_coastal_bend_robstown/reliable_irrigation.json
eastern_coastal_bend_robstown,eastern,reliable_irrigation,eastern_coastal_bend_robstown_reliable_irrigation,eastern_coastal_bend_robstown_evidence,planting_readiness,fresh_market_cabbage,False,dry_bulb_onion,Dry-bulb onion,True,5,5,58.4,conditional,67.01,medium,83.0,,,data/scenarios/results/eastern_coastal_bend_robstown/reliable_irrigation.json
eastern_coastal_bend_robstown,eastern,reliable_irrigation,eastern_coastal_bend_robstown_reliable_irrigation,eastern_coastal_bend_robstown_evidence,planting_readiness,fresh_market_cabbage,False,fresh_market_spinach,Fresh-market spinach,True,6,6,55.33,conditional,67.01,medium,83.0,,,data/scenarios/results/eastern_coastal_bend_robstown/reliable_irrigation.json
eastern_coastal_bend_robstown,eastern,reliable_irrigation,eastern_coastal_bend_robstown_reliable_irrigation,eastern_coastal_bend_robstown_evidence,planting_readiness,fresh_market_cabbage,False,corn_grain,Corn grown for grain,True,7,7,54.0,not_recommended,69.08,medium,100.0,far_outside_planting_window,far_outside_planting_window,data/scenarios/results/eastern_coastal_bend_robstown/reliable_irrigation.json
eastern_coastal_bend_robstown,eastern,reliable_irrigation,eastern_coastal_bend_robstown_reliable_irrigation,eastern_coastal_bend_robstown_evidence,planting_readiness,fresh_market_cabbage,False,corn_silage,Corn grown for silage,True,8,8,54.0,not_recommended,69.08,medium,100.0,far_outside_planting_window,far_outside_planting_window,data/scenarios/results/eastern_coastal_bend_robstown/reliable_irrigation.json
eastern_coastal_bend_robstown,eastern,reliable_irrigation,eastern_coastal_bend_robstown_reliable_irrigation,eastern_coastal_bend_robstown_evidence,planting_readiness,fresh_market_cabbage,False,grain_sorghum,Grain sorghum,True,9,9,54.0,not_recommended,69.08,medium,100.0,far_outside_planting_window,far_outside_planting_window,data/scenarios/results/eastern_coastal_bend_robstown/reliable_irrigation.json
eastern_coastal_bend_robstown,eastern,reliable_irrigation,eastern_coastal_bend_robstown_reliable_irrigation,eastern_coastal_bend_robstown_evidence,planting_readiness,fresh_market_cabbage,False,soybean,Soybean,True,10,10,54.0,not_recommended,69.08,medium,100.0,far_outside_planting_window,far_outside_planting_window,data/scenarios/results/eastern_coastal_bend_robstown/reliable_irrigation.json
eastern_coastal_bend_robstown,eastern,reliable_irrigation,eastern_coastal_bend_robstown_reliable_irrigation,eastern_coastal_bend_robstown_evidence,planting_readiness,fresh_market_cabbage,False,upland_cotton,Upland cotton,True,11,11,54.0,not_recommended,69.08,medium,100.0,far_outside_planting_window,far_outside_planting_window,data/scenarios/results/eastern_coastal_bend_robstown/reliable_irrigation.json
eastern_coastal_bend_robstown,eastern,reliable_irrigation,eastern_coastal_bend_robstown_reliable_irrigation,eastern_coastal_bend_robstown_evidence,planting_readiness,fresh_market_cabbage,False,seedless_watermelon,Seedless watermelon,True,12,12,54.0,not_recommended,67.01,medium,83.0,far_outside_planting_window,far_outside_planting_window,data/scenarios/results/eastern_coastal_bend_robstown/reliable_irrigation.json
eastern_coastal_bend_robstown,eastern,reliable_irrigation,eastern_coastal_bend_robstown_reliable_irrigation,eastern_coastal_bend_robstown_evidence,planting_readiness,fresh_market_cabbage,False,long_grain_rice,Long-grain rice,True,13,13,54.0,not_recommended,60.03,low,83.0,far_outside_planting_window,far_outside_planting_window,data/scenarios/results/eastern_coastal_bend_robstown/reliable_irrigation.json
eastern_coastal_bend_robstown,eastern,reliable_irrigation,eastern_coastal_bend_robstown_reliable_irrigation,eastern_coastal_bend_robstown_evidence,planting_readiness,fresh_market_cabbage,False,oilseed_sunflower,Oilseed sunflower,True,14,14,54.0,not_recommended,58.68,low,83.0,far_outside_planting_window,far_outside_planting_window,data/scenarios/results/eastern_coastal_bend_robstown/reliable_irrigation.json
eastern_coastal_bend_robstown,eastern,reliable_irrigation,eastern_coastal_bend_robstown_reliable_irrigation,eastern_coastal_bend_robstown_evidence,planting_readiness,fresh_market_cabbage,False,runner_peanut,Runner-type peanut,True,15,15,54.0,not_recommended,58.68,low,83.0,far_outside_planting_window,far_outside_planting_window,data/scenarios/results/eastern_coastal_bend_robstown/reliable_irrigation.json
eastern_coastal_bend_robstown,eastern,reliable_irrigation,eastern_coastal_bend_robstown_reliable_irrigation,eastern_coastal_bend_robstown_evidence,planting_readiness,fresh_market_cabbage,False,sweet_potato,Sweet potato,True,16,16,54.0,not_recommended,58.68,low,83.0,far_outside_planting_window,far_outside_planting_window,data/scenarios/results/eastern_coastal_bend_robstown/reliable_irrigation.json
eastern_coastal_bend_robstown,eastern,reliable_irrigation,eastern_coastal_bend_robstown_reliable_irrigation,eastern_coastal_bend_robstown_evidence,planting_readiness,fresh_market_cabbage,False,annual_ryegrass_forage,Annual ryegrass grown for forage,True,17,17,54.0,not_recommended,57.87,low,80.0,far_outside_planting_window,far_outside_planting_window,data/scenarios/results/eastern_coastal_bend_robstown/reliable_irrigation.json
eastern_coastal_bend_robstown,eastern,reliable_irrigation,eastern_coastal_bend_robstown_reliable_irrigation,eastern_coastal_bend_robstown_evidence,planting_readiness,fresh_market_cabbage,False,bermudagrass_hay,Bermudagrass grown for hay,True,18,18,54.0,not_recommended,56.51,low,80.0,far_outside_planting_window,far_outside_planting_window,data/scenarios/results/eastern_coastal_bend_robstown/reliable_irrigation.json
eastern_coastal_bend_robstown,eastern,reliable_irrigation,eastern_coastal_bend_robstown_reliable_irrigation,eastern_coastal_bend_robstown_evidence,planting_readiness,fresh_market_cabbage,False,alfalfa_hay,Alfalfa grown for hay,True,19,19,54.0,not_recommended,51.0,low,83.0,far_outside_planting_window,far_outside_planting_window,data/scenarios/results/eastern_coastal_bend_robstown/reliable_irrigation.json
eastern_coastal_bend_robstown,eastern,reliable_irrigation,eastern_coastal_bend_robstown_reliable_irrigation,eastern_coastal_bend_robstown_evidence,planting_readiness,fresh_market_cabbage,False,sesame,Sesame,True,20,20,54.0,not_recommended,48.57,low,80.0,far_outside_planting_window,far_outside_planting_window,data/scenarios/results/eastern_coastal_bend_robstown/reliable_irrigation.json
eastern_coastal_bend_robstown,eastern,reliable_irrigation,eastern_coastal_bend_robstown_reliable_irrigation,eastern_coastal_bend_robstown_evidence,planting_readiness,fresh_market_cabbage,False,grain_oats,Grain oats,True,21,21,53.3,not_recommended,69.08,medium,100.0,,,data/scenarios/results/eastern_coastal_bend_robstown/reliable_irrigation.json
eastern_coastal_bend_robstown,eastern,reliable_irrigation,eastern_coastal_bend_robstown_reliable_irrigation,eastern_coastal_bend_robstown_evidence,planting_readiness,fresh_market_cabbage,False,hard_red_winter_wheat,Hard red winter wheat,True,22,22,48.58,not_recommended,69.08,medium,100.0,far_outside_planting_window,far_outside_planting_window,data/scenarios/results/eastern_coastal_bend_robstown/reliable_irrigation.json
eastern_coastal_bend_robstown,eastern,missing_irrigation_lab_ph_override,eastern_coastal_bend_robstown_missing_irrigation_lab_ph_override,eastern_coastal_bend_robstown_evidence,planting_readiness,fresh_market_cabbage,False,forage_sorghum,Forage sorghum,True,1,1,76.08,recommended,57.23,low,79.0,,,data/scenarios/results/eastern_coastal_bend_robstown/missing_irrigation_lab_ph_override.json
eastern_coastal_bend_robstown,eastern,missing_irrigation_lab_ph_override,eastern_coastal_bend_robstown_missing_irrigation_lab_ph_override,eastern_coastal_bend_robstown_evidence,planting_readiness,fresh_market_cabbage,False,sorghum_sudangrass,Sorghum-sudangrass,True,2,2,76.08,recommended,57.23,low,79.0,,,data/scenarios/results/eastern_coastal_bend_robstown/missing_irrigation_lab_ph_override.json
eastern_coastal_bend_robstown,eastern,missing_irrigation_lab_ph_override,eastern_coastal_bend_robstown_missing_irrigation_lab_ph_override,eastern_coastal_bend_robstown_evidence,planting_readiness,fresh_market_cabbage,True,fresh_market_cabbage,Fresh-market cabbage,True,3,3,64.34,conditional,65.31,medium,79.0,,,data/scenarios/results/eastern_coastal_bend_robstown/missing_irrigation_lab_ph_override.json
eastern_coastal_bend_robstown,eastern,missing_irrigation_lab_ph_override,eastern_coastal_bend_robstown_missing_irrigation_lab_ph_override,eastern_coastal_bend_robstown_evidence,planting_readiness,fresh_market_cabbage,False,white_potato,White potato,True,4,4,60.09,conditional,57.23,low,79.0,,,data/scenarios/results/eastern_coastal_bend_robstown/missing_irrigation_lab_ph_override.json
eastern_coastal_bend_robstown,eastern,missing_irrigation_lab_ph_override,eastern_coastal_bend_robstown_missing_irrigation_lab_ph_override,eastern_coastal_bend_robstown_evidence,planting_readiness,fresh_market_cabbage,False,dry_bulb_onion,Dry-bulb onion,True,5,5,56.3,conditional,65.31,medium,79.0,,,data/scenarios/results/eastern_coastal_bend_robstown/missing_irrigation_lab_ph_override.json
eastern_coastal_bend_robstown,eastern,missing_irrigation_lab_ph_override,eastern_coastal_bend_robstown_missing_irrigation_lab_ph_override,eastern_coastal_bend_robstown_evidence,planting_readiness,fresh_market_cabbage,False,corn_grain,Corn grown for grain,True,6,6,54.0,not_recommended,67.64,medium,96.0,far_outside_planting_window,far_outside_planting_window,data/scenarios/results/eastern_coastal_bend_robstown/missing_irrigation_lab_ph_override.json
eastern_coastal_bend_robstown,eastern,missing_irrigation_lab_ph_override,eastern_coastal_bend_robstown_missing_irrigation_lab_ph_override,eastern_coastal_bend_robstown_evidence,planting_readiness,fresh_market_cabbage,False,corn_silage,Corn grown for silage,True,7,7,54.0,not_recommended,67.64,medium,96.0,far_outside_planting_window,far_outside_planting_window,data/scenarios/results/eastern_coastal_bend_robstown/missing_irrigation_lab_ph_override.json
eastern_coastal_bend_robstown,eastern,missing_irrigation_lab_ph_override,eastern_coastal_bend_robstown_missing_irrigation_lab_ph_override,eastern_coastal_bend_robstown_evidence,planting_readiness,fresh_market_cabbage,False,grain_sorghum,Grain sorghum,True,8,8,54.0,not_recommended,67.64,medium,96.0,far_outside_planting_window,far_outside_planting_window,data/scenarios/results/eastern_coastal_bend_robstown/missing_irrigation_lab_ph_override.json
eastern_coastal_bend_robstown,eastern,missing_irrigation_lab_ph_override,eastern_coastal_bend_robstown_missing_irrigation_lab_ph_override,eastern_coastal_bend_robstown_evidence,planting_readiness,fresh_market_cabbage,False,upland_cotton,Upland cotton,True,9,9,54.0,not_recommended,67.64,medium,96.0,far_outside_planting_window,far_outside_planting_window,data/scenarios/results/eastern_coastal_bend_robstown/missing_irrigation_lab_ph_override.json
eastern_coastal_bend_robstown,eastern,missing_irrigation_lab_ph_override,eastern_coastal_bend_robstown_missing_irrigation_lab_ph_override,eastern_coastal_bend_robstown_evidence,planting_readiness,fresh_market_cabbage,False,seedless_watermelon,Seedless watermelon,True,10,10,54.0,not_recommended,65.31,medium,79.0,far_outside_planting_window,far_outside_planting_window,data/scenarios/results/eastern_coastal_bend_robstown/missing_irrigation_lab_ph_override.json
eastern_coastal_bend_robstown,eastern,missing_irrigation_lab_ph_override,eastern_coastal_bend_robstown_missing_irrigation_lab_ph_override,eastern_coastal_bend_robstown_evidence,planting_readiness,fresh_market_cabbage,False,long_grain_rice,Long-grain rice,True,11,11,54.0,not_recommended,58.59,low,79.0,far_outside_planting_window,far_outside_planting_window,data/scenarios/results/eastern_coastal_bend_robstown/missing_irrigation_lab_ph_override.json
eastern_coastal_bend_robstown,eastern,missing_irrigation_lab_ph_override,eastern_coastal_bend_robstown_missing_irrigation_lab_ph_override,eastern_coastal_bend_robstown_evidence,planting_readiness,fresh_market_cabbage,False,runner_peanut,Runner-type peanut,True,12,12,54.0,not_recommended,57.23,low,79.0,far_outside_planting_window,far_outside_planting_window,data/scenarios/results/eastern_coastal_bend_robstown/missing_irrigation_lab_ph_override.json
eastern_coastal_bend_robstown,eastern,missing_irrigation_lab_ph_override,eastern_coastal_bend_robstown_missing_irrigation_lab_ph_override,eastern_coastal_bend_robstown_evidence,planting_readiness,fresh_market_cabbage,False,sweet_potato,Sweet potato,True,13,13,54.0,not_recommended,57.23,low,79.0,far_outside_planting_window,far_outside_planting_window,data/scenarios/results/eastern_coastal_bend_robstown/missing_irrigation_lab_ph_override.json
eastern_coastal_bend_robstown,eastern,missing_irrigation_lab_ph_override,eastern_coastal_bend_robstown_missing_irrigation_lab_ph_override,eastern_coastal_bend_robstown_evidence,planting_readiness,fresh_market_cabbage,False,bermudagrass_hay,Bermudagrass grown for hay,True,14,14,54.0,not_recommended,55.07,low,76.0,far_outside_planting_window,far_outside_planting_window,data/scenarios/results/eastern_coastal_bend_robstown/missing_irrigation_lab_ph_override.json
eastern_coastal_bend_robstown,eastern,missing_irrigation_lab_ph_override,eastern_coastal_bend_robstown_missing_irrigation_lab_ph_override,eastern_coastal_bend_robstown_evidence,planting_readiness,fresh_market_cabbage,False,alfalfa_hay,Alfalfa grown for hay,True,15,15,54.0,not_recommended,49.56,low,79.0,far_outside_planting_window,far_outside_planting_window,data/scenarios/results/eastern_coastal_bend_robstown/missing_irrigation_lab_ph_override.json
eastern_coastal_bend_robstown,eastern,missing_irrigation_lab_ph_override,eastern_coastal_bend_robstown_missing_irrigation_lab_ph_override,eastern_coastal_bend_robstown_evidence,planting_readiness,fresh_market_cabbage,False,sesame,Sesame,True,16,16,54.0,not_recommended,47.38,low,76.0,far_outside_planting_window,far_outside_planting_window,data/scenarios/results/eastern_coastal_bend_robstown/missing_irrigation_lab_ph_override.json
eastern_coastal_bend_robstown,eastern,missing_irrigation_lab_ph_override,eastern_coastal_bend_robstown_missing_irrigation_lab_ph_override,eastern_coastal_bend_robstown_evidence,planting_readiness,fresh_market_cabbage,False,soybean,Soybean,True,17,17,53.96,not_recommended,67.64,medium,96.0,far_outside_planting_window,far_outside_planting_window,data/scenarios/results/eastern_coastal_bend_robstown/missing_irrigation_lab_ph_override.json
eastern_coastal_bend_robstown,eastern,missing_irrigation_lab_ph_override,eastern_coastal_bend_robstown_missing_irrigation_lab_ph_override,eastern_coastal_bend_robstown_evidence,planting_readiness,fresh_market_cabbage,False,annual_ryegrass_forage,Annual ryegrass grown for forage,True,18,18,53.62,not_recommended,56.42,low,76.0,far_outside_planting_window,far_outside_planting_window,data/scenarios/results/eastern_coastal_bend_robstown/missing_irrigation_lab_ph_override.json
eastern_coastal_bend_robstown,eastern,missing_irrigation_lab_ph_override,eastern_coastal_bend_robstown_missing_irrigation_lab_ph_override,eastern_coastal_bend_robstown_evidence,planting_readiness,fresh_market_cabbage,False,fresh_market_spinach,Fresh-market spinach,True,19,19,53.07,not_recommended,65.31,medium,79.0,,,data/scenarios/results/eastern_coastal_bend_robstown/missing_irrigation_lab_ph_override.json
eastern_coastal_bend_robstown,eastern,missing_irrigation_lab_ph_override,eastern_coastal_bend_robstown_missing_irrigation_lab_ph_override,eastern_coastal_bend_robstown_evidence,planting_readiness,fresh_market_cabbage,False,oilseed_sunflower,Oilseed sunflower,True,20,20,52.97,not_recommended,57.23,low,79.0,far_outside_planting_window,far_outside_planting_window,data/scenarios/results/eastern_coastal_bend_robstown/missing_irrigation_lab_ph_override.json
eastern_coastal_bend_robstown,eastern,missing_irrigation_lab_ph_override,eastern_coastal_bend_robstown_missing_irrigation_lab_ph_override,eastern_coastal_bend_robstown_evidence,planting_readiness,fresh_market_cabbage,False,grain_oats,Grain oats,True,21,21,51.35,not_recommended,67.64,medium,96.0,,,data/scenarios/results/eastern_coastal_bend_robstown/missing_irrigation_lab_ph_override.json
eastern_coastal_bend_robstown,eastern,missing_irrigation_lab_ph_override,eastern_coastal_bend_robstown_missing_irrigation_lab_ph_override,eastern_coastal_bend_robstown_evidence,planting_readiness,fresh_market_cabbage,False,hard_red_winter_wheat,Hard red winter wheat,True,22,22,46.43,not_recommended,67.64,medium,96.0,far_outside_planting_window,far_outside_planting_window,data/scenarios/results/eastern_coastal_bend_robstown/missing_irrigation_lab_ph_override.json
central_blackland_temple,central_south_winter_garden,in_season_baseline,central_blackland_temple_in_season_baseline,central_blackland_temple_evidence,planting_readiness,white_potato,False,forage_sorghum,Forage sorghum,True,1,1,68.83,conditional,58.68,low,83.0,,,data/scenarios/results/central_blackland_temple/in_season_baseline.json
central_blackland_temple,central_south_winter_garden,in_season_baseline,central_blackland_temple_in_season_baseline,central_blackland_temple_evidence,planting_readiness,white_potato,False,sorghum_sudangrass,Sorghum-sudangrass,True,2,2,68.83,conditional,58.68,low,83.0,,,data/scenarios/results/central_blackland_temple/in_season_baseline.json
central_blackland_temple,central_south_winter_garden,in_season_baseline,central_blackland_temple_in_season_baseline,central_blackland_temple_evidence,planting_readiness,white_potato,True,white_potato,White potato,True,3,3,64.4,conditional,58.68,low,83.0,,,data/scenarios/results/central_blackland_temple/in_season_baseline.json
central_blackland_temple,central_south_winter_garden,in_season_baseline,central_blackland_temple_in_season_baseline,central_blackland_temple_evidence,planting_readiness,white_potato,False,alfalfa_hay,Alfalfa grown for hay,True,4,4,62.86,conditional,58.68,low,83.0,,,data/scenarios/results/central_blackland_temple/in_season_baseline.json
central_blackland_temple,central_south_winter_garden,in_season_baseline,central_blackland_temple_in_season_baseline,central_blackland_temple_evidence,planting_readiness,white_potato,False,dry_bulb_onion,Dry-bulb onion,True,5,5,60.06,conditional,67.01,medium,83.0,,,data/scenarios/results/central_blackland_temple/in_season_baseline.json
central_blackland_temple,central_south_winter_garden,in_season_baseline,central_blackland_temple_in_season_baseline,central_blackland_temple_evidence,planting_readiness,white_potato,False,fresh_market_spinach,Fresh-market spinach,True,6,6,55.9,conditional,67.01,medium,83.0,,,data/scenarios/results/central_blackland_temple/in_season_baseline.json
central_blackland_temple,central_south_winter_garden,in_season_baseline,central_blackland_temple_in_season_baseline,central_blackland_temple_evidence,planting_readiness,white_potato,False,grain_sorghum,Grain sorghum,True,7,7,54.0,not_recommended,69.08,medium,100.0,far_outside_planting_window,far_outside_planting_window,data/scenarios/results/central_blackland_temple/in_season_baseline.json
central_blackland_temple,central_south_winter_garden,in_season_baseline,central_blackland_temple_in_season_baseline,central_blackland_temple_evidence,planting_readiness,white_potato,False,upland_cotton,Upland cotton,True,8,8,54.0,not_recommended,69.08,medium,100.0,far_outside_planting_window,far_outside_planting_window,data/scenarios/results/central_blackland_temple/in_season_baseline.json
central_blackland_temple,central_south_winter_garden,in_season_baseline,central_blackland_temple_in_season_baseline,central_blackland_temple_evidence,planting_readiness,white_potato,False,seedless_watermelon,Seedless watermelon,True,9,9,54.0,not_recommended,67.01,medium,83.0,far_outside_planting_window,far_outside_planting_window,data/scenarios/results/central_blackland_temple/in_season_baseline.json
central_blackland_temple,central_south_winter_garden,in_season_baseline,central_blackland_temple_in_season_baseline,central_blackland_temple_evidence,planting_readiness,white_potato,False,runner_peanut,Runner-type peanut,True,10,10,54.0,not_recommended,58.68,low,83.0,far_outside_planting_window,far_outside_planting_window,data/scenarios/results/central_blackland_temple/in_season_baseline.json
central_blackland_temple,central_south_winter_garden,in_season_baseline,central_blackland_temple_in_season_baseline,central_blackland_temple_evidence,planting_readiness,white_potato,False,sweet_potato,Sweet potato,True,11,11,54.0,not_recommended,58.68,low,83.0,far_outside_planting_window,far_outside_planting_window,data/scenarios/results/central_blackland_temple/in_season_baseline.json
central_blackland_temple,central_south_winter_garden,in_season_baseline,central_blackland_temple_in_season_baseline,central_blackland_temple_evidence,planting_readiness,white_potato,False,bermudagrass_hay,Bermudagrass grown for hay,True,12,12,54.0,not_recommended,56.51,low,80.0,far_outside_planting_window,far_outside_planting_window,data/scenarios/results/central_blackland_temple/in_season_baseline.json
central_blackland_temple,central_south_winter_garden,in_season_baseline,central_blackland_temple_in_season_baseline,central_blackland_temple_evidence,planting_readiness,white_potato,False,sesame,Sesame,True,13,13,54.0,not_recommended,48.57,low,80.0,far_outside_planting_window,far_outside_planting_window,data/scenarios/results/central_blackland_temple/in_season_baseline.json
central_blackland_temple,central_south_winter_garden,in_season_baseline,central_blackland_temple_in_season_baseline,central_blackland_temple_evidence,planting_readiness,white_potato,False,fresh_market_cabbage,Fresh-market cabbage,True,14,14,52.71,not_recommended,67.01,medium,83.0,,,data/scenarios/results/central_blackland_temple/in_season_baseline.json
central_blackland_temple,central_south_winter_garden,in_season_baseline,central_blackland_temple_in_season_baseline,central_blackland_temple_evidence,planting_readiness,white_potato,False,long_grain_rice,Long-grain rice,True,15,15,50.99,not_recommended,51.0,low,83.0,far_outside_planting_window,far_outside_planting_window,data/scenarios/results/central_blackland_temple/in_season_baseline.json
central_blackland_temple,central_south_winter_garden,in_season_baseline,central_blackland_temple_in_season_baseline,central_blackland_temple_evidence,planting_readiness,white_potato,False,oilseed_sunflower,Oilseed sunflower,True,16,16,50.3,not_recommended,58.68,low,83.0,far_outside_planting_window,far_outside_planting_window,data/scenarios/results/central_blackland_temple/in_season_baseline.json
central_blackland_temple,central_south_winter_garden,in_season_baseline,central_blackland_temple_in_season_baseline,central_blackland_temple_evidence,planting_readiness,white_potato,False,corn_grain,Corn grown for grain,True,17,17,49.1,not_recommended,69.08,medium,100.0,far_outside_planting_window,far_outside_planting_window,data/scenarios/results/central_blackland_temple/in_season_baseline.json
central_blackland_temple,central_south_winter_garden,in_season_baseline,central_blackland_temple_in_season_baseline,central_blackland_temple_evidence,planting_readiness,white_potato,False,corn_silage,Corn grown for silage,True,18,18,47.98,not_recommended,69.08,medium,100.0,far_outside_planting_window,far_outside_planting_window,data/scenarios/results/central_blackland_temple/in_season_baseline.json
central_blackland_temple,central_south_winter_garden,in_season_baseline,central_blackland_temple_in_season_baseline,central_blackland_temple_evidence,planting_readiness,white_potato,False,soybean,Soybean,True,19,19,47.98,not_recommended,69.08,medium,100.0,far_outside_planting_window,far_outside_planting_window,data/scenarios/results/central_blackland_temple/in_season_baseline.json
central_blackland_temple,central_south_winter_garden,in_season_baseline,central_blackland_temple_in_season_baseline,central_blackland_temple_evidence,planting_readiness,white_potato,False,annual_ryegrass_forage,Annual ryegrass grown for forage,True,20,20,45.16,not_recommended,56.51,low,80.0,far_outside_planting_window,far_outside_planting_window,data/scenarios/results/central_blackland_temple/in_season_baseline.json
central_blackland_temple,central_south_winter_garden,in_season_baseline,central_blackland_temple_in_season_baseline,central_blackland_temple_evidence,planting_readiness,white_potato,False,hard_red_winter_wheat,Hard red winter wheat,True,21,21,39.88,not_recommended,69.08,medium,100.0,far_outside_planting_window,far_outside_planting_window,data/scenarios/results/central_blackland_temple/in_season_baseline.json
central_blackland_temple,central_south_winter_garden,in_season_baseline,central_blackland_temple_in_season_baseline,central_blackland_temple_evidence,planting_readiness,white_potato,False,grain_oats,Grain oats,True,22,22,39.67,not_recommended,69.08,medium,100.0,far_outside_planting_window,far_outside_planting_window,data/scenarios/results/central_blackland_temple/in_season_baseline.json
central_blackland_temple,central_south_winter_garden,out_of_season,central_blackland_temple_out_of_season,central_blackland_temple_evidence,planning,white_potato,False,sesame,Sesame,True,1,1,91.83,recommended,33.87,low,60.0,,,data/scenarios/results/central_blackland_temple/out_of_season.json
central_blackland_temple,central_south_winter_garden,out_of_season,central_blackland_temple_out_of_season,central_blackland_temple_evidence,planning,white_potato,False,seedless_watermelon,Seedless watermelon,True,2,2,85.58,recommended,47.11,low,60.0,,,data/scenarios/results/central_blackland_temple/out_of_season.json
central_blackland_temple,central_south_winter_garden,out_of_season,central_blackland_temple_out_of_season,central_blackland_temple_evidence,planning,white_potato,False,sweet_potato,Sweet potato,True,3,3,84.12,recommended,40.49,low,60.0,,,data/scenarios/results/central_blackland_temple/out_of_season.json
central_blackland_temple,central_south_winter_garden,out_of_season,central_blackland_temple_out_of_season,central_blackland_temple_evidence,planning,white_potato,False,bermudagrass_hay,Bermudagrass grown for hay,True,4,4,83.12,recommended,40.49,low,60.0,,,data/scenarios/results/central_blackland_temple/out_of_season.json
central_blackland_temple,central_south_winter_garden,out_of_season,central_blackland_temple_out_of_season,central_blackland_temple_evidence,planning,white_potato,False,oilseed_sunflower,Oilseed sunflower,True,5,5,82.67,recommended,40.49,low,60.0,,,data/scenarios/results/central_blackland_temple/out_of_season.json
central_blackland_temple,central_south_winter_garden,out_of_season,central_blackland_temple_out_of_season,central_blackland_temple_evidence,planning,white_potato,False,forage_sorghum,Forage sorghum,True,6,6,82.29,recommended,40.49,low,60.0,,,data/scenarios/results/central_blackland_temple/out_of_season.json
central_blackland_temple,central_south_winter_garden,out_of_season,central_blackland_temple_out_of_season,central_blackland_temple_evidence,planning,white_potato,False,grain_sorghum,Grain sorghum,True,7,7,82.29,recommended,40.49,low,60.0,,,data/scenarios/results/central_blackland_temple/out_of_season.json
central_blackland_temple,central_south_winter_garden,out_of_season,central_blackland_temple_out_of_season,central_blackland_temple_evidence,planning,white_potato,False,sorghum_sudangrass,Sorghum-sudangrass,True,8,8,82.29,recommended,40.49,low,60.0,,,data/scenarios/results/central_blackland_temple/out_of_season.json
central_blackland_temple,central_south_winter_garden,out_of_season,central_blackland_temple_out_of_season,central_blackland_temple_evidence,planning,white_potato,False,soybean,Soybean,True,9,9,81.12,recommended,40.49,low,60.0,,,data/scenarios/results/central_blackland_temple/out_of_season.json
central_blackland_temple,central_south_winter_garden,out_of_season,central_blackland_temple_out_of_season,central_blackland_temple_evidence,planning,white_potato,False,upland_cotton,Upland cotton,True,10,10,80.21,recommended,40.49,low,60.0,,,data/scenarios/results/central_blackland_temple/out_of_season.json
central_blackland_temple,central_south_winter_garden,out_of_season,central_blackland_temple_out_of_season,central_blackland_temple_evidence,planning,white_potato,False,runner_peanut,Runner-type peanut,True,11,11,79.79,recommended,40.49,low,60.0,,,data/scenarios/results/central_blackland_temple/out_of_season.json
central_blackland_temple,central_south_winter_garden,out_of_season,central_blackland_temple_out_of_season,central_blackland_temple_evidence,planning,white_potato,False,corn_grain,Corn grown for grain,True,12,12,69.75,conditional,40.49,low,60.0,,,data/scenarios/results/central_blackland_temple/out_of_season.json
central_blackland_temple,central_south_winter_garden,out_of_season,central_blackland_temple_out_of_season,central_blackland_temple_evidence,planning,white_potato,False,corn_silage,Corn grown for silage,True,13,13,67.88,conditional,40.49,low,60.0,,,data/scenarios/results/central_blackland_temple/out_of_season.json
central_blackland_temple,central_south_winter_garden,out_of_season,central_blackland_temple_out_of_season,central_blackland_temple_evidence,planning,white_potato,False,dry_bulb_onion,Dry-bulb onion,True,14,14,54.0,not_recommended,47.11,low,60.0,far_outside_planting_window,far_outside_planting_window,data/scenarios/results/central_blackland_temple/out_of_season.json
central_blackland_temple,central_south_winter_garden,out_of_season,central_blackland_temple_out_of_season,central_blackland_temple_evidence,planning,white_potato,False,fresh_market_cabbage,Fresh-market cabbage,True,15,15,54.0,not_recommended,47.11,low,60.0,far_outside_planting_window,far_outside_planting_window,data/scenarios/results/central_blackland_temple/out_of_season.json
central_blackland_temple,central_south_winter_garden,out_of_season,central_blackland_temple_out_of_season,central_blackland_temple_evidence,planning,white_potato,False,fresh_market_spinach,Fresh-market spinach,True,16,16,54.0,not_recommended,47.11,low,60.0,far_outside_planting_window,far_outside_planting_window,data/scenarios/results/central_blackland_temple/out_of_season.json
central_blackland_temple,central_south_winter_garden,out_of_season,central_blackland_temple_out_of_season,central_blackland_temple_evidence,planning,white_potato,False,alfalfa_hay,Alfalfa grown for hay,True,17,17,54.0,not_recommended,40.49,low,60.0,far_outside_planting_window,far_outside_planting_window,data/scenarios/results/central_blackland_temple/out_of_season.json
central_blackland_temple,central_south_winter_garden,out_of_season,central_blackland_temple_out_of_season,central_blackland_temple_evidence,planning,white_potato,False,hard_red_winter_wheat,Hard red winter wheat,True,18,18,54.0,not_recommended,40.49,low,60.0,far_outside_planting_window,far_outside_planting_window,data/scenarios/results/central_blackland_temple/out_of_season.json
central_blackland_temple,central_south_winter_garden,out_of_season,central_blackland_temple_out_of_season,central_blackland_temple_evidence,planning,white_potato,True,white_potato,White potato,True,19,19,54.0,not_recommended,40.49,low,60.0,far_outside_planting_window,far_outside_planting_window,data/scenarios/results/central_blackland_temple/out_of_season.json
central_blackland_temple,central_south_winter_garden,out_of_season,central_blackland_temple_out_of_season,central_blackland_temple_evidence,planning,white_potato,False,long_grain_rice,Long-grain rice,True,20,20,53.96,not_recommended,32.81,low,60.0,far_outside_planting_window,far_outside_planting_window,data/scenarios/results/central_blackland_temple/out_of_season.json
central_blackland_temple,central_south_winter_garden,out_of_season,central_blackland_temple_out_of_season,central_blackland_temple_evidence,planning,white_potato,False,grain_oats,Grain oats,True,21,21,53.62,not_recommended,40.49,low,60.0,far_outside_planting_window,far_outside_planting_window,data/scenarios/results/central_blackland_temple/out_of_season.json
central_blackland_temple,central_south_winter_garden,out_of_season,central_blackland_temple_out_of_season,central_blackland_temple_evidence,planning,white_potato,False,annual_ryegrass_forage,Annual ryegrass grown for forage,True,22,22,51.54,not_recommended,40.49,low,60.0,far_outside_planting_window,far_outside_planting_window,data/scenarios/results/central_blackland_temple/out_of_season.json
central_blackland_temple,central_south_winter_garden,no_irrigation,central_blackland_temple_no_irrigation,central_blackland_temple_evidence,planting_readiness,white_potato,False,forage_sorghum,Forage sorghum,True,1,1,68.83,conditional,58.68,low,83.0,,,data/scenarios/results/central_blackland_temple/no_irrigation.json
central_blackland_temple,central_south_winter_garden,no_irrigation,central_blackland_temple_no_irrigation,central_blackland_temple_evidence,planting_readiness,white_potato,False,sorghum_sudangrass,Sorghum-sudangrass,True,2,2,68.83,conditional,58.68,low,83.0,,,data/scenarios/results/central_blackland_temple/no_irrigation.json
central_blackland_temple,central_south_winter_garden,no_irrigation,central_blackland_temple_no_irrigation,central_blackland_temple_evidence,planting_readiness,white_potato,True,white_potato,White potato,True,3,3,62.71,conditional,58.68,low,83.0,,,data/scenarios/results/central_blackland_temple/no_irrigation.json
central_blackland_temple,central_south_winter_garden,no_irrigation,central_blackland_temple_no_irrigation,central_blackland_temple_evidence,planting_readiness,white_potato,False,fresh_market_spinach,Fresh-market spinach,True,4,4,54.22,not_recommended,67.01,medium,83.0,,,data/scenarios/results/central_blackland_temple/no_irrigation.json
central_blackland_temple,central_south_winter_garden,no_irrigation,central_blackland_temple_no_irrigation,central_blackland_temple_evidence,planting_readiness,white_potato,False,grain_sorghum,Grain sorghum,True,5,5,54.0,not_recommended,69.08,medium,100.0,far_outside_planting_window,far_outside_planting_window,data/scenarios/results/central_blackland_temple/no_irrigation.json
central_blackland_temple,central_south_winter_garden,no_irrigation,central_blackland_temple_no_irrigation,central_blackland_temple_evidence,planting_readiness,white_potato,False,upland_cotton,Upland cotton,True,6,6,54.0,not_recommended,69.08,medium,100.0,far_outside_planting_window,far_outside_planting_window,data/scenarios/results/central_blackland_temple/no_irrigation.json
central_blackland_temple,central_south_winter_garden,no_irrigation,central_blackland_temple_no_irrigation,central_blackland_temple_evidence,planting_readiness,white_potato,False,dry_bulb_onion,Dry-bulb onion,True,7,7,54.0,not_recommended,67.01,medium,83.0,required_irrigation_unavailable,required_irrigation_unavailable,data/scenarios/results/central_blackland_temple/no_irrigation.json
central_blackland_temple,central_south_winter_garden,no_irrigation,central_blackland_temple_no_irrigation,central_blackland_temple_evidence,planting_readiness,white_potato,False,seedless_watermelon,Seedless watermelon,True,8,8,54.0,not_recommended,67.01,medium,83.0,far_outside_planting_window,far_outside_planting_window,data/scenarios/results/central_blackland_temple/no_irrigation.json
central_blackland_temple,central_south_winter_garden,no_irrigation,central_blackland_temple_no_irrigation,central_blackland_temple_evidence,planting_readiness,white_potato,False,alfalfa_hay,Alfalfa grown for hay,True,9,9,54.0,not_recommended,58.68,low,83.0,required_irrigation_unavailable,required_irrigation_unavailable,data/scenarios/results/central_blackland_temple/no_irrigation.json
central_blackland_temple,central_south_winter_garden,no_irrigation,central_blackland_temple_no_irrigation,central_blackland_temple_evidence,planting_readiness,white_potato,False,runner_peanut,Runner-type peanut,True,10,10,54.0,not_recommended,58.68,low,83.0,far_outside_planting_window,far_outside_planting_window,data/scenarios/results/central_blackland_temple/no_irrigation.json
central_blackland_temple,central_south_winter_garden,no_irrigation,central_blackland_temple_no_irrigation,central_blackland_temple_evidence,planting_readiness,white_potato,False,sweet_potato,Sweet potato,True,11,11,54.0,not_recommended,58.68,low,83.0,far_outside_planting_window,far_outside_planting_window,data/scenarios/results/central_blackland_temple/no_irrigation.json
central_blackland_temple,central_south_winter_garden,no_irrigation,central_blackland_temple_no_irrigation,central_blackland_temple_evidence,planting_readiness,white_potato,False,bermudagrass_hay,Bermudagrass grown for hay,True,12,12,54.0,not_recommended,56.51,low,80.0,far_outside_planting_window,far_outside_planting_window,data/scenarios/results/central_blackland_temple/no_irrigation.json
central_blackland_temple,central_south_winter_garden,no_irrigation,central_blackland_temple_no_irrigation,central_blackland_temple_evidence,planting_readiness,white_potato,False,sesame,Sesame,True,13,13,54.0,not_recommended,48.57,low,80.0,far_outside_planting_window,far_outside_planting_window,data/scenarios/results/central_blackland_temple/no_irrigation.json
central_blackland_temple,central_south_winter_garden,no_irrigation,central_blackland_temple_no_irrigation,central_blackland_temple_evidence,planting_readiness,white_potato,False,fresh_market_cabbage,Fresh-market cabbage,True,14,14,51.02,not_recommended,67.01,medium,83.0,,,data/scenarios/results/central_blackland_temple/no_irrigation.json
central_blackland_temple,central_south_winter_garden,no_irrigation,central_blackland_temple_no_irrigation,central_blackland_temple_evidence,planting_readiness,white_potato,False,oilseed_sunflower,Oilseed sunflower,True,15,15,50.3,not_recommended,58.68,low,83.0,far_outside_planting_window,far_outside_planting_window,data/scenarios/results/central_blackland_temple/no_irrigation.json
central_blackland_temple,central_south_winter_garden,no_irrigation,central_blackland_temple_no_irrigation,central_blackland_temple_evidence,planting_readiness,white_potato,False,corn_grain,Corn grown for grain,True,16,16,48.7,not_recommended,69.08,medium,100.0,far_outside_planting_window,far_outside_planting_window,data/scenarios/results/central_blackland_temple/no_irrigation.json
central_blackland_temple,central_south_winter_garden,no_irrigation,central_blackland_temple_no_irrigation,central_blackland_temple_evidence,planting_readiness,white_potato,False,long_grain_rice,Long-grain rice,True,17,17,47.62,not_recommended,51.0,low,83.0,far_outside_planting_window|required_irrigation_unavailable,far_outside_planting_window|required_irrigation_unavailable,data/scenarios/results/central_blackland_temple/no_irrigation.json
central_blackland_temple,central_south_winter_garden,no_irrigation,central_blackland_temple_no_irrigation,central_blackland_temple_evidence,planting_readiness,white_potato,False,soybean,Soybean,True,18,18,47.58,not_recommended,69.08,medium,100.0,far_outside_planting_window,far_outside_planting_window,data/scenarios/results/central_blackland_temple/no_irrigation.json
central_blackland_temple,central_south_winter_garden,no_irrigation,central_blackland_temple_no_irrigation,central_blackland_temple_evidence,planting_readiness,white_potato,False,corn_silage,Corn grown for silage,True,19,19,46.58,not_recommended,69.08,medium,100.0,far_outside_planting_window,far_outside_planting_window,data/scenarios/results/central_blackland_temple/no_irrigation.json
central_blackland_temple,central_south_winter_garden,no_irrigation,central_blackland_temple_no_irrigation,central_blackland_temple_evidence,planting_readiness,white_potato,False,annual_ryegrass_forage,Annual ryegrass grown for forage,True,20,20,44.66,not_recommended,56.51,low,80.0,far_outside_planting_window,far_outside_planting_window,data/scenarios/results/central_blackland_temple/no_irrigation.json
central_blackland_temple,central_south_winter_garden,no_irrigation,central_blackland_temple_no_irrigation,central_blackland_temple_evidence,planting_readiness,white_potato,False,hard_red_winter_wheat,Hard red winter wheat,True,21,21,39.48,not_recommended,69.08,medium,100.0,far_outside_planting_window,far_outside_planting_window,data/scenarios/results/central_blackland_temple/no_irrigation.json
central_blackland_temple,central_south_winter_garden,no_irrigation,central_blackland_temple_no_irrigation,central_blackland_temple_evidence,planting_readiness,white_potato,False,grain_oats,Grain oats,True,22,22,39.27,not_recommended,69.08,medium,100.0,far_outside_planting_window,far_outside_planting_window,data/scenarios/results/central_blackland_temple/no_irrigation.json
central_blackland_temple,central_south_winter_garden,reliable_irrigation,central_blackland_temple_reliable_irrigation,central_blackland_temple_evidence,planting_readiness,white_potato,False,forage_sorghum,Forage sorghum,True,1,1,69.31,conditional,58.68,low,83.0,,,data/scenarios/results/central_blackland_temple/reliable_irrigation.json
central_blackland_temple,central_south_winter_garden,reliable_irrigation,central_blackland_temple_reliable_irrigation,central_blackland_temple_evidence,planting_readiness,white_potato,False,sorghum_sudangrass,Sorghum-sudangrass,True,2,2,69.31,conditional,58.68,low,83.0,,,data/scenarios/results/central_blackland_temple/reliable_irrigation.json
central_blackland_temple,central_south_winter_garden,reliable_irrigation,central_blackland_temple_reliable_irrigation,central_blackland_temple_evidence,planting_readiness,white_potato,True,white_potato,White potato,True,3,3,65.84,conditional,58.68,low,83.0,,,data/scenarios/results/central_blackland_temple/reliable_irrigation.json
central_blackland_temple,central_south_winter_garden,reliable_irrigation,central_blackland_temple_reliable_irrigation,central_blackland_temple_evidence,planting_readiness,white_potato,False,alfalfa_hay,Alfalfa grown for hay,True,4,4,64.31,conditional,58.68,low,83.0,,,data/scenarios/results/central_blackland_temple/reliable_irrigation.json
central_blackland_temple,central_south_winter_garden,reliable_irrigation,central_blackland_temple_reliable_irrigation,central_blackland_temple_evidence,planting_readiness,white_potato,False,dry_bulb_onion,Dry-bulb onion,True,5,5,61.51,conditional,67.01,medium,83.0,,,data/scenarios/results/central_blackland_temple/reliable_irrigation.json
central_blackland_temple,central_south_winter_garden,reliable_irrigation,central_blackland_temple_reliable_irrigation,central_blackland_temple_evidence,planting_readiness,white_potato,False,fresh_market_spinach,Fresh-market spinach,True,6,6,57.35,conditional,67.01,medium,83.0,,,data/scenarios/results/central_blackland_temple/reliable_irrigation.json
central_blackland_temple,central_south_winter_garden,reliable_irrigation,central_blackland_temple_reliable_irrigation,central_blackland_temple_evidence,planting_readiness,white_potato,False,fresh_market_cabbage,Fresh-market cabbage,True,7,7,54.16,not_recommended,67.01,medium,83.0,,,data/scenarios/results/central_blackland_temple/reliable_irrigation.json
central_blackland_temple,central_south_winter_garden,reliable_irrigation,central_blackland_temple_reliable_irrigation,central_blackland_temple_evidence,planting_readiness,white_potato,False,grain_sorghum,Grain sorghum,True,8,8,54.0,not_recommended,69.08,medium,100.0,far_outside_planting_window,far_outside_planting_window,data/scenarios/results/central_blackland_temple/reliable_irrigation.json
central_blackland_temple,central_south_winter_garden,reliable_irrigation,central_blackland_temple_reliable_irrigation,central_blackland_temple_evidence,planting_readiness,white_potato,False,upland_cotton,Upland cotton,True,9,9,54.0,not_recommended,69.08,medium,100.0,far_outside_planting_window,far_outside_planting_window,data/scenarios/results/central_blackland_temple/reliable_irrigation.json
central_blackland_temple,central_south_winter_garden,reliable_irrigation,central_blackland_temple_reliable_irrigation,central_blackland_temple_evidence,planting_readiness,white_potato,False,seedless_watermelon,Seedless watermelon,True,10,10,54.0,not_recommended,67.01,medium,83.0,far_outside_planting_window,far_outside_planting_window,data/scenarios/results/central_blackland_temple/reliable_irrigation.json
central_blackland_temple,central_south_winter_garden,reliable_irrigation,central_blackland_temple_reliable_irrigation,central_blackland_temple_evidence,planting_readiness,white_potato,False,runner_peanut,Runner-type peanut,True,11,11,54.0,not_recommended,58.68,low,83.0,far_outside_planting_window,far_outside_planting_window,data/scenarios/results/central_blackland_temple/reliable_irrigation.json
central_blackland_temple,central_south_winter_garden,reliable_irrigation,central_blackland_temple_reliable_irrigation,central_blackland_temple_evidence,planting_readiness,white_potato,False,sweet_potato,Sweet potato,True,12,12,54.0,not_recommended,58.68,low,83.0,far_outside_planting_window,far_outside_planting_window,data/scenarios/results/central_blackland_temple/reliable_irrigation.json
central_blackland_temple,central_south_winter_garden,reliable_irrigation,central_blackland_temple_reliable_irrigation,central_blackland_temple_evidence,planting_readiness,white_potato,False,bermudagrass_hay,Bermudagrass grown for hay,True,13,13,54.0,not_recommended,56.51,low,80.0,far_outside_planting_window,far_outside_planting_window,data/scenarios/results/central_blackland_temple/reliable_irrigation.json
central_blackland_temple,central_south_winter_garden,reliable_irrigation,central_blackland_temple_reliable_irrigation,central_blackland_temple_evidence,planting_readiness,white_potato,False,sesame,Sesame,True,14,14,54.0,not_recommended,48.57,low,80.0,far_outside_planting_window,far_outside_planting_window,data/scenarios/results/central_blackland_temple/reliable_irrigation.json
central_blackland_temple,central_south_winter_garden,reliable_irrigation,central_blackland_temple_reliable_irrigation,central_blackland_temple_evidence,planting_readiness,white_potato,False,long_grain_rice,Long-grain rice,True,15,15,52.44,not_recommended,51.0,low,83.0,far_outside_planting_window,far_outside_planting_window,data/scenarios/results/central_blackland_temple/reliable_irrigation.json
central_blackland_temple,central_south_winter_garden,reliable_irrigation,central_blackland_temple_reliable_irrigation,central_blackland_temple_evidence,planting_readiness,white_potato,False,oilseed_sunflower,Oilseed sunflower,True,16,16,50.78,not_recommended,58.68,low,83.0,far_outside_planting_window,far_outside_planting_window,data/scenarios/results/central_blackland_temple/reliable_irrigation.json
central_blackland_temple,central_south_winter_garden,reliable_irrigation,central_blackland_temple_reliable_irrigation,central_blackland_temple_evidence,planting_readiness,white_potato,False,corn_grain,Corn grown for grain,True,17,17,50.3,not_recommended,69.08,medium,100.0,far_outside_planting_window,far_outside_planting_window,data/scenarios/results/central_blackland_temple/reliable_irrigation.json
central_blackland_temple,central_south_winter_garden,reliable_irrigation,central_blackland_temple_reliable_irrigation,central_blackland_temple_evidence,planting_readiness,white_potato,False,corn_silage,Corn grown for silage,True,18,18,49.17,not_recommended,69.08,medium,100.0,far_outside_planting_window,far_outside_planting_window,data/scenarios/results/central_blackland_temple/reliable_irrigation.json
central_blackland_temple,central_south_winter_garden,reliable_irrigation,central_blackland_temple_reliable_irrigation,central_blackland_temple_evidence,planting_readiness,white_potato,False,soybean,Soybean,True,19,19,49.17,not_recommended,69.08,medium,100.0,far_outside_planting_window,far_outside_planting_window,data/scenarios/results/central_blackland_temple/reliable_irrigation.json
central_blackland_temple,central_south_winter_garden,reliable_irrigation,central_blackland_temple_reliable_irrigation,central_blackland_temple_evidence,planting_readiness,white_potato,False,annual_ryegrass_forage,Annual ryegrass grown for forage,True,20,20,46.66,not_recommended,56.51,low,80.0,far_outside_planting_window,far_outside_planting_window,data/scenarios/results/central_blackland_temple/reliable_irrigation.json
central_blackland_temple,central_south_winter_garden,reliable_irrigation,central_blackland_temple_reliable_irrigation,central_blackland_temple_evidence,planting_readiness,white_potato,False,hard_red_winter_wheat,Hard red winter wheat,True,21,21,41.08,not_recommended,69.08,medium,100.0,far_outside_planting_window,far_outside_planting_window,data/scenarios/results/central_blackland_temple/reliable_irrigation.json
central_blackland_temple,central_south_winter_garden,reliable_irrigation,central_blackland_temple_reliable_irrigation,central_blackland_temple_evidence,planting_readiness,white_potato,False,grain_oats,Grain oats,True,22,22,40.88,not_recommended,69.08,medium,100.0,far_outside_planting_window,far_outside_planting_window,data/scenarios/results/central_blackland_temple/reliable_irrigation.json
central_blackland_temple,central_south_winter_garden,missing_irrigation_lab_ph_override,central_blackland_temple_missing_irrigation_lab_ph_override,central_blackland_temple_evidence,planting_readiness,white_potato,False,forage_sorghum,Forage sorghum,True,1,1,74.21,conditional,57.23,low,79.0,,,data/scenarios/results/central_blackland_temple/missing_irrigation_lab_ph_override.json
central_blackland_temple,central_south_winter_garden,missing_irrigation_lab_ph_override,central_blackland_temple_missing_irrigation_lab_ph_override,central_blackland_temple_evidence,planting_readiness,white_potato,False,sorghum_sudangrass,Sorghum-sudangrass,True,2,2,74.21,conditional,57.23,low,79.0,,,data/scenarios/results/central_blackland_temple/missing_irrigation_lab_ph_override.json
central_blackland_temple,central_south_winter_garden,missing_irrigation_lab_ph_override,central_blackland_temple_missing_irrigation_lab_ph_override,central_blackland_temple_evidence,planting_readiness,white_potato,False,alfalfa_hay,Alfalfa grown for hay,True,3,3,66.68,conditional,57.23,low,79.0,,,data/scenarios/results/central_blackland_temple/missing_irrigation_lab_ph_override.json
central_blackland_temple,central_south_winter_garden,missing_irrigation_lab_ph_override,central_blackland_temple_missing_irrigation_lab_ph_override,central_blackland_temple_evidence,planting_readiness,white_potato,True,white_potato,White potato,True,4,4,66.01,conditional,57.23,low,79.0,,,data/scenarios/results/central_blackland_temple/missing_irrigation_lab_ph_override.json
central_blackland_temple,central_south_winter_garden,missing_irrigation_lab_ph_override,central_blackland_temple_missing_irrigation_lab_ph_override,central_blackland_temple_evidence,planting_readiness,white_potato,False,dry_bulb_onion,Dry-bulb onion,True,5,5,59.56,conditional,65.31,medium,79.0,,,data/scenarios/results/central_blackland_temple/missing_irrigation_lab_ph_override.json
central_blackland_temple,central_south_winter_garden,missing_irrigation_lab_ph_override,central_blackland_temple_missing_irrigation_lab_ph_override,central_blackland_temple_evidence,planting_readiness,white_potato,False,fresh_market_spinach,Fresh-market spinach,True,6,6,57.09,conditional,65.31,medium,79.0,,,data/scenarios/results/central_blackland_temple/missing_irrigation_lab_ph_override.json
central_blackland_temple,central_south_winter_garden,missing_irrigation_lab_ph_override,central_blackland_temple_missing_irrigation_lab_ph_override,central_blackland_temple_evidence,planting_readiness,white_potato,False,fresh_market_cabbage,Fresh-market cabbage,True,7,7,56.01,conditional,65.31,medium,79.0,,,data/scenarios/results/central_blackland_temple/missing_irrigation_lab_ph_override.json
central_blackland_temple,central_south_winter_garden,missing_irrigation_lab_ph_override,central_blackland_temple_missing_irrigation_lab_ph_override,central_blackland_temple_evidence,planting_readiness,white_potato,False,grain_sorghum,Grain sorghum,True,8,8,54.0,not_recommended,67.64,medium,96.0,far_outside_planting_window,far_outside_planting_window,data/scenarios/results/central_blackland_temple/missing_irrigation_lab_ph_override.json
central_blackland_temple,central_south_winter_garden,missing_irrigation_lab_ph_override,central_blackland_temple_missing_irrigation_lab_ph_override,central_blackland_temple_evidence,planting_readiness,white_potato,False,upland_cotton,Upland cotton,True,9,9,54.0,not_recommended,67.64,medium,96.0,far_outside_planting_window,far_outside_planting_window,data/scenarios/results/central_blackland_temple/missing_irrigation_lab_ph_override.json
central_blackland_temple,central_south_winter_garden,missing_irrigation_lab_ph_override,central_blackland_temple_missing_irrigation_lab_ph_override,central_blackland_temple_evidence,planting_readiness,white_potato,False,seedless_watermelon,Seedless watermelon,True,10,10,54.0,not_recommended,65.31,medium,79.0,far_outside_planting_window,far_outside_planting_window,data/scenarios/results/central_blackland_temple/missing_irrigation_lab_ph_override.json
central_blackland_temple,central_south_winter_garden,missing_irrigation_lab_ph_override,central_blackland_temple_missing_irrigation_lab_ph_override,central_blackland_temple_evidence,planting_readiness,white_potato,False,runner_peanut,Runner-type peanut,True,11,11,54.0,not_recommended,57.23,low,79.0,far_outside_planting_window,far_outside_planting_window,data/scenarios/results/central_blackland_temple/missing_irrigation_lab_ph_override.json
central_blackland_temple,central_south_winter_garden,missing_irrigation_lab_ph_override,central_blackland_temple_missing_irrigation_lab_ph_override,central_blackland_temple_evidence,planting_readiness,white_potato,False,sweet_potato,Sweet potato,True,12,12,54.0,not_recommended,57.23,low,79.0,far_outside_planting_window,far_outside_planting_window,data/scenarios/results/central_blackland_temple/missing_irrigation_lab_ph_override.json
central_blackland_temple,central_south_winter_garden,missing_irrigation_lab_ph_override,central_blackland_temple_missing_irrigation_lab_ph_override,central_blackland_temple_evidence,planting_readiness,white_potato,False,bermudagrass_hay,Bermudagrass grown for hay,True,13,13,54.0,not_recommended,55.07,low,76.0,far_outside_planting_window,far_outside_planting_window,data/scenarios/results/central_blackland_temple/missing_irrigation_lab_ph_override.json
central_blackland_temple,central_south_winter_garden,missing_irrigation_lab_ph_override,central_blackland_temple_missing_irrigation_lab_ph_override,central_blackland_temple_evidence,planting_readiness,white_potato,False,long_grain_rice,Long-grain rice,True,14,14,54.0,not_recommended,49.56,low,79.0,far_outside_planting_window,far_outside_planting_window,data/scenarios/results/central_blackland_temple/missing_irrigation_lab_ph_override.json
central_blackland_temple,central_south_winter_garden,missing_irrigation_lab_ph_override,central_blackland_temple_missing_irrigation_lab_ph_override,central_blackland_temple_evidence,planting_readiness,white_potato,False,sesame,Sesame,True,15,15,54.0,not_recommended,47.38,low,76.0,far_outside_planting_window,far_outside_planting_window,data/scenarios/results/central_blackland_temple/missing_irrigation_lab_ph_override.json
central_blackland_temple,central_south_winter_garden,missing_irrigation_lab_ph_override,central_blackland_temple_missing_irrigation_lab_ph_override,central_blackland_temple_evidence,planting_readiness,white_potato,False,corn_grain,Corn grown for grain,True,16,16,53.54,not_recommended,67.64,medium,96.0,far_outside_planting_window,far_outside_planting_window,data/scenarios/results/central_blackland_temple/missing_irrigation_lab_ph_override.json
central_blackland_temple,central_south_winter_garden,missing_irrigation_lab_ph_override,central_blackland_temple_missing_irrigation_lab_ph_override,central_blackland_temple_evidence,planting_readiness,white_potato,False,oilseed_sunflower,Oilseed sunflower,True,17,17,52.47,not_recommended,57.23,low,79.0,far_outside_planting_window,far_outside_planting_window,data/scenarios/results/central_blackland_temple/missing_irrigation_lab_ph_override.json
central_blackland_temple,central_south_winter_garden,missing_irrigation_lab_ph_override,central_blackland_temple_missing_irrigation_lab_ph_override,central_blackland_temple_evidence,planting_readiness,white_potato,False,corn_silage,Corn grown for silage,True,18,18,52.37,not_recommended,67.64,medium,96.0,far_outside_planting_window,far_outside_planting_window,data/scenarios/results/central_blackland_temple/missing_irrigation_lab_ph_override.json
central_blackland_temple,central_south_winter_garden,missing_irrigation_lab_ph_override,central_blackland_temple_missing_irrigation_lab_ph_override,central_blackland_temple_evidence,planting_readiness,white_potato,False,soybean,Soybean,True,19,19,52.37,not_recommended,67.64,medium,96.0,far_outside_planting_window,far_outside_planting_window,data/scenarios/results/central_blackland_temple/missing_irrigation_lab_ph_override.json
central_blackland_temple,central_south_winter_garden,missing_irrigation_lab_ph_override,central_blackland_temple_missing_irrigation_lab_ph_override,central_blackland_temple_evidence,planting_readiness,white_potato,False,annual_ryegrass_forage,Annual ryegrass grown for forage,True,20,20,50.56,not_recommended,55.07,low,76.0,far_outside_planting_window,far_outside_planting_window,data/scenarios/results/central_blackland_temple/missing_irrigation_lab_ph_override.json
central_blackland_temple,central_south_winter_garden,missing_irrigation_lab_ph_override,central_blackland_temple_missing_irrigation_lab_ph_override,central_blackland_temple_evidence,planting_readiness,white_potato,False,hard_red_winter_wheat,Hard red winter wheat,True,21,21,43.93,not_recommended,67.64,medium,96.0,far_outside_planting_window,far_outside_planting_window,data/scenarios/results/central_blackland_temple/missing_irrigation_lab_ph_override.json
central_blackland_temple,central_south_winter_garden,missing_irrigation_lab_ph_override,central_blackland_temple_missing_irrigation_lab_ph_override,central_blackland_temple_evidence,planting_readiness,white_potato,False,grain_oats,Grain oats,True,22,22,43.72,not_recommended,67.64,medium,96.0,far_outside_planting_window,far_outside_planting_window,data/scenarios/results/central_blackland_temple/missing_irrigation_lab_ph_override.json
central_winter_garden_uvalde,central_south_winter_garden,in_season_baseline,central_winter_garden_uvalde_in_season_baseline,central_winter_garden_uvalde_evidence,planting_readiness,white_potato,False,forage_sorghum,Forage sorghum,True,1,1,72.2,conditional,58.68,low,83.0,,,data/scenarios/results/central_winter_garden_uvalde/in_season_baseline.json
central_winter_garden_uvalde,central_south_winter_garden,in_season_baseline,central_winter_garden_uvalde_in_season_baseline,central_winter_garden_uvalde_evidence,planting_readiness,white_potato,False,sorghum_sudangrass,Sorghum-sudangrass,True,2,2,72.2,conditional,58.68,low,83.0,,,data/scenarios/results/central_winter_garden_uvalde/in_season_baseline.json
central_winter_garden_uvalde,central_south_winter_garden,in_season_baseline,central_winter_garden_uvalde_in_season_baseline,central_winter_garden_uvalde_evidence,planting_readiness,white_potato,True,white_potato,White potato,True,3,3,67.65,conditional,58.68,low,83.0,,,data/scenarios/results/central_winter_garden_uvalde/in_season_baseline.json
central_winter_garden_uvalde,central_south_winter_garden,in_season_baseline,central_winter_garden_uvalde_in_season_baseline,central_winter_garden_uvalde_evidence,planting_readiness,white_potato,False,alfalfa_hay,Alfalfa grown for hay,True,4,4,66.11,conditional,58.68,low,83.0,,,data/scenarios/results/central_winter_garden_uvalde/in_season_baseline.json
central_winter_garden_uvalde,central_south_winter_garden,in_season_baseline,central_winter_garden_uvalde_in_season_baseline,central_winter_garden_uvalde_evidence,planting_readiness,white_potato,False,dry_bulb_onion,Dry-bulb onion,True,5,5,61.14,conditional,67.01,medium,83.0,,,data/scenarios/results/central_winter_garden_uvalde/in_season_baseline.json
central_winter_garden_uvalde,central_south_winter_garden,in_season_baseline,central_winter_garden_uvalde_in_season_baseline,central_winter_garden_uvalde_evidence,planting_readiness,white_potato,False,fresh_market_spinach,Fresh-market spinach,True,6,6,59.16,conditional,67.01,medium,83.0,,,data/scenarios/results/central_winter_garden_uvalde/in_season_baseline.json
central_winter_garden_uvalde,central_south_winter_garden,in_season_baseline,central_winter_garden_uvalde_in_season_baseline,central_winter_garden_uvalde_evidence,planting_readiness,white_potato,False,fresh_market_cabbage,Fresh-market cabbage,True,7,7,54.4,not_recommended,67.01,medium,83.0,,,data/scenarios/results/central_winter_garden_uvalde/in_season_baseline.json
central_winter_garden_uvalde,central_south_winter_garden,in_season_baseline,central_winter_garden_uvalde_in_season_baseline,central_winter_garden_uvalde_evidence,planting_readiness,white_potato,False,grain_sorghum,Grain sorghum,True,8,8,54.0,not_recommended,69.08,medium,100.0,far_outside_planting_window,far_outside_planting_window,data/scenarios/results/central_winter_garden_uvalde/in_season_baseline.json
central_winter_garden_uvalde,central_south_winter_garden,in_season_baseline,central_winter_garden_uvalde_in_season_baseline,central_winter_garden_uvalde_evidence,planting_readiness,white_potato,False,upland_cotton,Upland cotton,True,9,9,54.0,not_recommended,69.08,medium,100.0,far_outside_planting_window,far_outside_planting_window,data/scenarios/results/central_winter_garden_uvalde/in_season_baseline.json
central_winter_garden_uvalde,central_south_winter_garden,in_season_baseline,central_winter_garden_uvalde_in_season_baseline,central_winter_garden_uvalde_evidence,planting_readiness,white_potato,False,seedless_watermelon,Seedless watermelon,True,10,10,54.0,not_recommended,67.01,medium,83.0,far_outside_planting_window,far_outside_planting_window,data/scenarios/results/central_winter_garden_uvalde/in_season_baseline.json
central_winter_garden_uvalde,central_south_winter_garden,in_season_baseline,central_winter_garden_uvalde_in_season_baseline,central_winter_garden_uvalde_evidence,planting_readiness,white_potato,False,runner_peanut,Runner-type peanut,True,11,11,54.0,not_recommended,58.68,low,83.0,far_outside_planting_window,far_outside_planting_window,data/scenarios/results/central_winter_garden_uvalde/in_season_baseline.json
central_winter_garden_uvalde,central_south_winter_garden,in_season_baseline,central_winter_garden_uvalde_in_season_baseline,central_winter_garden_uvalde_evidence,planting_readiness,white_potato,False,sweet_potato,Sweet potato,True,12,12,54.0,not_recommended,58.68,low,83.0,far_outside_planting_window,far_outside_planting_window,data/scenarios/results/central_winter_garden_uvalde/in_season_baseline.json
central_winter_garden_uvalde,central_south_winter_garden,in_season_baseline,central_winter_garden_uvalde_in_season_baseline,central_winter_garden_uvalde_evidence,planting_readiness,white_potato,False,bermudagrass_hay,Bermudagrass grown for hay,True,13,13,54.0,not_recommended,56.51,low,80.0,far_outside_planting_window,far_outside_planting_window,data/scenarios/results/central_winter_garden_uvalde/in_season_baseline.json
central_winter_garden_uvalde,central_south_winter_garden,in_season_baseline,central_winter_garden_uvalde_in_season_baseline,central_winter_garden_uvalde_evidence,planting_readiness,white_potato,False,long_grain_rice,Long-grain rice,True,14,14,54.0,not_recommended,51.0,low,83.0,far_outside_planting_window,far_outside_planting_window,data/scenarios/results/central_winter_garden_uvalde/in_season_baseline.json
central_winter_garden_uvalde,central_south_winter_garden,in_season_baseline,central_winter_garden_uvalde_in_season_baseline,central_winter_garden_uvalde_evidence,planting_readiness,white_potato,False,sesame,Sesame,True,15,15,54.0,not_recommended,48.57,low,80.0,far_outside_planting_window,far_outside_planting_window,data/scenarios/results/central_winter_garden_uvalde/in_season_baseline.json
central_winter_garden_uvalde,central_south_winter_garden,in_season_baseline,central_winter_garden_uvalde_in_season_baseline,central_winter_garden_uvalde_evidence,planting_readiness,white_potato,False,oilseed_sunflower,Oilseed sunflower,True,16,16,53.92,not_recommended,58.68,low,83.0,far_outside_planting_window,far_outside_planting_window,data/scenarios/results/central_winter_garden_uvalde/in_season_baseline.json
central_winter_garden_uvalde,central_south_winter_garden,in_season_baseline,central_winter_garden_uvalde_in_season_baseline,central_winter_garden_uvalde_evidence,planting_readiness,white_potato,False,corn_grain,Corn grown for grain,True,17,17,51.8,not_recommended,69.08,medium,100.0,far_outside_planting_window,far_outside_planting_window,data/scenarios/results/central_winter_garden_uvalde/in_season_baseline.json
central_winter_garden_uvalde,central_south_winter_garden,in_season_baseline,central_winter_garden_uvalde_in_season_baseline,central_winter_garden_uvalde_evidence,planting_readiness,white_potato,False,corn_silage,Corn grown for silage,True,18,18,50.67,not_recommended,69.08,medium,100.0,far_outside_planting_window,far_outside_planting_window,data/scenarios/results/central_winter_garden_uvalde/in_season_baseline.json
central_winter_garden_uvalde,central_south_winter_garden,in_season_baseline,central_winter_garden_uvalde_in_season_baseline,central_winter_garden_uvalde_evidence,planting_readiness,white_potato,False,soybean,Soybean,True,19,19,50.67,not_recommended,69.08,medium,100.0,far_outside_planting_window,far_outside_planting_window,data/scenarios/results/central_winter_garden_uvalde/in_season_baseline.json
central_winter_garden_uvalde,central_south_winter_garden,in_season_baseline,central_winter_garden_uvalde_in_season_baseline,central_winter_garden_uvalde_evidence,planting_readiness,white_potato,False,annual_ryegrass_forage,Annual ryegrass grown for forage,True,20,20,46.91,not_recommended,56.51,low,80.0,far_outside_planting_window,far_outside_planting_window,data/scenarios/results/central_winter_garden_uvalde/in_season_baseline.json
central_winter_garden_uvalde,central_south_winter_garden,in_season_baseline,central_winter_garden_uvalde_in_season_baseline,central_winter_garden_uvalde_evidence,planting_readiness,white_potato,False,hard_red_winter_wheat,Hard red winter wheat,True,21,21,44.08,not_recommended,69.08,medium,100.0,far_outside_planting_window,far_outside_planting_window,data/scenarios/results/central_winter_garden_uvalde/in_season_baseline.json
central_winter_garden_uvalde,central_south_winter_garden,in_season_baseline,central_winter_garden_uvalde_in_season_baseline,central_winter_garden_uvalde_evidence,planting_readiness,white_potato,False,grain_oats,Grain oats,True,22,22,41.08,not_recommended,69.08,medium,100.0,far_outside_planting_window,far_outside_planting_window,data/scenarios/results/central_winter_garden_uvalde/in_season_baseline.json
central_winter_garden_uvalde,central_south_winter_garden,out_of_season,central_winter_garden_uvalde_out_of_season,central_winter_garden_uvalde_evidence,planning,white_potato,False,sesame,Sesame,True,1,1,94.33,recommended,33.87,low,60.0,,,data/scenarios/results/central_winter_garden_uvalde/out_of_season.json
central_winter_garden_uvalde,central_south_winter_garden,out_of_season,central_winter_garden_uvalde_out_of_season,central_winter_garden_uvalde_evidence,planning,white_potato,False,seedless_watermelon,Seedless watermelon,True,2,2,90.75,recommended,47.11,low,60.0,,,data/scenarios/results/central_winter_garden_uvalde/out_of_season.json
central_winter_garden_uvalde,central_south_winter_garden,out_of_season,central_winter_garden_uvalde_out_of_season,central_winter_garden_uvalde_evidence,planning,white_potato,False,forage_sorghum,Forage sorghum,True,3,3,87.96,recommended,40.49,low,60.0,,,data/scenarios/results/central_winter_garden_uvalde/out_of_season.json
central_winter_garden_uvalde,central_south_winter_garden,out_of_season,central_winter_garden_uvalde_out_of_season,central_winter_garden_uvalde_evidence,planning,white_potato,False,grain_sorghum,Grain sorghum,True,4,4,87.96,recommended,40.49,low,60.0,,,data/scenarios/results/central_winter_garden_uvalde/out_of_season.json
central_winter_garden_uvalde,central_south_winter_garden,out_of_season,central_winter_garden_uvalde_out_of_season,central_winter_garden_uvalde_evidence,planning,white_potato,False,sorghum_sudangrass,Sorghum-sudangrass,True,5,5,87.96,recommended,40.49,low,60.0,,,data/scenarios/results/central_winter_garden_uvalde/out_of_season.json
central_winter_garden_uvalde,central_south_winter_garden,out_of_season,central_winter_garden_uvalde_out_of_season,central_winter_garden_uvalde_evidence,planning,white_potato,False,sweet_potato,Sweet potato,True,6,6,87.12,recommended,40.49,low,60.0,,,data/scenarios/results/central_winter_garden_uvalde/out_of_season.json
central_winter_garden_uvalde,central_south_winter_garden,out_of_season,central_winter_garden_uvalde_out_of_season,central_winter_garden_uvalde_evidence,planning,white_potato,False,bermudagrass_hay,Bermudagrass grown for hay,True,7,7,86.12,recommended,40.49,low,60.0,,,data/scenarios/results/central_winter_garden_uvalde/out_of_season.json
central_winter_garden_uvalde,central_south_winter_garden,out_of_season,central_winter_garden_uvalde_out_of_season,central_winter_garden_uvalde_evidence,planning,white_potato,False,upland_cotton,Upland cotton,True,8,8,85.88,recommended,40.49,low,60.0,,,data/scenarios/results/central_winter_garden_uvalde/out_of_season.json
central_winter_garden_uvalde,central_south_winter_garden,out_of_season,central_winter_garden_uvalde_out_of_season,central_winter_garden_uvalde_evidence,planning,white_potato,False,soybean,Soybean,True,9,9,84.12,recommended,40.49,low,60.0,,,data/scenarios/results/central_winter_garden_uvalde/out_of_season.json
central_winter_garden_uvalde,central_south_winter_garden,out_of_season,central_winter_garden_uvalde_out_of_season,central_winter_garden_uvalde_evidence,planning,white_potato,False,runner_peanut,Runner-type peanut,True,10,10,82.79,recommended,40.49,low,60.0,,,data/scenarios/results/central_winter_garden_uvalde/out_of_season.json
central_winter_garden_uvalde,central_south_winter_garden,out_of_season,central_winter_garden_uvalde_out_of_season,central_winter_garden_uvalde_evidence,planning,white_potato,False,oilseed_sunflower,Oilseed sunflower,True,11,11,81.67,recommended,40.49,low,60.0,,,data/scenarios/results/central_winter_garden_uvalde/out_of_season.json
central_winter_garden_uvalde,central_south_winter_garden,out_of_season,central_winter_garden_uvalde_out_of_season,central_winter_garden_uvalde_evidence,planning,white_potato,False,corn_grain,Corn grown for grain,True,12,12,72.75,conditional,40.49,low,60.0,,,data/scenarios/results/central_winter_garden_uvalde/out_of_season.json
central_winter_garden_uvalde,central_south_winter_garden,out_of_season,central_winter_garden_uvalde_out_of_season,central_winter_garden_uvalde_evidence,planning,white_potato,False,corn_silage,Corn grown for silage,True,13,13,70.88,conditional,40.49,low,60.0,,,data/scenarios/results/central_winter_garden_uvalde/out_of_season.json
central_winter_garden_uvalde,central_south_winter_garden,out_of_season,central_winter_garden_uvalde_out_of_season,central_winter_garden_uvalde_evidence,planning,white_potato,False,dry_bulb_onion,Dry-bulb onion,True,14,14,54.0,not_recommended,47.11,low,60.0,far_outside_planting_window,far_outside_planting_window,data/scenarios/results/central_winter_garden_uvalde/out_of_season.json
central_winter_garden_uvalde,central_south_winter_garden,out_of_season,central_winter_garden_uvalde_out_of_season,central_winter_garden_uvalde_evidence,planning,white_potato,False,fresh_market_cabbage,Fresh-market cabbage,True,15,15,54.0,not_recommended,47.11,low,60.0,far_outside_planting_window,far_outside_planting_window,data/scenarios/results/central_winter_garden_uvalde/out_of_season.json
central_winter_garden_uvalde,central_south_winter_garden,out_of_season,central_winter_garden_uvalde_out_of_season,central_winter_garden_uvalde_evidence,planning,white_potato,False,fresh_market_spinach,Fresh-market spinach,True,16,16,54.0,not_recommended,47.11,low,60.0,far_outside_planting_window,far_outside_planting_window,data/scenarios/results/central_winter_garden_uvalde/out_of_season.json
central_winter_garden_uvalde,central_south_winter_garden,out_of_season,central_winter_garden_uvalde_out_of_season,central_winter_garden_uvalde_evidence,planning,white_potato,False,alfalfa_hay,Alfalfa grown for hay,True,17,17,54.0,not_recommended,40.49,low,60.0,far_outside_planting_window,far_outside_planting_window,data/scenarios/results/central_winter_garden_uvalde/out_of_season.json
central_winter_garden_uvalde,central_south_winter_garden,out_of_season,central_winter_garden_uvalde_out_of_season,central_winter_garden_uvalde_evidence,planning,white_potato,False,hard_red_winter_wheat,Hard red winter wheat,True,18,18,54.0,not_recommended,40.49,low,60.0,far_outside_planting_window,far_outside_planting_window,data/scenarios/results/central_winter_garden_uvalde/out_of_season.json
central_winter_garden_uvalde,central_south_winter_garden,out_of_season,central_winter_garden_uvalde_out_of_season,central_winter_garden_uvalde_evidence,planning,white_potato,True,white_potato,White potato,True,19,19,54.0,not_recommended,40.49,low,60.0,far_outside_planting_window,far_outside_planting_window,data/scenarios/results/central_winter_garden_uvalde/out_of_season.json
central_winter_garden_uvalde,central_south_winter_garden,out_of_season,central_winter_garden_uvalde_out_of_season,central_winter_garden_uvalde_evidence,planning,white_potato,False,long_grain_rice,Long-grain rice,True,20,20,54.0,not_recommended,32.81,low,60.0,far_outside_planting_window,far_outside_planting_window,data/scenarios/results/central_winter_garden_uvalde/out_of_season.json
central_winter_garden_uvalde,central_south_winter_garden,out_of_season,central_winter_garden_uvalde_out_of_season,central_winter_garden_uvalde_evidence,planning,white_potato,False,grain_oats,Grain oats,True,21,21,52.62,not_recommended,40.49,low,60.0,far_outside_planting_window,far_outside_planting_window,data/scenarios/results/central_winter_garden_uvalde/out_of_season.json
central_winter_garden_uvalde,central_south_winter_garden,out_of_season,central_winter_garden_uvalde_out_of_season,central_winter_garden_uvalde_evidence,planning,white_potato,False,annual_ryegrass_forage,Annual ryegrass grown for forage,True,22,22,50.54,not_recommended,40.49,low,60.0,far_outside_planting_window,far_outside_planting_window,data/scenarios/results/central_winter_garden_uvalde/out_of_season.json
central_winter_garden_uvalde,central_south_winter_garden,no_irrigation,central_winter_garden_uvalde_no_irrigation,central_winter_garden_uvalde_evidence,planting_readiness,white_potato,False,forage_sorghum,Forage sorghum,True,1,1,72.2,conditional,58.68,low,83.0,,,data/scenarios/results/central_winter_garden_uvalde/no_irrigation.json
central_winter_garden_uvalde,central_south_winter_garden,no_irrigation,central_winter_garden_uvalde_no_irrigation,central_winter_garden_uvalde_evidence,planting_readiness,white_potato,False,sorghum_sudangrass,Sorghum-sudangrass,True,2,2,72.2,conditional,58.68,low,83.0,,,data/scenarios/results/central_winter_garden_uvalde/no_irrigation.json
central_winter_garden_uvalde,central_south_winter_garden,no_irrigation,central_winter_garden_uvalde_no_irrigation,central_winter_garden_uvalde_evidence,planting_readiness,white_potato,True,white_potato,White potato,True,3,3,65.96,conditional,58.68,low,83.0,,,data/scenarios/results/central_winter_garden_uvalde/no_irrigation.json
central_winter_garden_uvalde,central_south_winter_garden,no_irrigation,central_winter_garden_uvalde_no_irrigation,central_winter_garden_uvalde_evidence,planting_readiness,white_potato,False,fresh_market_spinach,Fresh-market spinach,True,4,4,57.47,conditional,67.01,medium,83.0,,,data/scenarios/results/central_winter_garden_uvalde/no_irrigation.json
central_winter_garden_uvalde,central_south_winter_garden,no_irrigation,central_winter_garden_uvalde_no_irrigation,central_winter_garden_uvalde_evidence,planting_readiness,white_potato,False,grain_sorghum,Grain sorghum,True,5,5,54.0,not_recommended,69.08,medium,100.0,far_outside_planting_window,far_outside_planting_window,data/scenarios/results/central_winter_garden_uvalde/no_irrigation.json
central_winter_garden_uvalde,central_south_winter_garden,no_irrigation,central_winter_garden_uvalde_no_irrigation,central_winter_garden_uvalde_evidence,planting_readiness,white_potato,False,upland_cotton,Upland cotton,True,6,6,54.0,not_recommended,69.08,medium,100.0,far_outside_planting_window,far_outside_planting_window,data/scenarios/results/central_winter_garden_uvalde/no_irrigation.json
central_winter_garden_uvalde,central_south_winter_garden,no_irrigation,central_winter_garden_uvalde_no_irrigation,central_winter_garden_uvalde_evidence,planting_readiness,white_potato,False,dry_bulb_onion,Dry-bulb onion,True,7,7,54.0,not_recommended,67.01,medium,83.0,required_irrigation_unavailable,required_irrigation_unavailable,data/scenarios/results/central_winter_garden_uvalde/no_irrigation.json
central_winter_garden_uvalde,central_south_winter_garden,no_irrigation,central_winter_garden_uvalde_no_irrigation,central_winter_garden_uvalde_evidence,planting_readiness,white_potato,False,seedless_watermelon,Seedless watermelon,True,8,8,54.0,not_recommended,67.01,medium,83.0,far_outside_planting_window,far_outside_planting_window,data/scenarios/results/central_winter_garden_uvalde/no_irrigation.json
central_winter_garden_uvalde,central_south_winter_garden,no_irrigation,central_winter_garden_uvalde_no_irrigation,central_winter_garden_uvalde_evidence,planting_readiness,white_potato,False,alfalfa_hay,Alfalfa grown for hay,True,9,9,54.0,not_recommended,58.68,low,83.0,required_irrigation_unavailable,required_irrigation_unavailable,data/scenarios/results/central_winter_garden_uvalde/no_irrigation.json
central_winter_garden_uvalde,central_south_winter_garden,no_irrigation,central_winter_garden_uvalde_no_irrigation,central_winter_garden_uvalde_evidence,planting_readiness,white_potato,False,runner_peanut,Runner-type peanut,True,10,10,54.0,not_recommended,58.68,low,83.0,far_outside_planting_window,far_outside_planting_window,data/scenarios/results/central_winter_garden_uvalde/no_irrigation.json
central_winter_garden_uvalde,central_south_winter_garden,no_irrigation,central_winter_garden_uvalde_no_irrigation,central_winter_garden_uvalde_evidence,planting_readiness,white_potato,False,sweet_potato,Sweet potato,True,11,11,54.0,not_recommended,58.68,low,83.0,far_outside_planting_window,far_outside_planting_window,data/scenarios/results/central_winter_garden_uvalde/no_irrigation.json
central_winter_garden_uvalde,central_south_winter_garden,no_irrigation,central_winter_garden_uvalde_no_irrigation,central_winter_garden_uvalde_evidence,planting_readiness,white_potato,False,bermudagrass_hay,Bermudagrass grown for hay,True,12,12,54.0,not_recommended,56.51,low,80.0,far_outside_planting_window,far_outside_planting_window,data/scenarios/results/central_winter_garden_uvalde/no_irrigation.json
central_winter_garden_uvalde,central_south_winter_garden,no_irrigation,central_winter_garden_uvalde_no_irrigation,central_winter_garden_uvalde_evidence,planting_readiness,white_potato,False,sesame,Sesame,True,13,13,54.0,not_recommended,48.57,low,80.0,far_outside_planting_window,far_outside_planting_window,data/scenarios/results/central_winter_garden_uvalde/no_irrigation.json
central_winter_garden_uvalde,central_south_winter_garden,no_irrigation,central_winter_garden_uvalde_no_irrigation,central_winter_garden_uvalde_evidence,planting_readiness,white_potato,False,oilseed_sunflower,Oilseed sunflower,True,14,14,53.92,not_recommended,58.68,low,83.0,far_outside_planting_window,far_outside_planting_window,data/scenarios/results/central_winter_garden_uvalde/no_irrigation.json
central_winter_garden_uvalde,central_south_winter_garden,no_irrigation,central_winter_garden_uvalde_no_irrigation,central_winter_garden_uvalde_evidence,planting_readiness,white_potato,False,fresh_market_cabbage,Fresh-market cabbage,True,15,15,52.71,not_recommended,67.01,medium,83.0,,,data/scenarios/results/central_winter_garden_uvalde/no_irrigation.json
central_winter_garden_uvalde,central_south_winter_garden,no_irrigation,central_winter_garden_uvalde_no_irrigation,central_winter_garden_uvalde_evidence,planting_readiness,white_potato,False,corn_grain,Corn grown for grain,True,16,16,51.4,not_recommended,69.08,medium,100.0,far_outside_planting_window,far_outside_planting_window,data/scenarios/results/central_winter_garden_uvalde/no_irrigation.json
central_winter_garden_uvalde,central_south_winter_garden,no_irrigation,central_winter_garden_uvalde_no_irrigation,central_winter_garden_uvalde_evidence,planting_readiness,white_potato,False,long_grain_rice,Long-grain rice,True,17,17,50.87,not_recommended,51.0,low,83.0,far_outside_planting_window|required_irrigation_unavailable,far_outside_planting_window|required_irrigation_unavailable,data/scenarios/results/central_winter_garden_uvalde/no_irrigation.json
central_winter_garden_uvalde,central_south_winter_garden,no_irrigation,central_winter_garden_uvalde_no_irrigation,central_winter_garden_uvalde_evidence,planting_readiness,white_potato,False,soybean,Soybean,True,18,18,50.27,not_recommended,69.08,medium,100.0,far_outside_planting_window,far_outside_planting_window,data/scenarios/results/central_winter_garden_uvalde/no_irrigation.json
central_winter_garden_uvalde,central_south_winter_garden,no_irrigation,central_winter_garden_uvalde_no_irrigation,central_winter_garden_uvalde_evidence,planting_readiness,white_potato,False,corn_silage,Corn grown for silage,True,19,19,49.27,not_recommended,69.08,medium,100.0,far_outside_planting_window,far_outside_planting_window,data/scenarios/results/central_winter_garden_uvalde/no_irrigation.json
central_winter_garden_uvalde,central_south_winter_garden,no_irrigation,central_winter_garden_uvalde_no_irrigation,central_winter_garden_uvalde_evidence,planting_readiness,white_potato,False,annual_ryegrass_forage,Annual ryegrass grown for forage,True,20,20,46.41,not_recommended,56.51,low,80.0,far_outside_planting_window,far_outside_planting_window,data/scenarios/results/central_winter_garden_uvalde/no_irrigation.json
central_winter_garden_uvalde,central_south_winter_garden,no_irrigation,central_winter_garden_uvalde_no_irrigation,central_winter_garden_uvalde_evidence,planting_readiness,white_potato,False,hard_red_winter_wheat,Hard red winter wheat,True,21,21,43.67,not_recommended,69.08,medium,100.0,far_outside_planting_window,far_outside_planting_window,data/scenarios/results/central_winter_garden_uvalde/no_irrigation.json
central_winter_garden_uvalde,central_south_winter_garden,no_irrigation,central_winter_garden_uvalde_no_irrigation,central_winter_garden_uvalde_evidence,planting_readiness,white_potato,False,grain_oats,Grain oats,True,22,22,40.67,not_recommended,69.08,medium,100.0,far_outside_planting_window,far_outside_planting_window,data/scenarios/results/central_winter_garden_uvalde/no_irrigation.json
central_winter_garden_uvalde,central_south_winter_garden,reliable_irrigation,central_winter_garden_uvalde_reliable_irrigation,central_winter_garden_uvalde_evidence,planting_readiness,white_potato,False,forage_sorghum,Forage sorghum,True,1,1,72.68,conditional,58.68,low,83.0,,,data/scenarios/results/central_winter_garden_uvalde/reliable_irrigation.json
central_winter_garden_uvalde,central_south_winter_garden,reliable_irrigation,central_winter_garden_uvalde_reliable_irrigation,central_winter_garden_uvalde_evidence,planting_readiness,white_potato,False,sorghum_sudangrass,Sorghum-sudangrass,True,2,2,72.68,conditional,58.68,low,83.0,,,data/scenarios/results/central_winter_garden_uvalde/reliable_irrigation.json
central_winter_garden_uvalde,central_south_winter_garden,reliable_irrigation,central_winter_garden_uvalde_reliable_irrigation,central_winter_garden_uvalde_evidence,planting_readiness,white_potato,True,white_potato,White potato,True,3,3,69.1,conditional,58.68,low,83.0,,,data/scenarios/results/central_winter_garden_uvalde/reliable_irrigation.json
central_winter_garden_uvalde,central_south_winter_garden,reliable_irrigation,central_winter_garden_uvalde_reliable_irrigation,central_winter_garden_uvalde_evidence,planting_readiness,white_potato,False,alfalfa_hay,Alfalfa grown for hay,True,4,4,67.56,conditional,58.68,low,83.0,,,data/scenarios/results/central_winter_garden_uvalde/reliable_irrigation.json
central_winter_garden_uvalde,central_south_winter_garden,reliable_irrigation,central_winter_garden_uvalde_reliable_irrigation,central_winter_garden_uvalde_evidence,planting_readiness,white_potato,False,dry_bulb_onion,Dry-bulb onion,True,5,5,62.59,conditional,67.01,medium,83.0,,,data/scenarios/results/central_winter_garden_uvalde/reliable_irrigation.json
central_winter_garden_uvalde,central_south_winter_garden,reliable_irrigation,central_winter_garden_uvalde_reliable_irrigation,central_winter_garden_uvalde_evidence,planting_readiness,white_potato,False,fresh_market_spinach,Fresh-market spinach,True,6,6,60.6,conditional,67.01,medium,83.0,,,data/scenarios/results/central_winter_garden_uvalde/reliable_irrigation.json
central_winter_garden_uvalde,central_south_winter_garden,reliable_irrigation,central_winter_garden_uvalde_reliable_irrigation,central_winter_garden_uvalde_evidence,planting_readiness,white_potato,False,fresh_market_cabbage,Fresh-market cabbage,True,7,7,55.84,conditional,67.01,medium,83.0,,,data/scenarios/results/central_winter_garden_uvalde/reliable_irrigation.json
central_winter_garden_uvalde,central_south_winter_garden,reliable_irrigation,central_winter_garden_uvalde_reliable_irrigation,central_winter_garden_uvalde_evidence,planting_readiness,white_potato,False,grain_sorghum,Grain sorghum,True,8,8,54.0,not_recommended,69.08,medium,100.0,far_outside_planting_window,far_outside_planting_window,data/scenarios/results/central_winter_garden_uvalde/reliable_irrigation.json
central_winter_garden_uvalde,central_south_winter_garden,reliable_irrigation,central_winter_garden_uvalde_reliable_irrigation,central_winter_garden_uvalde_evidence,planting_readiness,white_potato,False,upland_cotton,Upland cotton,True,9,9,54.0,not_recommended,69.08,medium,100.0,far_outside_planting_window,far_outside_planting_window,data/scenarios/results/central_winter_garden_uvalde/reliable_irrigation.json
central_winter_garden_uvalde,central_south_winter_garden,reliable_irrigation,central_winter_garden_uvalde_reliable_irrigation,central_winter_garden_uvalde_evidence,planting_readiness,white_potato,False,seedless_watermelon,Seedless watermelon,True,10,10,54.0,not_recommended,67.01,medium,83.0,far_outside_planting_window,far_outside_planting_window,data/scenarios/results/central_winter_garden_uvalde/reliable_irrigation.json
central_winter_garden_uvalde,central_south_winter_garden,reliable_irrigation,central_winter_garden_uvalde_reliable_irrigation,central_winter_garden_uvalde_evidence,planting_readiness,white_potato,False,oilseed_sunflower,Oilseed sunflower,True,11,11,54.0,not_recommended,58.68,low,83.0,far_outside_planting_window,far_outside_planting_window,data/scenarios/results/central_winter_garden_uvalde/reliable_irrigation.json
central_winter_garden_uvalde,central_south_winter_garden,reliable_irrigation,central_winter_garden_uvalde_reliable_irrigation,central_winter_garden_uvalde_evidence,planting_readiness,white_potato,False,runner_peanut,Runner-type peanut,True,12,12,54.0,not_recommended,58.68,low,83.0,far_outside_planting_window,far_outside_planting_window,data/scenarios/results/central_winter_garden_uvalde/reliable_irrigation.json
central_winter_garden_uvalde,central_south_winter_garden,reliable_irrigation,central_winter_garden_uvalde_reliable_irrigation,central_winter_garden_uvalde_evidence,planting_readiness,white_potato,False,sweet_potato,Sweet potato,True,13,13,54.0,not_recommended,58.68,low,83.0,far_outside_planting_window,far_outside_planting_window,data/scenarios/results/central_winter_garden_uvalde/reliable_irrigation.json
central_winter_garden_uvalde,central_south_winter_garden,reliable_irrigation,central_winter_garden_uvalde_reliable_irrigation,central_winter_garden_uvalde_evidence,planting_readiness,white_potato,False,bermudagrass_hay,Bermudagrass grown for hay,True,14,14,54.0,not_recommended,56.51,low,80.0,far_outside_planting_window,far_outside_planting_window,data/scenarios/results/central_winter_garden_uvalde/reliable_irrigation.json
central_winter_garden_uvalde,central_south_winter_garden,reliable_irrigation,central_winter_garden_uvalde_reliable_irrigation,central_winter_garden_uvalde_evidence,planting_readiness,white_potato,False,long_grain_rice,Long-grain rice,True,15,15,54.0,not_recommended,51.0,low,83.0,far_outside_planting_window,far_outside_planting_window,data/scenarios/results/central_winter_garden_uvalde/reliable_irrigation.json
central_winter_garden_uvalde,central_south_winter_garden,reliable_irrigation,central_winter_garden_uvalde_reliable_irrigation,central_winter_garden_uvalde_evidence,planting_readiness,white_potato,False,sesame,Sesame,True,16,16,54.0,not_recommended,48.57,low,80.0,far_outside_planting_window,far_outside_planting_window,data/scenarios/results/central_winter_garden_uvalde/reliable_irrigation.json
central_winter_garden_uvalde,central_south_winter_garden,reliable_irrigation,central_winter_garden_uvalde_reliable_irrigation,central_winter_garden_uvalde_evidence,planting_readiness,white_potato,False,corn_grain,Corn grown for grain,True,17,17,53.0,not_recommended,69.08,medium,100.0,far_outside_planting_window,far_outside_planting_window,data/scenarios/results/central_winter_garden_uvalde/reliable_irrigation.json
central_winter_garden_uvalde,central_south_winter_garden,reliable_irrigation,central_winter_garden_uvalde_reliable_irrigation,central_winter_garden_uvalde_evidence,planting_readiness,white_potato,False,corn_silage,Corn grown for silage,True,18,18,51.88,not_recommended,69.08,medium,100.0,far_outside_planting_window,far_outside_planting_window,data/scenarios/results/central_winter_garden_uvalde/reliable_irrigation.json
central_winter_garden_uvalde,central_south_winter_garden,reliable_irrigation,central_winter_garden_uvalde_reliable_irrigation,central_winter_garden_uvalde_evidence,planting_readiness,white_potato,False,soybean,Soybean,True,19,19,51.88,not_recommended,69.08,medium,100.0,far_outside_planting_window,far_outside_planting_window,data/scenarios/results/central_winter_garden_uvalde/reliable_irrigation.json
central_winter_garden_uvalde,central_south_winter_garden,reliable_irrigation,central_winter_garden_uvalde_reliable_irrigation,central_winter_garden_uvalde_evidence,planting_readiness,white_potato,False,annual_ryegrass_forage,Annual ryegrass grown for forage,True,20,20,48.41,not_recommended,56.51,low,80.0,far_outside_planting_window,far_outside_planting_window,data/scenarios/results/central_winter_garden_uvalde/reliable_irrigation.json
central_winter_garden_uvalde,central_south_winter_garden,reliable_irrigation,central_winter_garden_uvalde_reliable_irrigation,central_winter_garden_uvalde_evidence,planting_readiness,white_potato,False,hard_red_winter_wheat,Hard red winter wheat,True,21,21,45.27,not_recommended,69.08,medium,100.0,far_outside_planting_window,far_outside_planting_window,data/scenarios/results/central_winter_garden_uvalde/reliable_irrigation.json
central_winter_garden_uvalde,central_south_winter_garden,reliable_irrigation,central_winter_garden_uvalde_reliable_irrigation,central_winter_garden_uvalde_evidence,planting_readiness,white_potato,False,grain_oats,Grain oats,True,22,22,42.27,not_recommended,69.08,medium,100.0,far_outside_planting_window,far_outside_planting_window,data/scenarios/results/central_winter_garden_uvalde/reliable_irrigation.json
central_winter_garden_uvalde,central_south_winter_garden,missing_irrigation_lab_ph_override,central_winter_garden_uvalde_missing_irrigation_lab_ph_override,central_winter_garden_uvalde_evidence,planting_readiness,white_potato,False,forage_sorghum,Forage sorghum,True,1,1,75.47,recommended,57.23,low,79.0,,,data/scenarios/results/central_winter_garden_uvalde/missing_irrigation_lab_ph_override.json
central_winter_garden_uvalde,central_south_winter_garden,missing_irrigation_lab_ph_override,central_winter_garden_uvalde_missing_irrigation_lab_ph_override,central_winter_garden_uvalde_evidence,planting_readiness,white_potato,False,sorghum_sudangrass,Sorghum-sudangrass,True,2,2,75.47,recommended,57.23,low,79.0,,,data/scenarios/results/central_winter_garden_uvalde/missing_irrigation_lab_ph_override.json
central_winter_garden_uvalde,central_south_winter_garden,missing_irrigation_lab_ph_override,central_winter_garden_uvalde_missing_irrigation_lab_ph_override,central_winter_garden_uvalde_evidence,planting_readiness,white_potato,False,alfalfa_hay,Alfalfa grown for hay,True,3,3,67.82,conditional,57.23,low,79.0,,,data/scenarios/results/central_winter_garden_uvalde/missing_irrigation_lab_ph_override.json
central_winter_garden_uvalde,central_south_winter_garden,missing_irrigation_lab_ph_override,central_winter_garden_uvalde_missing_irrigation_lab_ph_override,central_winter_garden_uvalde_evidence,planting_readiness,white_potato,True,white_potato,White potato,True,4,4,67.53,conditional,57.23,low,79.0,,,data/scenarios/results/central_winter_garden_uvalde/missing_irrigation_lab_ph_override.json
central_winter_garden_uvalde,central_south_winter_garden,missing_irrigation_lab_ph_override,central_winter_garden_uvalde_missing_irrigation_lab_ph_override,central_winter_garden_uvalde_evidence,planting_readiness,white_potato,False,dry_bulb_onion,Dry-bulb onion,True,5,5,60.7,conditional,65.31,medium,79.0,,,data/scenarios/results/central_winter_garden_uvalde/missing_irrigation_lab_ph_override.json
central_winter_garden_uvalde,central_south_winter_garden,missing_irrigation_lab_ph_override,central_winter_garden_uvalde_missing_irrigation_lab_ph_override,central_winter_garden_uvalde_evidence,planting_readiness,white_potato,False,fresh_market_spinach,Fresh-market spinach,True,6,6,58.61,conditional,65.31,medium,79.0,,,data/scenarios/results/central_winter_garden_uvalde/missing_irrigation_lab_ph_override.json
central_winter_garden_uvalde,central_south_winter_garden,missing_irrigation_lab_ph_override,central_winter_garden_uvalde_missing_irrigation_lab_ph_override,central_winter_garden_uvalde_evidence,planting_readiness,white_potato,False,fresh_market_cabbage,Fresh-market cabbage,True,7,7,55.51,conditional,65.31,medium,79.0,,,data/scenarios/results/central_winter_garden_uvalde/missing_irrigation_lab_ph_override.json
central_winter_garden_uvalde,central_south_winter_garden,missing_irrigation_lab_ph_override,central_winter_garden_uvalde_missing_irrigation_lab_ph_override,central_winter_garden_uvalde_evidence,planting_readiness,white_potato,False,corn_grain,Corn grown for grain,True,8,8,54.0,not_recommended,67.64,medium,96.0,far_outside_planting_window,far_outside_planting_window,data/scenarios/results/central_winter_garden_uvalde/missing_irrigation_lab_ph_override.json
central_winter_garden_uvalde,central_south_winter_garden,missing_irrigation_lab_ph_override,central_winter_garden_uvalde_missing_irrigation_lab_ph_override,central_winter_garden_uvalde_evidence,planting_readiness,white_potato,False,grain_sorghum,Grain sorghum,True,9,9,54.0,not_recommended,67.64,medium,96.0,far_outside_planting_window,far_outside_planting_window,data/scenarios/results/central_winter_garden_uvalde/missing_irrigation_lab_ph_override.json
central_winter_garden_uvalde,central_south_winter_garden,missing_irrigation_lab_ph_override,central_winter_garden_uvalde_missing_irrigation_lab_ph_override,central_winter_garden_uvalde_evidence,planting_readiness,white_potato,False,upland_cotton,Upland cotton,True,10,10,54.0,not_recommended,67.64,medium,96.0,far_outside_planting_window,far_outside_planting_window,data/scenarios/results/central_winter_garden_uvalde/missing_irrigation_lab_ph_override.json
central_winter_garden_uvalde,central_south_winter_garden,missing_irrigation_lab_ph_override,central_winter_garden_uvalde_missing_irrigation_lab_ph_override,central_winter_garden_uvalde_evidence,planting_readiness,white_potato,False,seedless_watermelon,Seedless watermelon,True,11,11,54.0,not_recommended,65.31,medium,79.0,far_outside_planting_window,far_outside_planting_window,data/scenarios/results/central_winter_garden_uvalde/missing_irrigation_lab_ph_override.json
central_winter_garden_uvalde,central_south_winter_garden,missing_irrigation_lab_ph_override,central_winter_garden_uvalde_missing_irrigation_lab_ph_override,central_winter_garden_uvalde_evidence,planting_readiness,white_potato,False,runner_peanut,Runner-type peanut,True,12,12,54.0,not_recommended,57.23,low,79.0,far_outside_planting_window,far_outside_planting_window,data/scenarios/results/central_winter_garden_uvalde/missing_irrigation_lab_ph_override.json
central_winter_garden_uvalde,central_south_winter_garden,missing_irrigation_lab_ph_override,central_winter_garden_uvalde_missing_irrigation_lab_ph_override,central_winter_garden_uvalde_evidence,planting_readiness,white_potato,False,sweet_potato,Sweet potato,True,13,13,54.0,not_recommended,57.23,low,79.0,far_outside_planting_window,far_outside_planting_window,data/scenarios/results/central_winter_garden_uvalde/missing_irrigation_lab_ph_override.json
central_winter_garden_uvalde,central_south_winter_garden,missing_irrigation_lab_ph_override,central_winter_garden_uvalde_missing_irrigation_lab_ph_override,central_winter_garden_uvalde_evidence,planting_readiness,white_potato,False,bermudagrass_hay,Bermudagrass grown for hay,True,14,14,54.0,not_recommended,55.07,low,76.0,far_outside_planting_window,far_outside_planting_window,data/scenarios/results/central_winter_garden_uvalde/missing_irrigation_lab_ph_override.json
central_winter_garden_uvalde,central_south_winter_garden,missing_irrigation_lab_ph_override,central_winter_garden_uvalde_missing_irrigation_lab_ph_override,central_winter_garden_uvalde_evidence,planting_readiness,white_potato,False,long_grain_rice,Long-grain rice,True,15,15,54.0,not_recommended,49.56,low,79.0,far_outside_planting_window,far_outside_planting_window,data/scenarios/results/central_winter_garden_uvalde/missing_irrigation_lab_ph_override.json
central_winter_garden_uvalde,central_south_winter_garden,missing_irrigation_lab_ph_override,central_winter_garden_uvalde_missing_irrigation_lab_ph_override,central_winter_garden_uvalde_evidence,planting_readiness,white_potato,False,sesame,Sesame,True,16,16,54.0,not_recommended,47.38,low,76.0,far_outside_planting_window,far_outside_planting_window,data/scenarios/results/central_winter_garden_uvalde/missing_irrigation_lab_ph_override.json
central_winter_garden_uvalde,central_south_winter_garden,missing_irrigation_lab_ph_override,central_winter_garden_uvalde_missing_irrigation_lab_ph_override,central_winter_garden_uvalde_evidence,planting_readiness,white_potato,False,oilseed_sunflower,Oilseed sunflower,True,17,17,53.99,not_recommended,57.23,low,79.0,far_outside_planting_window,far_outside_planting_window,data/scenarios/results/central_winter_garden_uvalde/missing_irrigation_lab_ph_override.json
central_winter_garden_uvalde,central_south_winter_garden,missing_irrigation_lab_ph_override,central_winter_garden_uvalde_missing_irrigation_lab_ph_override,central_winter_garden_uvalde_evidence,planting_readiness,white_potato,False,corn_silage,Corn grown for silage,True,18,18,53.31,not_recommended,67.64,medium,96.0,far_outside_planting_window,far_outside_planting_window,data/scenarios/results/central_winter_garden_uvalde/missing_irrigation_lab_ph_override.json
central_winter_garden_uvalde,central_south_winter_garden,missing_irrigation_lab_ph_override,central_winter_garden_uvalde_missing_irrigation_lab_ph_override,central_winter_garden_uvalde_evidence,planting_readiness,white_potato,False,soybean,Soybean,True,19,19,53.31,not_recommended,67.64,medium,96.0,far_outside_planting_window,far_outside_planting_window,data/scenarios/results/central_winter_garden_uvalde/missing_irrigation_lab_ph_override.json
central_winter_garden_uvalde,central_south_winter_garden,missing_irrigation_lab_ph_override,central_winter_garden_uvalde_missing_irrigation_lab_ph_override,central_winter_garden_uvalde_evidence,planting_readiness,white_potato,False,annual_ryegrass_forage,Annual ryegrass grown for forage,True,20,20,50.03,not_recommended,55.07,low,76.0,far_outside_planting_window,far_outside_planting_window,data/scenarios/results/central_winter_garden_uvalde/missing_irrigation_lab_ph_override.json
central_winter_garden_uvalde,central_south_winter_garden,missing_irrigation_lab_ph_override,central_winter_garden_uvalde_missing_irrigation_lab_ph_override,central_winter_garden_uvalde_evidence,planting_readiness,white_potato,False,hard_red_winter_wheat,Hard red winter wheat,True,21,21,46.43,not_recommended,67.64,medium,96.0,far_outside_planting_window,far_outside_planting_window,data/scenarios/results/central_winter_garden_uvalde/missing_irrigation_lab_ph_override.json
central_winter_garden_uvalde,central_south_winter_garden,missing_irrigation_lab_ph_override,central_winter_garden_uvalde_missing_irrigation_lab_ph_override,central_winter_garden_uvalde_evidence,planting_readiness,white_potato,False,grain_oats,Grain oats,True,22,22,43.31,not_recommended,67.64,medium,96.0,far_outside_planting_window,far_outside_planting_window,data/scenarios/results/central_winter_garden_uvalde/missing_irrigation_lab_ph_override.json
central_south_poteet,central_south_winter_garden,in_season_baseline,central_south_poteet_in_season_baseline,central_south_poteet_evidence,planting_readiness,white_potato,False,forage_sorghum,Forage sorghum,True,1,1,77.92,recommended,58.68,low,83.0,,,data/scenarios/results/central_south_poteet/in_season_baseline.json
central_south_poteet,central_south_winter_garden,in_season_baseline,central_south_poteet_in_season_baseline,central_south_poteet_evidence,planting_readiness,white_potato,False,sorghum_sudangrass,Sorghum-sudangrass,True,2,2,77.92,recommended,58.68,low,83.0,,,data/scenarios/results/central_south_poteet/in_season_baseline.json
central_south_poteet,central_south_winter_garden,in_season_baseline,central_south_poteet_in_season_baseline,central_south_poteet_evidence,planting_readiness,white_potato,False,alfalfa_hay,Alfalfa grown for hay,True,3,3,70.57,conditional,58.68,low,83.0,,,data/scenarios/results/central_south_poteet/in_season_baseline.json
central_south_poteet,central_south_winter_garden,in_season_baseline,central_south_poteet_in_season_baseline,central_south_poteet_evidence,planting_readiness,white_potato,True,white_potato,White potato,True,4,4,67.59,conditional,58.68,low,83.0,,,data/scenarios/results/central_south_poteet/in_season_baseline.json
central_south_poteet,central_south_winter_garden,in_season_baseline,central_south_poteet_in_season_baseline,central_south_poteet_evidence,planting_readiness,white_potato,False,dry_bulb_onion,Dry-bulb onion,True,5,5,62.71,conditional,67.01,medium,83.0,,,data/scenarios/results/central_south_poteet/in_season_baseline.json
central_south_poteet,central_south_winter_garden,in_season_baseline,central_south_poteet_in_season_baseline,central_south_poteet_evidence,planting_readiness,white_potato,False,fresh_market_spinach,Fresh-market spinach,True,6,6,62.71,conditional,67.01,medium,83.0,,,data/scenarios/results/central_south_poteet/in_season_baseline.json
central_south_poteet,central_south_winter_garden,in_season_baseline,central_south_poteet_in_season_baseline,central_south_poteet_evidence,planting_readiness,white_potato,False,fresh_market_cabbage,Fresh-market cabbage,True,7,7,60.66,conditional,67.01,medium,83.0,,,data/scenarios/results/central_south_poteet/in_season_baseline.json
central_south_poteet,central_south_winter_garden,in_season_baseline,central_south_poteet_in_season_baseline,central_south_poteet_evidence,planting_readiness,white_potato,False,corn_grain,Corn grown for grain,True,8,8,54.0,not_recommended,69.08,medium,100.0,far_outside_planting_window,far_outside_planting_window,data/scenarios/results/central_south_poteet/in_season_baseline.json
central_south_poteet,central_south_winter_garden,in_season_baseline,central_south_poteet_in_season_baseline,central_south_poteet_evidence,planting_readiness,white_potato,False,corn_silage,Corn grown for silage,True,9,9,54.0,not_recommended,69.08,medium,100.0,far_outside_planting_window,far_outside_planting_window,data/scenarios/results/central_south_poteet/in_season_baseline.json
central_south_poteet,central_south_winter_garden,in_season_baseline,central_south_poteet_in_season_baseline,central_south_poteet_evidence,planting_readiness,white_potato,False,grain_sorghum,Grain sorghum,True,10,10,54.0,not_recommended,69.08,medium,100.0,far_outside_planting_window,far_outside_planting_window,data/scenarios/results/central_south_poteet/in_season_baseline.json
central_south_poteet,central_south_winter_garden,in_season_baseline,central_south_poteet_in_season_baseline,central_south_poteet_evidence,planting_readiness,white_potato,False,soybean,Soybean,True,11,11,54.0,not_recommended,69.08,medium,100.0,far_outside_planting_window,far_outside_planting_window,data/scenarios/results/central_south_poteet/in_season_baseline.json
central_south_poteet,central_south_winter_garden,in_season_baseline,central_south_poteet_in_season_baseline,central_south_poteet_evidence,planting_readiness,white_potato,False,upland_cotton,Upland cotton,True,12,12,54.0,not_recommended,69.08,medium,100.0,far_outside_planting_window,far_outside_planting_window,data/scenarios/results/central_south_poteet/in_season_baseline.json
central_south_poteet,central_south_winter_garden,in_season_baseline,central_south_poteet_in_season_baseline,central_south_poteet_evidence,planting_readiness,white_potato,False,seedless_watermelon,Seedless watermelon,True,13,13,54.0,not_recommended,67.01,medium,83.0,far_outside_planting_window,far_outside_planting_window,data/scenarios/results/central_south_poteet/in_season_baseline.json
central_south_poteet,central_south_winter_garden,in_season_baseline,central_south_poteet_in_season_baseline,central_south_poteet_evidence,planting_readiness,white_potato,False,oilseed_sunflower,Oilseed sunflower,True,14,14,54.0,not_recommended,58.68,low,83.0,far_outside_planting_window,far_outside_planting_window,data/scenarios/results/central_south_poteet/in_season_baseline.json
central_south_poteet,central_south_winter_garden,in_season_baseline,central_south_poteet_in_season_baseline,central_south_poteet_evidence,planting_readiness,white_potato,False,runner_peanut,Runner-type peanut,True,15,15,54.0,not_recommended,58.68,low,83.0,far_outside_planting_window,far_outside_planting_window,data/scenarios/results/central_south_poteet/in_season_baseline.json
central_south_poteet,central_south_winter_garden,in_season_baseline,central_south_poteet_in_season_baseline,central_south_poteet_evidence,planting_readiness,white_potato,False,sweet_potato,Sweet potato,True,16,16,54.0,not_recommended,58.68,low,83.0,far_outside_planting_window,far_outside_planting_window,data/scenarios/results/central_south_poteet/in_season_baseline.json
central_south_poteet,central_south_winter_garden,in_season_baseline,central_south_poteet_in_season_baseline,central_south_poteet_evidence,planting_readiness,white_potato,False,bermudagrass_hay,Bermudagrass grown for hay,True,17,17,54.0,not_recommended,56.51,low,80.0,far_outside_planting_window,far_outside_planting_window,data/scenarios/results/central_south_poteet/in_season_baseline.json
central_south_poteet,central_south_winter_garden,in_season_baseline,central_south_poteet_in_season_baseline,central_south_poteet_evidence,planting_readiness,white_potato,False,long_grain_rice,Long-grain rice,True,18,18,54.0,not_recommended,51.0,low,83.0,far_outside_planting_window,far_outside_planting_window,data/scenarios/results/central_south_poteet/in_season_baseline.json
central_south_poteet,central_south_winter_garden,in_season_baseline,central_south_poteet_in_season_baseline,central_south_poteet_evidence,planting_readiness,white_potato,False,sesame,Sesame,True,19,19,54.0,not_recommended,48.57,low,80.0,far_outside_planting_window,far_outside_planting_window,data/scenarios/results/central_south_poteet/in_season_baseline.json
central_south_poteet,central_south_winter_garden,in_season_baseline,central_south_poteet_in_season_baseline,central_south_poteet_evidence,planting_readiness,white_potato,False,annual_ryegrass_forage,Annual ryegrass grown for forage,True,20,20,51.91,not_recommended,56.51,low,80.0,far_outside_planting_window,far_outside_planting_window,data/scenarios/results/central_south_poteet/in_season_baseline.json
central_south_poteet,central_south_winter_garden,in_season_baseline,central_south_poteet_in_season_baseline,central_south_poteet_evidence,planting_readiness,white_potato,False,hard_red_winter_wheat,Hard red winter wheat,True,21,21,50.62,not_recommended,69.08,medium,100.0,far_outside_planting_window,far_outside_planting_window,data/scenarios/results/central_south_poteet/in_season_baseline.json
central_south_poteet,central_south_winter_garden,in_season_baseline,central_south_poteet_in_season_baseline,central_south_poteet_evidence,planting_readiness,white_potato,False,grain_oats,Grain oats,True,22,22,47.62,not_recommended,69.08,medium,100.0,far_outside_planting_window,far_outside_planting_window,data/scenarios/results/central_south_poteet/in_season_baseline.json
central_south_poteet,central_south_winter_garden,out_of_season,central_south_poteet_out_of_season,central_south_poteet_evidence,planning,white_potato,False,forage_sorghum,Forage sorghum,True,1,1,95.96,recommended,40.49,low,60.0,,,data/scenarios/results/central_south_poteet/out_of_season.json
central_south_poteet,central_south_winter_garden,out_of_season,central_south_poteet_out_of_season,central_south_poteet_evidence,planning,white_potato,False,grain_sorghum,Grain sorghum,True,2,2,95.96,recommended,40.49,low,60.0,,,data/scenarios/results/central_south_poteet/out_of_season.json
central_south_poteet,central_south_winter_garden,out_of_season,central_south_poteet_out_of_season,central_south_poteet_evidence,planning,white_potato,False,sorghum_sudangrass,Sorghum-sudangrass,True,3,3,95.96,recommended,40.49,low,60.0,,,data/scenarios/results/central_south_poteet/out_of_season.json
central_south_poteet,central_south_winter_garden,out_of_season,central_south_poteet_out_of_season,central_south_poteet_evidence,planning,white_potato,False,sesame,Sesame,True,4,4,94.33,recommended,33.87,low,60.0,,,data/scenarios/results/central_south_poteet/out_of_season.json
central_south_poteet,central_south_winter_garden,out_of_season,central_south_poteet_out_of_season,central_south_poteet_evidence,planning,white_potato,False,bermudagrass_hay,Bermudagrass grown for hay,True,5,5,94.12,recommended,40.49,low,60.0,,,data/scenarios/results/central_south_poteet/out_of_season.json
central_south_poteet,central_south_winter_garden,out_of_season,central_south_poteet_out_of_season,central_south_poteet_evidence,planning,white_potato,False,upland_cotton,Upland cotton,True,6,6,93.88,recommended,40.49,low,60.0,,,data/scenarios/results/central_south_poteet/out_of_season.json
central_south_poteet,central_south_winter_garden,out_of_season,central_south_poteet_out_of_season,central_south_poteet_evidence,planning,white_potato,False,soybean,Soybean,True,7,7,92.12,recommended,40.49,low,60.0,,,data/scenarios/results/central_south_poteet/out_of_season.json
central_south_poteet,central_south_winter_garden,out_of_season,central_south_poteet_out_of_season,central_south_poteet_evidence,planning,white_potato,False,seedless_watermelon,Seedless watermelon,True,8,8,90.75,recommended,47.11,low,60.0,,,data/scenarios/results/central_south_poteet/out_of_season.json
central_south_poteet,central_south_winter_garden,out_of_season,central_south_poteet_out_of_season,central_south_poteet_evidence,planning,white_potato,False,sweet_potato,Sweet potato,True,9,9,89.62,recommended,40.49,low,60.0,,,data/scenarios/results/central_south_poteet/out_of_season.json
central_south_poteet,central_south_winter_garden,out_of_season,central_south_poteet_out_of_season,central_south_poteet_evidence,planning,white_potato,False,oilseed_sunflower,Oilseed sunflower,True,10,10,89.17,recommended,40.49,low,60.0,,,data/scenarios/results/central_south_poteet/out_of_season.json
central_south_poteet,central_south_winter_garden,out_of_season,central_south_poteet_out_of_season,central_south_poteet_evidence,planning,white_potato,False,runner_peanut,Runner-type peanut,True,11,11,85.79,recommended,40.49,low,60.0,,,data/scenarios/results/central_south_poteet/out_of_season.json
central_south_poteet,central_south_winter_garden,out_of_season,central_south_poteet_out_of_season,central_south_poteet_evidence,planning,white_potato,False,corn_grain,Corn grown for grain,True,12,12,80.75,recommended,40.49,low,60.0,,,data/scenarios/results/central_south_poteet/out_of_season.json
central_south_poteet,central_south_winter_garden,out_of_season,central_south_poteet_out_of_season,central_south_poteet_evidence,planning,white_potato,False,corn_silage,Corn grown for silage,True,13,13,78.88,recommended,40.49,low,60.0,,,data/scenarios/results/central_south_poteet/out_of_season.json
central_south_poteet,central_south_winter_garden,out_of_season,central_south_poteet_out_of_season,central_south_poteet_evidence,planning,white_potato,False,dry_bulb_onion,Dry-bulb onion,True,14,14,54.0,not_recommended,47.11,low,60.0,far_outside_planting_window,far_outside_planting_window,data/scenarios/results/central_south_poteet/out_of_season.json
central_south_poteet,central_south_winter_garden,out_of_season,central_south_poteet_out_of_season,central_south_poteet_evidence,planning,white_potato,False,fresh_market_cabbage,Fresh-market cabbage,True,15,15,54.0,not_recommended,47.11,low,60.0,far_outside_planting_window,far_outside_planting_window,data/scenarios/results/central_south_poteet/out_of_season.json
central_south_poteet,central_south_winter_garden,out_of_season,central_south_poteet_out_of_season,central_south_poteet_evidence,planning,white_potato,False,fresh_market_spinach,Fresh-market spinach,True,16,16,54.0,not_recommended,47.11,low,60.0,far_outside_planting_window,far_outside_planting_window,data/scenarios/results/central_south_poteet/out_of_season.json
central_south_poteet,central_south_winter_garden,out_of_season,central_south_poteet_out_of_season,central_south_poteet_evidence,planning,white_potato,False,alfalfa_hay,Alfalfa grown for hay,True,17,17,54.0,not_recommended,40.49,low,60.0,far_outside_planting_window,far_outside_planting_window,data/scenarios/results/central_south_poteet/out_of_season.json
central_south_poteet,central_south_winter_garden,out_of_season,central_south_poteet_out_of_season,central_south_poteet_evidence,planning,white_potato,False,annual_ryegrass_forage,Annual ryegrass grown for forage,True,18,18,54.0,not_recommended,40.49,low,60.0,far_outside_planting_window,far_outside_planting_window,data/scenarios/results/central_south_poteet/out_of_season.json
central_south_poteet,central_south_winter_garden,out_of_season,central_south_poteet_out_of_season,central_south_poteet_evidence,planning,white_potato,False,grain_oats,Grain oats,True,19,19,54.0,not_recommended,40.49,low,60.0,far_outside_planting_window,far_outside_planting_window,data/scenarios/results/central_south_poteet/out_of_season.json
central_south_poteet,central_south_winter_garden,out_of_season,central_south_poteet_out_of_season,central_south_poteet_evidence,planning,white_potato,False,hard_red_winter_wheat,Hard red winter wheat,True,20,20,54.0,not_recommended,40.49,low,60.0,far_outside_planting_window,far_outside_planting_window,data/scenarios/results/central_south_poteet/out_of_season.json
central_south_poteet,central_south_winter_garden,out_of_season,central_south_poteet_out_of_season,central_south_poteet_evidence,planning,white_potato,True,white_potato,White potato,True,21,21,54.0,not_recommended,40.49,low,60.0,far_outside_planting_window,far_outside_planting_window,data/scenarios/results/central_south_poteet/out_of_season.json
central_south_poteet,central_south_winter_garden,out_of_season,central_south_poteet_out_of_season,central_south_poteet_evidence,planning,white_potato,False,long_grain_rice,Long-grain rice,True,22,22,54.0,not_recommended,32.81,low,60.0,far_outside_planting_window,far_outside_planting_window,data/scenarios/results/central_south_poteet/out_of_season.json
central_south_poteet,central_south_winter_garden,no_irrigation,central_south_poteet_no_irrigation,central_south_poteet_evidence,planting_readiness,white_potato,False,forage_sorghum,Forage sorghum,True,1,1,77.92,recommended,58.68,low,83.0,,,data/scenarios/results/central_south_poteet/no_irrigation.json
central_south_poteet,central_south_winter_garden,no_irrigation,central_south_poteet_no_irrigation,central_south_poteet_evidence,planting_readiness,white_potato,False,sorghum_sudangrass,Sorghum-sudangrass,True,2,2,77.92,recommended,58.68,low,83.0,,,data/scenarios/results/central_south_poteet/no_irrigation.json
central_south_poteet,central_south_winter_garden,no_irrigation,central_south_poteet_no_irrigation,central_south_poteet_evidence,planting_readiness,white_potato,True,white_potato,White potato,True,3,3,65.9,conditional,58.68,low,83.0,,,data/scenarios/results/central_south_poteet/no_irrigation.json
central_south_poteet,central_south_winter_garden,no_irrigation,central_south_poteet_no_irrigation,central_south_poteet_evidence,planting_readiness,white_potato,False,fresh_market_spinach,Fresh-market spinach,True,4,4,61.02,conditional,67.01,medium,83.0,,,data/scenarios/results/central_south_poteet/no_irrigation.json
central_south_poteet,central_south_winter_garden,no_irrigation,central_south_poteet_no_irrigation,central_south_poteet_evidence,planting_readiness,white_potato,False,fresh_market_cabbage,Fresh-market cabbage,True,5,5,58.98,conditional,67.01,medium,83.0,,,data/scenarios/results/central_south_poteet/no_irrigation.json
central_south_poteet,central_south_winter_garden,no_irrigation,central_south_poteet_no_irrigation,central_south_poteet_evidence,planting_readiness,white_potato,False,corn_grain,Corn grown for grain,True,6,6,54.0,not_recommended,69.08,medium,100.0,far_outside_planting_window,far_outside_planting_window,data/scenarios/results/central_south_poteet/no_irrigation.json
central_south_poteet,central_south_winter_garden,no_irrigation,central_south_poteet_no_irrigation,central_south_poteet_evidence,planting_readiness,white_potato,False,corn_silage,Corn grown for silage,True,7,7,54.0,not_recommended,69.08,medium,100.0,far_outside_planting_window,far_outside_planting_window,data/scenarios/results/central_south_poteet/no_irrigation.json
central_south_poteet,central_south_winter_garden,no_irrigation,central_south_poteet_no_irrigation,central_south_poteet_evidence,planting_readiness,white_potato,False,grain_sorghum,Grain sorghum,True,8,8,54.0,not_recommended,69.08,medium,100.0,far_outside_planting_window,far_outside_planting_window,data/scenarios/results/central_south_poteet/no_irrigation.json
central_south_poteet,central_south_winter_garden,no_irrigation,central_south_poteet_no_irrigation,central_south_poteet_evidence,planting_readiness,white_potato,False,soybean,Soybean,True,9,9,54.0,not_recommended,69.08,medium,100.0,far_outside_planting_window,far_outside_planting_window,data/scenarios/results/central_south_poteet/no_irrigation.json
central_south_poteet,central_south_winter_garden,no_irrigation,central_south_poteet_no_irrigation,central_south_poteet_evidence,planting_readiness,white_potato,False,upland_cotton,Upland cotton,True,10,10,54.0,not_recommended,69.08,medium,100.0,far_outside_planting_window,far_outside_planting_window,data/scenarios/results/central_south_poteet/no_irrigation.json
central_south_poteet,central_south_winter_garden,no_irrigation,central_south_poteet_no_irrigation,central_south_poteet_evidence,planting_readiness,white_potato,False,dry_bulb_onion,Dry-bulb onion,True,11,11,54.0,not_recommended,67.01,medium,83.0,required_irrigation_unavailable,required_irrigation_unavailable,data/scenarios/results/central_south_poteet/no_irrigation.json
central_south_poteet,central_south_winter_garden,no_irrigation,central_south_poteet_no_irrigation,central_south_poteet_evidence,planting_readiness,white_potato,False,seedless_watermelon,Seedless watermelon,True,12,12,54.0,not_recommended,67.01,medium,83.0,far_outside_planting_window,far_outside_planting_window,data/scenarios/results/central_south_poteet/no_irrigation.json
central_south_poteet,central_south_winter_garden,no_irrigation,central_south_poteet_no_irrigation,central_south_poteet_evidence,planting_readiness,white_potato,False,alfalfa_hay,Alfalfa grown for hay,True,13,13,54.0,not_recommended,58.68,low,83.0,required_irrigation_unavailable,required_irrigation_unavailable,data/scenarios/results/central_south_poteet/no_irrigation.json
central_south_poteet,central_south_winter_garden,no_irrigation,central_south_poteet_no_irrigation,central_south_poteet_evidence,planting_readiness,white_potato,False,oilseed_sunflower,Oilseed sunflower,True,14,14,54.0,not_recommended,58.68,low,83.0,far_outside_planting_window,far_outside_planting_window,data/scenarios/results/central_south_poteet/no_irrigation.json
central_south_poteet,central_south_winter_garden,no_irrigation,central_south_poteet_no_irrigation,central_south_poteet_evidence,planting_readiness,white_potato,False,runner_peanut,Runner-type peanut,True,15,15,54.0,not_recommended,58.68,low,83.0,far_outside_planting_window,far_outside_planting_window,data/scenarios/results/central_south_poteet/no_irrigation.json
central_south_poteet,central_south_winter_garden,no_irrigation,central_south_poteet_no_irrigation,central_south_poteet_evidence,planting_readiness,white_potato,False,sweet_potato,Sweet potato,True,16,16,54.0,not_recommended,58.68,low,83.0,far_outside_planting_window,far_outside_planting_window,data/scenarios/results/central_south_poteet/no_irrigation.json
central_south_poteet,central_south_winter_garden,no_irrigation,central_south_poteet_no_irrigation,central_south_poteet_evidence,planting_readiness,white_potato,False,bermudagrass_hay,Bermudagrass grown for hay,True,17,17,54.0,not_recommended,56.51,low,80.0,far_outside_planting_window,far_outside_planting_window,data/scenarios/results/central_south_poteet/no_irrigation.json
central_south_poteet,central_south_winter_garden,no_irrigation,central_south_poteet_no_irrigation,central_south_poteet_evidence,planting_readiness,white_potato,False,sesame,Sesame,True,18,18,54.0,not_recommended,48.57,low,80.0,far_outside_planting_window,far_outside_planting_window,data/scenarios/results/central_south_poteet/no_irrigation.json
central_south_poteet,central_south_winter_garden,no_irrigation,central_south_poteet_no_irrigation,central_south_poteet_evidence,planting_readiness,white_potato,False,long_grain_rice,Long-grain rice,True,19,19,53.89,not_recommended,51.0,low,83.0,far_outside_planting_window|required_irrigation_unavailable,far_outside_planting_window|required_irrigation_unavailable,data/scenarios/results/central_south_poteet/no_irrigation.json
central_south_poteet,central_south_winter_garden,no_irrigation,central_south_poteet_no_irrigation,central_south_poteet_evidence,planting_readiness,white_potato,False,annual_ryegrass_forage,Annual ryegrass grown for forage,True,20,20,51.41,not_recommended,56.51,low,80.0,far_outside_planting_window,far_outside_planting_window,data/scenarios/results/central_south_poteet/no_irrigation.json
central_south_poteet,central_south_winter_garden,no_irrigation,central_south_poteet_no_irrigation,central_south_poteet_evidence,planting_readiness,white_potato,False,hard_red_winter_wheat,Hard red winter wheat,True,21,21,50.23,not_recommended,69.08,medium,100.0,far_outside_planting_window,far_outside_planting_window,data/scenarios/results/central_south_poteet/no_irrigation.json
central_south_poteet,central_south_winter_garden,no_irrigation,central_south_poteet_no_irrigation,central_south_poteet_evidence,planting_readiness,white_potato,False,grain_oats,Grain oats,True,22,22,47.23,not_recommended,69.08,medium,100.0,far_outside_planting_window,far_outside_planting_window,data/scenarios/results/central_south_poteet/no_irrigation.json
central_south_poteet,central_south_winter_garden,reliable_irrigation,central_south_poteet_reliable_irrigation,central_south_poteet_evidence,planting_readiness,white_potato,False,forage_sorghum,Forage sorghum,True,1,1,78.4,recommended,58.68,low,83.0,,,data/scenarios/results/central_south_poteet/reliable_irrigation.json
central_south_poteet,central_south_winter_garden,reliable_irrigation,central_south_poteet_reliable_irrigation,central_south_poteet_evidence,planting_readiness,white_potato,False,sorghum_sudangrass,Sorghum-sudangrass,True,2,2,78.4,recommended,58.68,low,83.0,,,data/scenarios/results/central_south_poteet/reliable_irrigation.json
central_south_poteet,central_south_winter_garden,reliable_irrigation,central_south_poteet_reliable_irrigation,central_south_poteet_evidence,planting_readiness,white_potato,False,alfalfa_hay,Alfalfa grown for hay,True,3,3,72.02,conditional,58.68,low,83.0,,,data/scenarios/results/central_south_poteet/reliable_irrigation.json
central_south_poteet,central_south_winter_garden,reliable_irrigation,central_south_poteet_reliable_irrigation,central_south_poteet_evidence,planting_readiness,white_potato,True,white_potato,White potato,True,4,4,69.04,conditional,58.68,low,83.0,,,data/scenarios/results/central_south_poteet/reliable_irrigation.json
central_south_poteet,central_south_winter_garden,reliable_irrigation,central_south_poteet_reliable_irrigation,central_south_poteet_evidence,planting_readiness,white_potato,False,dry_bulb_onion,Dry-bulb onion,True,5,5,64.16,conditional,67.01,medium,83.0,,,data/scenarios/results/central_south_poteet/reliable_irrigation.json
central_south_poteet,central_south_winter_garden,reliable_irrigation,central_south_poteet_reliable_irrigation,central_south_poteet_evidence,planting_readiness,white_potato,False,fresh_market_spinach,Fresh-market spinach,True,6,6,64.16,conditional,67.01,medium,83.0,,,data/scenarios/results/central_south_poteet/reliable_irrigation.json
central_south_poteet,central_south_winter_garden,reliable_irrigation,central_south_poteet_reliable_irrigation,central_south_poteet_evidence,planting_readiness,white_potato,False,fresh_market_cabbage,Fresh-market cabbage,True,7,7,62.11,conditional,67.01,medium,83.0,,,data/scenarios/results/central_south_poteet/reliable_irrigation.json
central_south_poteet,central_south_winter_garden,reliable_irrigation,central_south_poteet_reliable_irrigation,central_south_poteet_evidence,planting_readiness,white_potato,False,corn_grain,Corn grown for grain,True,8,8,54.0,not_recommended,69.08,medium,100.0,far_outside_planting_window,far_outside_planting_window,data/scenarios/results/central_south_poteet/reliable_irrigation.json
central_south_poteet,central_south_winter_garden,reliable_irrigation,central_south_poteet_reliable_irrigation,central_south_poteet_evidence,planting_readiness,white_potato,False,corn_silage,Corn grown for silage,True,9,9,54.0,not_recommended,69.08,medium,100.0,far_outside_planting_window,far_outside_planting_window,data/scenarios/results/central_south_poteet/reliable_irrigation.json
central_south_poteet,central_south_winter_garden,reliable_irrigation,central_south_poteet_reliable_irrigation,central_south_poteet_evidence,planting_readiness,white_potato,False,grain_sorghum,Grain sorghum,True,10,10,54.0,not_recommended,69.08,medium,100.0,far_outside_planting_window,far_outside_planting_window,data/scenarios/results/central_south_poteet/reliable_irrigation.json
central_south_poteet,central_south_winter_garden,reliable_irrigation,central_south_poteet_reliable_irrigation,central_south_poteet_evidence,planting_readiness,white_potato,False,soybean,Soybean,True,11,11,54.0,not_recommended,69.08,medium,100.0,far_outside_planting_window,far_outside_planting_window,data/scenarios/results/central_south_poteet/reliable_irrigation.json
central_south_poteet,central_south_winter_garden,reliable_irrigation,central_south_poteet_reliable_irrigation,central_south_poteet_evidence,planting_readiness,white_potato,False,upland_cotton,Upland cotton,True,12,12,54.0,not_recommended,69.08,medium,100.0,far_outside_planting_window,far_outside_planting_window,data/scenarios/results/central_south_poteet/reliable_irrigation.json
central_south_poteet,central_south_winter_garden,reliable_irrigation,central_south_poteet_reliable_irrigation,central_south_poteet_evidence,planting_readiness,white_potato,False,seedless_watermelon,Seedless watermelon,True,13,13,54.0,not_recommended,67.01,medium,83.0,far_outside_planting_window,far_outside_planting_window,data/scenarios/results/central_south_poteet/reliable_irrigation.json
central_south_poteet,central_south_winter_garden,reliable_irrigation,central_south_poteet_reliable_irrigation,central_south_poteet_evidence,planting_readiness,white_potato,False,oilseed_sunflower,Oilseed sunflower,True,14,14,54.0,not_recommended,58.68,low,83.0,far_outside_planting_window,far_outside_planting_window,data/scenarios/results/central_south_poteet/reliable_irrigation.json
central_south_poteet,central_south_winter_garden,reliable_irrigation,central_south_poteet_reliable_irrigation,central_south_poteet_evidence,planting_readiness,white_potato,False,runner_peanut,Runner-type peanut,True,15,15,54.0,not_recommended,58.68,low,83.0,far_outside_planting_window,far_outside_planting_window,data/scenarios/results/central_south_poteet/reliable_irrigation.json
central_south_poteet,central_south_winter_garden,reliable_irrigation,central_south_poteet_reliable_irrigation,central_south_poteet_evidence,planting_readiness,white_potato,False,sweet_potato,Sweet potato,True,16,16,54.0,not_recommended,58.68,low,83.0,far_outside_planting_window,far_outside_planting_window,data/scenarios/results/central_south_poteet/reliable_irrigation.json
central_south_poteet,central_south_winter_garden,reliable_irrigation,central_south_poteet_reliable_irrigation,central_south_poteet_evidence,planting_readiness,white_potato,False,bermudagrass_hay,Bermudagrass grown for hay,True,17,17,54.0,not_recommended,56.51,low,80.0,far_outside_planting_window,far_outside_planting_window,data/scenarios/results/central_south_poteet/reliable_irrigation.json
central_south_poteet,central_south_winter_garden,reliable_irrigation,central_south_poteet_reliable_irrigation,central_south_poteet_evidence,planting_readiness,white_potato,False,long_grain_rice,Long-grain rice,True,18,18,54.0,not_recommended,51.0,low,83.0,far_outside_planting_window,far_outside_planting_window,data/scenarios/results/central_south_poteet/reliable_irrigation.json
central_south_poteet,central_south_winter_garden,reliable_irrigation,central_south_poteet_reliable_irrigation,central_south_poteet_evidence,planting_readiness,white_potato,False,sesame,Sesame,True,19,19,54.0,not_recommended,48.57,low,80.0,far_outside_planting_window,far_outside_planting_window,data/scenarios/results/central_south_poteet/reliable_irrigation.json
central_south_poteet,central_south_winter_garden,reliable_irrigation,central_south_poteet_reliable_irrigation,central_south_poteet_evidence,planting_readiness,white_potato,False,annual_ryegrass_forage,Annual ryegrass grown for forage,True,20,20,53.41,not_recommended,56.51,low,80.0,far_outside_planting_window,far_outside_planting_window,data/scenarios/results/central_south_poteet/reliable_irrigation.json
central_south_poteet,central_south_winter_garden,reliable_irrigation,central_south_poteet_reliable_irrigation,central_south_poteet_evidence,planting_readiness,white_potato,False,hard_red_winter_wheat,Hard red winter wheat,True,21,21,51.83,not_recommended,69.08,medium,100.0,far_outside_planting_window,far_outside_planting_window,data/scenarios/results/central_south_poteet/reliable_irrigation.json
central_south_poteet,central_south_winter_garden,reliable_irrigation,central_south_poteet_reliable_irrigation,central_south_poteet_evidence,planting_readiness,white_potato,False,grain_oats,Grain oats,True,22,22,48.83,not_recommended,69.08,medium,100.0,far_outside_planting_window,far_outside_planting_window,data/scenarios/results/central_south_poteet/reliable_irrigation.json
central_south_poteet,central_south_winter_garden,missing_irrigation_lab_ph_override,central_south_poteet_missing_irrigation_lab_ph_override,central_south_poteet_evidence,planting_readiness,white_potato,False,forage_sorghum,Forage sorghum,True,1,1,79.21,recommended,57.23,low,79.0,,,data/scenarios/results/central_south_poteet/missing_irrigation_lab_ph_override.json
central_south_poteet,central_south_winter_garden,missing_irrigation_lab_ph_override,central_south_poteet_missing_irrigation_lab_ph_override,central_south_poteet_evidence,planting_readiness,white_potato,False,sorghum_sudangrass,Sorghum-sudangrass,True,2,2,79.21,recommended,57.23,low,79.0,,,data/scenarios/results/central_south_poteet/missing_irrigation_lab_ph_override.json
central_south_poteet,central_south_winter_garden,missing_irrigation_lab_ph_override,central_south_poteet_missing_irrigation_lab_ph_override,central_south_poteet_evidence,planting_readiness,white_potato,False,alfalfa_hay,Alfalfa grown for hay,True,3,3,70.6,conditional,57.23,low,79.0,,,data/scenarios/results/central_south_poteet/missing_irrigation_lab_ph_override.json
central_south_poteet,central_south_winter_garden,missing_irrigation_lab_ph_override,central_south_poteet_missing_irrigation_lab_ph_override,central_south_poteet_evidence,planting_readiness,white_potato,True,white_potato,White potato,True,4,4,67.47,conditional,57.23,low,79.0,,,data/scenarios/results/central_south_poteet/missing_irrigation_lab_ph_override.json
central_south_poteet,central_south_winter_garden,missing_irrigation_lab_ph_override,central_south_poteet_missing_irrigation_lab_ph_override,central_south_poteet_evidence,planting_readiness,white_potato,False,dry_bulb_onion,Dry-bulb onion,True,5,5,62.34,conditional,65.31,medium,79.0,,,data/scenarios/results/central_south_poteet/missing_irrigation_lab_ph_override.json
central_south_poteet,central_south_winter_garden,missing_irrigation_lab_ph_override,central_south_poteet_missing_irrigation_lab_ph_override,central_south_poteet_evidence,planting_readiness,white_potato,False,fresh_market_spinach,Fresh-market spinach,True,6,6,62.34,conditional,65.31,medium,79.0,,,data/scenarios/results/central_south_poteet/missing_irrigation_lab_ph_override.json
central_south_poteet,central_south_winter_garden,missing_irrigation_lab_ph_override,central_south_poteet_missing_irrigation_lab_ph_override,central_south_poteet_evidence,planting_readiness,white_potato,False,fresh_market_cabbage,Fresh-market cabbage,True,7,7,60.19,conditional,65.31,medium,79.0,,,data/scenarios/results/central_south_poteet/missing_irrigation_lab_ph_override.json
central_south_poteet,central_south_winter_garden,missing_irrigation_lab_ph_override,central_south_poteet_missing_irrigation_lab_ph_override,central_south_poteet_evidence,planting_readiness,white_potato,False,corn_grain,Corn grown for grain,True,8,8,54.0,not_recommended,67.64,medium,96.0,far_outside_planting_window,far_outside_planting_window,data/scenarios/results/central_south_poteet/missing_irrigation_lab_ph_override.json
central_south_poteet,central_south_winter_garden,missing_irrigation_lab_ph_override,central_south_poteet_missing_irrigation_lab_ph_override,central_south_poteet_evidence,planting_readiness,white_potato,False,corn_silage,Corn grown for silage,True,9,9,54.0,not_recommended,67.64,medium,96.0,far_outside_planting_window,far_outside_planting_window,data/scenarios/results/central_south_poteet/missing_irrigation_lab_ph_override.json
central_south_poteet,central_south_winter_garden,missing_irrigation_lab_ph_override,central_south_poteet_missing_irrigation_lab_ph_override,central_south_poteet_evidence,planting_readiness,white_potato,False,grain_sorghum,Grain sorghum,True,10,10,54.0,not_recommended,67.64,medium,96.0,far_outside_planting_window,far_outside_planting_window,data/scenarios/results/central_south_poteet/missing_irrigation_lab_ph_override.json
central_south_poteet,central_south_winter_garden,missing_irrigation_lab_ph_override,central_south_poteet_missing_irrigation_lab_ph_override,central_south_poteet_evidence,planting_readiness,white_potato,False,soybean,Soybean,True,11,11,54.0,not_recommended,67.64,medium,96.0,far_outside_planting_window,far_outside_planting_window,data/scenarios/results/central_south_poteet/missing_irrigation_lab_ph_override.json
central_south_poteet,central_south_winter_garden,missing_irrigation_lab_ph_override,central_south_poteet_missing_irrigation_lab_ph_override,central_south_poteet_evidence,planting_readiness,white_potato,False,upland_cotton,Upland cotton,True,12,12,54.0,not_recommended,67.64,medium,96.0,far_outside_planting_window,far_outside_planting_window,data/scenarios/results/central_south_poteet/missing_irrigation_lab_ph_override.json
central_south_poteet,central_south_winter_garden,missing_irrigation_lab_ph_override,central_south_poteet_missing_irrigation_lab_ph_override,central_south_poteet_evidence,planting_readiness,white_potato,False,seedless_watermelon,Seedless watermelon,True,13,13,54.0,not_recommended,65.31,medium,79.0,far_outside_planting_window,far_outside_planting_window,data/scenarios/results/central_south_poteet/missing_irrigation_lab_ph_override.json
central_south_poteet,central_south_winter_garden,missing_irrigation_lab_ph_override,central_south_poteet_missing_irrigation_lab_ph_override,central_south_poteet_evidence,planting_readiness,white_potato,False,oilseed_sunflower,Oilseed sunflower,True,14,14,54.0,not_recommended,57.23,low,79.0,far_outside_planting_window,far_outside_planting_window,data/scenarios/results/central_south_poteet/missing_irrigation_lab_ph_override.json
central_south_poteet,central_south_winter_garden,missing_irrigation_lab_ph_override,central_south_poteet_missing_irrigation_lab_ph_override,central_south_poteet_evidence,planting_readiness,white_potato,False,runner_peanut,Runner-type peanut,True,15,15,54.0,not_recommended,57.23,low,79.0,far_outside_planting_window,far_outside_planting_window,data/scenarios/results/central_south_poteet/missing_irrigation_lab_ph_override.json
central_south_poteet,central_south_winter_garden,missing_irrigation_lab_ph_override,central_south_poteet_missing_irrigation_lab_ph_override,central_south_poteet_evidence,planting_readiness,white_potato,False,sweet_potato,Sweet potato,True,16,16,54.0,not_recommended,57.23,low,79.0,far_outside_planting_window,far_outside_planting_window,data/scenarios/results/central_south_poteet/missing_irrigation_lab_ph_override.json
central_south_poteet,central_south_winter_garden,missing_irrigation_lab_ph_override,central_south_poteet_missing_irrigation_lab_ph_override,central_south_poteet_evidence,planting_readiness,white_potato,False,bermudagrass_hay,Bermudagrass grown for hay,True,17,17,54.0,not_recommended,55.07,low,76.0,far_outside_planting_window,far_outside_planting_window,data/scenarios/results/central_south_poteet/missing_irrigation_lab_ph_override.json
central_south_poteet,central_south_winter_garden,missing_irrigation_lab_ph_override,central_south_poteet_missing_irrigation_lab_ph_override,central_south_poteet_evidence,planting_readiness,white_potato,False,long_grain_rice,Long-grain rice,True,18,18,54.0,not_recommended,49.56,low,79.0,far_outside_planting_window,far_outside_planting_window,data/scenarios/results/central_south_poteet/missing_irrigation_lab_ph_override.json
central_south_poteet,central_south_winter_garden,missing_irrigation_lab_ph_override,central_south_poteet_missing_irrigation_lab_ph_override,central_south_poteet_evidence,planting_readiness,white_potato,False,sesame,Sesame,True,19,19,54.0,not_recommended,47.38,low,76.0,far_outside_planting_window,far_outside_planting_window,data/scenarios/results/central_south_poteet/missing_irrigation_lab_ph_override.json
central_south_poteet,central_south_winter_garden,missing_irrigation_lab_ph_override,central_south_poteet_missing_irrigation_lab_ph_override,central_south_poteet_evidence,planting_readiness,white_potato,False,annual_ryegrass_forage,Annual ryegrass grown for forage,True,20,20,52.93,not_recommended,55.07,low,76.0,far_outside_planting_window,far_outside_planting_window,data/scenarios/results/central_south_poteet/missing_irrigation_lab_ph_override.json
central_south_poteet,central_south_winter_garden,missing_irrigation_lab_ph_override,central_south_poteet_missing_irrigation_lab_ph_override,central_south_poteet_evidence,planting_readiness,white_potato,False,hard_red_winter_wheat,Hard red winter wheat,True,21,21,51.38,not_recommended,67.64,medium,96.0,far_outside_planting_window,far_outside_planting_window,data/scenarios/results/central_south_poteet/missing_irrigation_lab_ph_override.json
central_south_poteet,central_south_winter_garden,missing_irrigation_lab_ph_override,central_south_poteet_missing_irrigation_lab_ph_override,central_south_poteet_evidence,planting_readiness,white_potato,False,grain_oats,Grain oats,True,22,22,48.26,not_recommended,67.64,medium,96.0,far_outside_planting_window,far_outside_planting_window,data/scenarios/results/central_south_poteet/missing_irrigation_lab_ph_override.json
lrgv_upper_mission,lower_rio_grande_valley,in_season_baseline,lrgv_upper_mission_in_season_baseline,lrgv_upper_mission_evidence,planting_readiness,grain_sorghum,False,forage_sorghum,Forage sorghum,True,1,1,76.02,recommended,58.68,low,83.0,,,data/scenarios/results/lrgv_upper_mission/in_season_baseline.json
lrgv_upper_mission,lower_rio_grande_valley,in_season_baseline,lrgv_upper_mission_in_season_baseline,lrgv_upper_mission_evidence,planting_readiness,grain_sorghum,False,sorghum_sudangrass,Sorghum-sudangrass,True,2,2,76.02,recommended,58.68,low,83.0,,,data/scenarios/results/lrgv_upper_mission/in_season_baseline.json
lrgv_upper_mission,lower_rio_grande_valley,in_season_baseline,lrgv_upper_mission_in_season_baseline,lrgv_upper_mission_evidence,planting_readiness,grain_sorghum,True,grain_sorghum,Grain sorghum,True,3,3,66.53,conditional,69.08,medium,100.0,,,data/scenarios/results/lrgv_upper_mission/in_season_baseline.json
lrgv_upper_mission,lower_rio_grande_valley,in_season_baseline,lrgv_upper_mission_in_season_baseline,lrgv_upper_mission_evidence,planting_readiness,grain_sorghum,False,oilseed_sunflower,Oilseed sunflower,True,4,4,59.52,conditional,58.68,low,83.0,,,data/scenarios/results/lrgv_upper_mission/in_season_baseline.json
lrgv_upper_mission,lower_rio_grande_valley,in_season_baseline,lrgv_upper_mission_in_season_baseline,lrgv_upper_mission_evidence,planting_readiness,grain_sorghum,False,dry_bulb_onion,Dry-bulb onion,True,5,5,56.69,conditional,67.01,medium,83.0,,,data/scenarios/results/lrgv_upper_mission/in_season_baseline.json
lrgv_upper_mission,lower_rio_grande_valley,in_season_baseline,lrgv_upper_mission_in_season_baseline,lrgv_upper_mission_evidence,planting_readiness,grain_sorghum,False,upland_cotton,Upland cotton,True,6,6,54.0,not_recommended,69.08,medium,100.0,far_outside_planting_window,far_outside_planting_window,data/scenarios/results/lrgv_upper_mission/in_season_baseline.json
lrgv_upper_mission,lower_rio_grande_valley,in_season_baseline,lrgv_upper_mission_in_season_baseline,lrgv_upper_mission_evidence,planting_readiness,grain_sorghum,False,seedless_watermelon,Seedless watermelon,True,7,7,54.0,not_recommended,67.01,medium,83.0,far_outside_planting_window,far_outside_planting_window,data/scenarios/results/lrgv_upper_mission/in_season_baseline.json
lrgv_upper_mission,lower_rio_grande_valley,in_season_baseline,lrgv_upper_mission_in_season_baseline,lrgv_upper_mission_evidence,planting_readiness,grain_sorghum,False,runner_peanut,Runner-type peanut,True,8,8,54.0,not_recommended,58.68,low,83.0,far_outside_planting_window,far_outside_planting_window,data/scenarios/results/lrgv_upper_mission/in_season_baseline.json
lrgv_upper_mission,lower_rio_grande_valley,in_season_baseline,lrgv_upper_mission_in_season_baseline,lrgv_upper_mission_evidence,planting_readiness,grain_sorghum,False,sweet_potato,Sweet potato,True,9,9,54.0,not_recommended,58.68,low,83.0,far_outside_planting_window,far_outside_planting_window,data/scenarios/results/lrgv_upper_mission/in_season_baseline.json
lrgv_upper_mission,lower_rio_grande_valley,in_season_baseline,lrgv_upper_mission_in_season_baseline,lrgv_upper_mission_evidence,planting_readiness,grain_sorghum,False,bermudagrass_hay,Bermudagrass grown for hay,True,10,10,54.0,not_recommended,56.51,low,80.0,far_outside_planting_window,far_outside_planting_window,data/scenarios/results/lrgv_upper_mission/in_season_baseline.json
lrgv_upper_mission,lower_rio_grande_valley,in_season_baseline,lrgv_upper_mission_in_season_baseline,lrgv_upper_mission_evidence,planting_readiness,grain_sorghum,False,alfalfa_hay,Alfalfa grown for hay,True,11,11,54.0,not_recommended,51.0,low,83.0,far_outside_planting_window,far_outside_planting_window,data/scenarios/results/lrgv_upper_mission/in_season_baseline.json
lrgv_upper_mission,lower_rio_grande_valley,in_season_baseline,lrgv_upper_mission_in_season_baseline,lrgv_upper_mission_evidence,planting_readiness,grain_sorghum,False,sesame,Sesame,True,12,12,54.0,not_recommended,48.57,low,80.0,far_outside_planting_window,far_outside_planting_window,data/scenarios/results/lrgv_upper_mission/in_season_baseline.json
lrgv_upper_mission,lower_rio_grande_valley,in_season_baseline,lrgv_upper_mission_in_season_baseline,lrgv_upper_mission_evidence,planting_readiness,grain_sorghum,False,white_potato,White potato,True,13,13,49.43,not_recommended,58.68,low,83.0,far_outside_planting_window,far_outside_planting_window,data/scenarios/results/lrgv_upper_mission/in_season_baseline.json
lrgv_upper_mission,lower_rio_grande_valley,in_season_baseline,lrgv_upper_mission_in_season_baseline,lrgv_upper_mission_evidence,planting_readiness,grain_sorghum,False,fresh_market_cabbage,Fresh-market cabbage,True,14,14,49.34,not_recommended,67.01,medium,83.0,,,data/scenarios/results/lrgv_upper_mission/in_season_baseline.json
lrgv_upper_mission,lower_rio_grande_valley,in_season_baseline,lrgv_upper_mission_in_season_baseline,lrgv_upper_mission_evidence,planting_readiness,grain_sorghum,False,corn_grain,Corn grown for grain,True,15,15,48.27,not_recommended,69.08,medium,100.0,far_outside_planting_window,far_outside_planting_window,data/scenarios/results/lrgv_upper_mission/in_season_baseline.json
lrgv_upper_mission,lower_rio_grande_valley,in_season_baseline,lrgv_upper_mission_in_season_baseline,lrgv_upper_mission_evidence,planting_readiness,grain_sorghum,False,long_grain_rice,Long-grain rice,True,16,16,46.54,not_recommended,51.0,low,83.0,far_outside_planting_window,far_outside_planting_window,data/scenarios/results/lrgv_upper_mission/in_season_baseline.json
lrgv_upper_mission,lower_rio_grande_valley,in_season_baseline,lrgv_upper_mission_in_season_baseline,lrgv_upper_mission_evidence,planting_readiness,grain_sorghum,False,fresh_market_spinach,Fresh-market spinach,True,17,17,46.51,not_recommended,67.01,medium,83.0,far_outside_planting_window,far_outside_planting_window,data/scenarios/results/lrgv_upper_mission/in_season_baseline.json
lrgv_upper_mission,lower_rio_grande_valley,in_season_baseline,lrgv_upper_mission_in_season_baseline,lrgv_upper_mission_evidence,planting_readiness,grain_sorghum,False,corn_silage,Corn grown for silage,True,18,18,46.02,not_recommended,69.08,medium,100.0,far_outside_planting_window,far_outside_planting_window,data/scenarios/results/lrgv_upper_mission/in_season_baseline.json
lrgv_upper_mission,lower_rio_grande_valley,in_season_baseline,lrgv_upper_mission_in_season_baseline,lrgv_upper_mission_evidence,planting_readiness,grain_sorghum,False,soybean,Soybean,True,19,19,43.12,not_recommended,69.08,medium,100.0,far_outside_planting_window,far_outside_planting_window,data/scenarios/results/lrgv_upper_mission/in_season_baseline.json
lrgv_upper_mission,lower_rio_grande_valley,in_season_baseline,lrgv_upper_mission_in_season_baseline,lrgv_upper_mission_evidence,planting_readiness,grain_sorghum,False,annual_ryegrass_forage,Annual ryegrass grown for forage,True,20,20,40.09,not_recommended,56.51,low,80.0,far_outside_planting_window,far_outside_planting_window,data/scenarios/results/lrgv_upper_mission/in_season_baseline.json
lrgv_upper_mission,lower_rio_grande_valley,in_season_baseline,lrgv_upper_mission_in_season_baseline,lrgv_upper_mission_evidence,planting_readiness,grain_sorghum,False,hard_red_winter_wheat,Hard red winter wheat,True,21,21,34.77,not_recommended,69.08,medium,100.0,far_outside_planting_window,far_outside_planting_window,data/scenarios/results/lrgv_upper_mission/in_season_baseline.json
lrgv_upper_mission,lower_rio_grande_valley,in_season_baseline,lrgv_upper_mission_in_season_baseline,lrgv_upper_mission_evidence,planting_readiness,grain_sorghum,False,grain_oats,Grain oats,True,22,22,33.38,not_recommended,61.41,low,100.0,far_outside_planting_window,far_outside_planting_window,data/scenarios/results/lrgv_upper_mission/in_season_baseline.json
lrgv_upper_mission,lower_rio_grande_valley,out_of_season,lrgv_upper_mission_out_of_season,lrgv_upper_mission_evidence,planning,grain_sorghum,False,white_potato,White potato,True,1,1,87.12,recommended,40.49,low,60.0,,,data/scenarios/results/lrgv_upper_mission/out_of_season.json
lrgv_upper_mission,lower_rio_grande_valley,out_of_season,lrgv_upper_mission_out_of_season,lrgv_upper_mission_evidence,planning,grain_sorghum,False,dry_bulb_onion,Dry-bulb onion,True,2,2,84.83,recommended,47.11,low,60.0,,,data/scenarios/results/lrgv_upper_mission/out_of_season.json
lrgv_upper_mission,lower_rio_grande_valley,out_of_season,lrgv_upper_mission_out_of_season,lrgv_upper_mission_evidence,planning,grain_sorghum,False,fresh_market_spinach,Fresh-market spinach,True,3,3,83.08,recommended,47.11,low,60.0,,,data/scenarios/results/lrgv_upper_mission/out_of_season.json
lrgv_upper_mission,lower_rio_grande_valley,out_of_season,lrgv_upper_mission_out_of_season,lrgv_upper_mission_evidence,planning,grain_sorghum,False,fresh_market_cabbage,Fresh-market cabbage,True,4,4,74.33,conditional,47.11,low,60.0,,,data/scenarios/results/lrgv_upper_mission/out_of_season.json
lrgv_upper_mission,lower_rio_grande_valley,out_of_season,lrgv_upper_mission_out_of_season,lrgv_upper_mission_evidence,planning,grain_sorghum,False,hard_red_winter_wheat,Hard red winter wheat,True,5,5,70.96,conditional,40.49,low,60.0,,,data/scenarios/results/lrgv_upper_mission/out_of_season.json
lrgv_upper_mission,lower_rio_grande_valley,out_of_season,lrgv_upper_mission_out_of_season,lrgv_upper_mission_evidence,planning,grain_sorghum,False,annual_ryegrass_forage,Annual ryegrass grown for forage,True,6,6,68.62,conditional,40.49,low,60.0,,,data/scenarios/results/lrgv_upper_mission/out_of_season.json
lrgv_upper_mission,lower_rio_grande_valley,out_of_season,lrgv_upper_mission_out_of_season,lrgv_upper_mission_evidence,planning,grain_sorghum,False,seedless_watermelon,Seedless watermelon,True,7,7,54.0,not_recommended,47.11,low,60.0,far_outside_planting_window,far_outside_planting_window,data/scenarios/results/lrgv_upper_mission/out_of_season.json
lrgv_upper_mission,lower_rio_grande_valley,out_of_season,lrgv_upper_mission_out_of_season,lrgv_upper_mission_evidence,planning,grain_sorghum,False,bermudagrass_hay,Bermudagrass grown for hay,True,8,8,54.0,not_recommended,40.49,low,60.0,far_outside_planting_window,far_outside_planting_window,data/scenarios/results/lrgv_upper_mission/out_of_season.json
lrgv_upper_mission,lower_rio_grande_valley,out_of_season,lrgv_upper_mission_out_of_season,lrgv_upper_mission_evidence,planning,grain_sorghum,False,corn_grain,Corn grown for grain,True,9,9,54.0,not_recommended,40.49,low,60.0,far_outside_planting_window,far_outside_planting_window,data/scenarios/results/lrgv_upper_mission/out_of_season.json
lrgv_upper_mission,lower_rio_grande_valley,out_of_season,lrgv_upper_mission_out_of_season,lrgv_upper_mission_evidence,planning,grain_sorghum,False,forage_sorghum,Forage sorghum,True,10,10,54.0,not_recommended,40.49,low,60.0,far_outside_planting_window,far_outside_planting_window,data/scenarios/results/lrgv_upper_mission/out_of_season.json
lrgv_upper_mission,lower_rio_grande_valley,out_of_season,lrgv_upper_mission_out_of_season,lrgv_upper_mission_evidence,planning,grain_sorghum,True,grain_sorghum,Grain sorghum,True,11,11,54.0,not_recommended,40.49,low,60.0,far_outside_planting_window,far_outside_planting_window,data/scenarios/results/lrgv_upper_mission/out_of_season.json
lrgv_upper_mission,lower_rio_grande_valley,out_of_season,lrgv_upper_mission_out_of_season,lrgv_upper_mission_evidence,planning,grain_sorghum,False,oilseed_sunflower,Oilseed sunflower,True,12,12,54.0,not_recommended,40.49,low,60.0,far_outside_planting_window,far_outside_planting_window,data/scenarios/results/lrgv_upper_mission/out_of_season.json
lrgv_upper_mission,lower_rio_grande_valley,out_of_season,lrgv_upper_mission_out_of_season,lrgv_upper_mission_evidence,planning,grain_sorghum,False,runner_peanut,Runner-type peanut,True,13,13,54.0,not_recommended,40.49,low,60.0,far_outside_planting_window,far_outside_planting_window,data/scenarios/results/lrgv_upper_mission/out_of_season.json
lrgv_upper_mission,lower_rio_grande_valley,out_of_season,lrgv_upper_mission_out_of_season,lrgv_upper_mission_evidence,planning,grain_sorghum,False,sorghum_sudangrass,Sorghum-sudangrass,True,14,14,54.0,not_recommended,40.49,low,60.0,far_outside_planting_window,far_outside_planting_window,data/scenarios/results/lrgv_upper_mission/out_of_season.json
lrgv_upper_mission,lower_rio_grande_valley,out_of_season,lrgv_upper_mission_out_of_season,lrgv_upper_mission_evidence,planning,grain_sorghum,False,sweet_potato,Sweet potato,True,15,15,54.0,not_recommended,40.49,low,60.0,far_outside_planting_window,far_outside_planting_window,data/scenarios/results/lrgv_upper_mission/out_of_season.json
lrgv_upper_mission,lower_rio_grande_valley,out_of_season,lrgv_upper_mission_out_of_season,lrgv_upper_mission_evidence,planning,grain_sorghum,False,upland_cotton,Upland cotton,True,16,16,54.0,not_recommended,40.49,low,60.0,far_outside_planting_window,far_outside_planting_window,data/scenarios/results/lrgv_upper_mission/out_of_season.json
lrgv_upper_mission,lower_rio_grande_valley,out_of_season,lrgv_upper_mission_out_of_season,lrgv_upper_mission_evidence,planning,grain_sorghum,False,sesame,Sesame,True,17,17,54.0,not_recommended,33.87,low,60.0,far_outside_planting_window,far_outside_planting_window,data/scenarios/results/lrgv_upper_mission/out_of_season.json
lrgv_upper_mission,lower_rio_grande_valley,out_of_season,lrgv_upper_mission_out_of_season,lrgv_upper_mission_evidence,planning,grain_sorghum,False,alfalfa_hay,Alfalfa grown for hay,True,18,18,54.0,not_recommended,32.81,low,60.0,far_outside_planting_window,far_outside_planting_window,data/scenarios/results/lrgv_upper_mission/out_of_season.json
lrgv_upper_mission,lower_rio_grande_valley,out_of_season,lrgv_upper_mission_out_of_season,lrgv_upper_mission_evidence,planning,grain_sorghum,False,corn_silage,Corn grown for silage,True,19,19,53.12,not_recommended,40.49,low,60.0,far_outside_planting_window,far_outside_planting_window,data/scenarios/results/lrgv_upper_mission/out_of_season.json
lrgv_upper_mission,lower_rio_grande_valley,out_of_season,lrgv_upper_mission_out_of_season,lrgv_upper_mission_evidence,planning,grain_sorghum,False,soybean,Soybean,True,20,20,52.54,not_recommended,40.49,low,60.0,far_outside_planting_window,far_outside_planting_window,data/scenarios/results/lrgv_upper_mission/out_of_season.json
lrgv_upper_mission,lower_rio_grande_valley,out_of_season,lrgv_upper_mission_out_of_season,lrgv_upper_mission_evidence,planning,grain_sorghum,False,grain_oats,Grain oats,True,21,21,46.12,not_recommended,32.81,low,60.0,far_outside_planting_window,far_outside_planting_window,data/scenarios/results/lrgv_upper_mission/out_of_season.json
lrgv_upper_mission,lower_rio_grande_valley,out_of_season,lrgv_upper_mission_out_of_season,lrgv_upper_mission_evidence,planning,grain_sorghum,False,long_grain_rice,Long-grain rice,True,22,22,44.62,not_recommended,32.81,low,60.0,far_outside_planting_window,far_outside_planting_window,data/scenarios/results/lrgv_upper_mission/out_of_season.json
lrgv_upper_mission,lower_rio_grande_valley,no_irrigation,lrgv_upper_mission_no_irrigation,lrgv_upper_mission_evidence,planting_readiness,grain_sorghum,False,forage_sorghum,Forage sorghum,True,1,1,76.02,recommended,58.68,low,83.0,,,data/scenarios/results/lrgv_upper_mission/no_irrigation.json
lrgv_upper_mission,lower_rio_grande_valley,no_irrigation,lrgv_upper_mission_no_irrigation,lrgv_upper_mission_evidence,planting_readiness,grain_sorghum,False,sorghum_sudangrass,Sorghum-sudangrass,True,2,2,76.02,recommended,58.68,low,83.0,,,data/scenarios/results/lrgv_upper_mission/no_irrigation.json
lrgv_upper_mission,lower_rio_grande_valley,no_irrigation,lrgv_upper_mission_no_irrigation,lrgv_upper_mission_evidence,planting_readiness,grain_sorghum,True,grain_sorghum,Grain sorghum,True,3,3,66.53,conditional,69.08,medium,100.0,,,data/scenarios/results/lrgv_upper_mission/no_irrigation.json
lrgv_upper_mission,lower_rio_grande_valley,no_irrigation,lrgv_upper_mission_no_irrigation,lrgv_upper_mission_evidence,planting_readiness,grain_sorghum,False,oilseed_sunflower,Oilseed sunflower,True,4,4,59.52,conditional,58.68,low,83.0,,,data/scenarios/results/lrgv_upper_mission/no_irrigation.json
lrgv_upper_mission,lower_rio_grande_valley,no_irrigation,lrgv_upper_mission_no_irrigation,lrgv_upper_mission_evidence,planting_readiness,grain_sorghum,False,upland_cotton,Upland cotton,True,5,5,54.0,not_recommended,69.08,medium,100.0,far_outside_planting_window,far_outside_planting_window,data/scenarios/results/lrgv_upper_mission/no_irrigation.json
lrgv_upper_mission,lower_rio_grande_valley,no_irrigation,lrgv_upper_mission_no_irrigation,lrgv_upper_mission_evidence,planting_readiness,grain_sorghum,False,seedless_watermelon,Seedless watermelon,True,6,6,54.0,not_recommended,67.01,medium,83.0,far_outside_planting_window,far_outside_planting_window,data/scenarios/results/lrgv_upper_mission/no_irrigation.json
lrgv_upper_mission,lower_rio_grande_valley,no_irrigation,lrgv_upper_mission_no_irrigation,lrgv_upper_mission_evidence,planting_readiness,grain_sorghum,False,runner_peanut,Runner-type peanut,True,7,7,54.0,not_recommended,58.68,low,83.0,far_outside_planting_window,far_outside_planting_window,data/scenarios/results/lrgv_upper_mission/no_irrigation.json
lrgv_upper_mission,lower_rio_grande_valley,no_irrigation,lrgv_upper_mission_no_irrigation,lrgv_upper_mission_evidence,planting_readiness,grain_sorghum,False,sweet_potato,Sweet potato,True,8,8,54.0,not_recommended,58.68,low,83.0,far_outside_planting_window,far_outside_planting_window,data/scenarios/results/lrgv_upper_mission/no_irrigation.json
lrgv_upper_mission,lower_rio_grande_valley,no_irrigation,lrgv_upper_mission_no_irrigation,lrgv_upper_mission_evidence,planting_readiness,grain_sorghum,False,bermudagrass_hay,Bermudagrass grown for hay,True,9,9,54.0,not_recommended,56.51,low,80.0,far_outside_planting_window,far_outside_planting_window,data/scenarios/results/lrgv_upper_mission/no_irrigation.json
lrgv_upper_mission,lower_rio_grande_valley,no_irrigation,lrgv_upper_mission_no_irrigation,lrgv_upper_mission_evidence,planting_readiness,grain_sorghum,False,sesame,Sesame,True,10,10,54.0,not_recommended,48.57,low,80.0,far_outside_planting_window,far_outside_planting_window,data/scenarios/results/lrgv_upper_mission/no_irrigation.json
lrgv_upper_mission,lower_rio_grande_valley,no_irrigation,lrgv_upper_mission_no_irrigation,lrgv_upper_mission_evidence,planting_readiness,grain_sorghum,False,dry_bulb_onion,Dry-bulb onion,True,11,11,53.31,not_recommended,67.01,medium,83.0,required_irrigation_unavailable,required_irrigation_unavailable,data/scenarios/results/lrgv_upper_mission/no_irrigation.json
lrgv_upper_mission,lower_rio_grande_valley,no_irrigation,lrgv_upper_mission_no_irrigation,lrgv_upper_mission_evidence,planting_readiness,grain_sorghum,False,alfalfa_hay,Alfalfa grown for hay,True,12,12,51.11,not_recommended,51.0,low,83.0,far_outside_planting_window|required_irrigation_unavailable,far_outside_planting_window|required_irrigation_unavailable,data/scenarios/results/lrgv_upper_mission/no_irrigation.json
lrgv_upper_mission,lower_rio_grande_valley,no_irrigation,lrgv_upper_mission_no_irrigation,lrgv_upper_mission_evidence,planting_readiness,grain_sorghum,False,corn_grain,Corn grown for grain,True,13,13,47.88,not_recommended,69.08,medium,100.0,far_outside_planting_window,far_outside_planting_window,data/scenarios/results/lrgv_upper_mission/no_irrigation.json
lrgv_upper_mission,lower_rio_grande_valley,no_irrigation,lrgv_upper_mission_no_irrigation,lrgv_upper_mission_evidence,planting_readiness,grain_sorghum,False,white_potato,White potato,True,14,14,47.74,not_recommended,58.68,low,83.0,far_outside_planting_window,far_outside_planting_window,data/scenarios/results/lrgv_upper_mission/no_irrigation.json
lrgv_upper_mission,lower_rio_grande_valley,no_irrigation,lrgv_upper_mission_no_irrigation,lrgv_upper_mission_evidence,planting_readiness,grain_sorghum,False,fresh_market_cabbage,Fresh-market cabbage,True,15,15,47.65,not_recommended,67.01,medium,83.0,,,data/scenarios/results/lrgv_upper_mission/no_irrigation.json
lrgv_upper_mission,lower_rio_grande_valley,no_irrigation,lrgv_upper_mission_no_irrigation,lrgv_upper_mission_evidence,planting_readiness,grain_sorghum,False,fresh_market_spinach,Fresh-market spinach,True,16,16,44.82,not_recommended,67.01,medium,83.0,far_outside_planting_window,far_outside_planting_window,data/scenarios/results/lrgv_upper_mission/no_irrigation.json
lrgv_upper_mission,lower_rio_grande_valley,no_irrigation,lrgv_upper_mission_no_irrigation,lrgv_upper_mission_evidence,planting_readiness,grain_sorghum,False,corn_silage,Corn grown for silage,True,17,17,44.62,not_recommended,69.08,medium,100.0,far_outside_planting_window,far_outside_planting_window,data/scenarios/results/lrgv_upper_mission/no_irrigation.json
lrgv_upper_mission,lower_rio_grande_valley,no_irrigation,lrgv_upper_mission_no_irrigation,lrgv_upper_mission_evidence,planting_readiness,grain_sorghum,False,long_grain_rice,Long-grain rice,True,18,18,43.16,not_recommended,51.0,low,83.0,far_outside_planting_window|required_irrigation_unavailable,far_outside_planting_window|required_irrigation_unavailable,data/scenarios/results/lrgv_upper_mission/no_irrigation.json
lrgv_upper_mission,lower_rio_grande_valley,no_irrigation,lrgv_upper_mission_no_irrigation,lrgv_upper_mission_evidence,planting_readiness,grain_sorghum,False,soybean,Soybean,True,19,19,42.73,not_recommended,69.08,medium,100.0,far_outside_planting_window,far_outside_planting_window,data/scenarios/results/lrgv_upper_mission/no_irrigation.json
lrgv_upper_mission,lower_rio_grande_valley,no_irrigation,lrgv_upper_mission_no_irrigation,lrgv_upper_mission_evidence,planting_readiness,grain_sorghum,False,annual_ryegrass_forage,Annual ryegrass grown for forage,True,20,20,39.59,not_recommended,56.51,low,80.0,far_outside_planting_window,far_outside_planting_window,data/scenarios/results/lrgv_upper_mission/no_irrigation.json
lrgv_upper_mission,lower_rio_grande_valley,no_irrigation,lrgv_upper_mission_no_irrigation,lrgv_upper_mission_evidence,planting_readiness,grain_sorghum,False,hard_red_winter_wheat,Hard red winter wheat,True,21,21,34.38,not_recommended,69.08,medium,100.0,far_outside_planting_window,far_outside_planting_window,data/scenarios/results/lrgv_upper_mission/no_irrigation.json
lrgv_upper_mission,lower_rio_grande_valley,no_irrigation,lrgv_upper_mission_no_irrigation,lrgv_upper_mission_evidence,planting_readiness,grain_sorghum,False,grain_oats,Grain oats,True,22,22,32.98,not_recommended,61.41,low,100.0,far_outside_planting_window,far_outside_planting_window,data/scenarios/results/lrgv_upper_mission/no_irrigation.json
lrgv_upper_mission,lower_rio_grande_valley,reliable_irrigation,lrgv_upper_mission_reliable_irrigation,lrgv_upper_mission_evidence,planting_readiness,grain_sorghum,False,forage_sorghum,Forage sorghum,True,1,1,76.51,recommended,58.68,low,83.0,,,data/scenarios/results/lrgv_upper_mission/reliable_irrigation.json
lrgv_upper_mission,lower_rio_grande_valley,reliable_irrigation,lrgv_upper_mission_reliable_irrigation,lrgv_upper_mission_evidence,planting_readiness,grain_sorghum,False,sorghum_sudangrass,Sorghum-sudangrass,True,2,2,76.51,recommended,58.68,low,83.0,,,data/scenarios/results/lrgv_upper_mission/reliable_irrigation.json
lrgv_upper_mission,lower_rio_grande_valley,reliable_irrigation,lrgv_upper_mission_reliable_irrigation,lrgv_upper_mission_evidence,planting_readiness,grain_sorghum,True,grain_sorghum,Grain sorghum,True,3,3,66.92,conditional,69.08,medium,100.0,,,data/scenarios/results/lrgv_upper_mission/reliable_irrigation.json
lrgv_upper_mission,lower_rio_grande_valley,reliable_irrigation,lrgv_upper_mission_reliable_irrigation,lrgv_upper_mission_evidence,planting_readiness,grain_sorghum,False,oilseed_sunflower,Oilseed sunflower,True,4,4,60.0,conditional,58.68,low,83.0,,,data/scenarios/results/lrgv_upper_mission/reliable_irrigation.json
lrgv_upper_mission,lower_rio_grande_valley,reliable_irrigation,lrgv_upper_mission_reliable_irrigation,lrgv_upper_mission_evidence,planting_readiness,grain_sorghum,False,dry_bulb_onion,Dry-bulb onion,True,5,5,58.13,conditional,67.01,medium,83.0,,,data/scenarios/results/lrgv_upper_mission/reliable_irrigation.json
lrgv_upper_mission,lower_rio_grande_valley,reliable_irrigation,lrgv_upper_mission_reliable_irrigation,lrgv_upper_mission_evidence,planting_readiness,grain_sorghum,False,upland_cotton,Upland cotton,True,6,6,54.0,not_recommended,69.08,medium,100.0,far_outside_planting_window,far_outside_planting_window,data/scenarios/results/lrgv_upper_mission/reliable_irrigation.json
lrgv_upper_mission,lower_rio_grande_valley,reliable_irrigation,lrgv_upper_mission_reliable_irrigation,lrgv_upper_mission_evidence,planting_readiness,grain_sorghum,False,seedless_watermelon,Seedless watermelon,True,7,7,54.0,not_recommended,67.01,medium,83.0,far_outside_planting_window,far_outside_planting_window,data/scenarios/results/lrgv_upper_mission/reliable_irrigation.json
lrgv_upper_mission,lower_rio_grande_valley,reliable_irrigation,lrgv_upper_mission_reliable_irrigation,lrgv_upper_mission_evidence,planting_readiness,grain_sorghum,False,runner_peanut,Runner-type peanut,True,8,8,54.0,not_recommended,58.68,low,83.0,far_outside_planting_window,far_outside_planting_window,data/scenarios/results/lrgv_upper_mission/reliable_irrigation.json
lrgv_upper_mission,lower_rio_grande_valley,reliable_irrigation,lrgv_upper_mission_reliable_irrigation,lrgv_upper_mission_evidence,planting_readiness,grain_sorghum,False,sweet_potato,Sweet potato,True,9,9,54.0,not_recommended,58.68,low,83.0,far_outside_planting_window,far_outside_planting_window,data/scenarios/results/lrgv_upper_mission/reliable_irrigation.json
lrgv_upper_mission,lower_rio_grande_valley,reliable_irrigation,lrgv_upper_mission_reliable_irrigation,lrgv_upper_mission_evidence,planting_readiness,grain_sorghum,False,bermudagrass_hay,Bermudagrass grown for hay,True,10,10,54.0,not_recommended,56.51,low,80.0,far_outside_planting_window,far_outside_planting_window,data/scenarios/results/lrgv_upper_mission/reliable_irrigation.json
lrgv_upper_mission,lower_rio_grande_valley,reliable_irrigation,lrgv_upper_mission_reliable_irrigation,lrgv_upper_mission_evidence,planting_readiness,grain_sorghum,False,alfalfa_hay,Alfalfa grown for hay,True,11,11,54.0,not_recommended,51.0,low,83.0,far_outside_planting_window,far_outside_planting_window,data/scenarios/results/lrgv_upper_mission/reliable_irrigation.json
lrgv_upper_mission,lower_rio_grande_valley,reliable_irrigation,lrgv_upper_mission_reliable_irrigation,lrgv_upper_mission_evidence,planting_readiness,grain_sorghum,False,sesame,Sesame,True,12,12,54.0,not_recommended,48.57,low,80.0,far_outside_planting_window,far_outside_planting_window,data/scenarios/results/lrgv_upper_mission/reliable_irrigation.json
lrgv_upper_mission,lower_rio_grande_valley,reliable_irrigation,lrgv_upper_mission_reliable_irrigation,lrgv_upper_mission_evidence,planting_readiness,grain_sorghum,False,white_potato,White potato,True,13,13,50.87,not_recommended,58.68,low,83.0,far_outside_planting_window,far_outside_planting_window,data/scenarios/results/lrgv_upper_mission/reliable_irrigation.json
lrgv_upper_mission,lower_rio_grande_valley,reliable_irrigation,lrgv_upper_mission_reliable_irrigation,lrgv_upper_mission_evidence,planting_readiness,grain_sorghum,False,fresh_market_cabbage,Fresh-market cabbage,True,14,14,50.78,not_recommended,67.01,medium,83.0,,,data/scenarios/results/lrgv_upper_mission/reliable_irrigation.json
lrgv_upper_mission,lower_rio_grande_valley,reliable_irrigation,lrgv_upper_mission_reliable_irrigation,lrgv_upper_mission_evidence,planting_readiness,grain_sorghum,False,corn_grain,Corn grown for grain,True,15,15,49.48,not_recommended,69.08,medium,100.0,far_outside_planting_window,far_outside_planting_window,data/scenarios/results/lrgv_upper_mission/reliable_irrigation.json
lrgv_upper_mission,lower_rio_grande_valley,reliable_irrigation,lrgv_upper_mission_reliable_irrigation,lrgv_upper_mission_evidence,planting_readiness,grain_sorghum,False,long_grain_rice,Long-grain rice,True,16,16,47.98,not_recommended,51.0,low,83.0,far_outside_planting_window,far_outside_planting_window,data/scenarios/results/lrgv_upper_mission/reliable_irrigation.json
lrgv_upper_mission,lower_rio_grande_valley,reliable_irrigation,lrgv_upper_mission_reliable_irrigation,lrgv_upper_mission_evidence,planting_readiness,grain_sorghum,False,fresh_market_spinach,Fresh-market spinach,True,17,17,47.95,not_recommended,67.01,medium,83.0,far_outside_planting_window,far_outside_planting_window,data/scenarios/results/lrgv_upper_mission/reliable_irrigation.json
lrgv_upper_mission,lower_rio_grande_valley,reliable_irrigation,lrgv_upper_mission_reliable_irrigation,lrgv_upper_mission_evidence,planting_readiness,grain_sorghum,False,corn_silage,Corn grown for silage,True,18,18,47.23,not_recommended,69.08,medium,100.0,far_outside_planting_window,far_outside_planting_window,data/scenarios/results/lrgv_upper_mission/reliable_irrigation.json
lrgv_upper_mission,lower_rio_grande_valley,reliable_irrigation,lrgv_upper_mission_reliable_irrigation,lrgv_upper_mission_evidence,planting_readiness,grain_sorghum,False,soybean,Soybean,True,19,19,44.33,not_recommended,69.08,medium,100.0,far_outside_planting_window,far_outside_planting_window,data/scenarios/results/lrgv_upper_mission/reliable_irrigation.json
lrgv_upper_mission,lower_rio_grande_valley,reliable_irrigation,lrgv_upper_mission_reliable_irrigation,lrgv_upper_mission_evidence,planting_readiness,grain_sorghum,False,annual_ryegrass_forage,Annual ryegrass grown for forage,True,20,20,41.59,not_recommended,56.51,low,80.0,far_outside_planting_window,far_outside_planting_window,data/scenarios/results/lrgv_upper_mission/reliable_irrigation.json
lrgv_upper_mission,lower_rio_grande_valley,reliable_irrigation,lrgv_upper_mission_reliable_irrigation,lrgv_upper_mission_evidence,planting_readiness,grain_sorghum,False,hard_red_winter_wheat,Hard red winter wheat,True,21,21,35.98,not_recommended,69.08,medium,100.0,far_outside_planting_window,far_outside_planting_window,data/scenarios/results/lrgv_upper_mission/reliable_irrigation.json
lrgv_upper_mission,lower_rio_grande_valley,reliable_irrigation,lrgv_upper_mission_reliable_irrigation,lrgv_upper_mission_evidence,planting_readiness,grain_sorghum,False,grain_oats,Grain oats,True,22,22,34.58,not_recommended,61.41,low,100.0,far_outside_planting_window,far_outside_planting_window,data/scenarios/results/lrgv_upper_mission/reliable_irrigation.json
lrgv_upper_mission,lower_rio_grande_valley,missing_irrigation_lab_ph_override,lrgv_upper_mission_missing_irrigation_lab_ph_override,lrgv_upper_mission_evidence,planting_readiness,grain_sorghum,False,forage_sorghum,Forage sorghum,True,1,1,81.77,recommended,57.23,low,79.0,,,data/scenarios/results/lrgv_upper_mission/missing_irrigation_lab_ph_override.json
lrgv_upper_mission,lower_rio_grande_valley,missing_irrigation_lab_ph_override,lrgv_upper_mission_missing_irrigation_lab_ph_override,lrgv_upper_mission_evidence,planting_readiness,grain_sorghum,False,sorghum_sudangrass,Sorghum-sudangrass,True,2,2,81.77,recommended,57.23,low,79.0,,,data/scenarios/results/lrgv_upper_mission/missing_irrigation_lab_ph_override.json
lrgv_upper_mission,lower_rio_grande_valley,missing_irrigation_lab_ph_override,lrgv_upper_mission_missing_irrigation_lab_ph_override,lrgv_upper_mission_evidence,planting_readiness,grain_sorghum,True,grain_sorghum,Grain sorghum,True,3,3,70.86,conditional,67.64,medium,96.0,,,data/scenarios/results/lrgv_upper_mission/missing_irrigation_lab_ph_override.json
lrgv_upper_mission,lower_rio_grande_valley,missing_irrigation_lab_ph_override,lrgv_upper_mission_missing_irrigation_lab_ph_override,lrgv_upper_mission_evidence,planting_readiness,grain_sorghum,False,oilseed_sunflower,Oilseed sunflower,True,4,4,62.15,conditional,57.23,low,79.0,,,data/scenarios/results/lrgv_upper_mission/missing_irrigation_lab_ph_override.json
lrgv_upper_mission,lower_rio_grande_valley,missing_irrigation_lab_ph_override,lrgv_upper_mission_missing_irrigation_lab_ph_override,lrgv_upper_mission_evidence,planting_readiness,grain_sorghum,False,dry_bulb_onion,Dry-bulb onion,True,5,5,56.01,conditional,65.31,medium,79.0,,,data/scenarios/results/lrgv_upper_mission/missing_irrigation_lab_ph_override.json
lrgv_upper_mission,lower_rio_grande_valley,missing_irrigation_lab_ph_override,lrgv_upper_mission_missing_irrigation_lab_ph_override,lrgv_upper_mission_evidence,planting_readiness,grain_sorghum,False,upland_cotton,Upland cotton,True,6,6,54.0,not_recommended,67.64,medium,96.0,far_outside_planting_window,far_outside_planting_window,data/scenarios/results/lrgv_upper_mission/missing_irrigation_lab_ph_override.json
lrgv_upper_mission,lower_rio_grande_valley,missing_irrigation_lab_ph_override,lrgv_upper_mission_missing_irrigation_lab_ph_override,lrgv_upper_mission_evidence,planting_readiness,grain_sorghum,False,seedless_watermelon,Seedless watermelon,True,7,7,54.0,not_recommended,65.31,medium,79.0,far_outside_planting_window,far_outside_planting_window,data/scenarios/results/lrgv_upper_mission/missing_irrigation_lab_ph_override.json
lrgv_upper_mission,lower_rio_grande_valley,missing_irrigation_lab_ph_override,lrgv_upper_mission_missing_irrigation_lab_ph_override,lrgv_upper_mission_evidence,planting_readiness,grain_sorghum,False,runner_peanut,Runner-type peanut,True,8,8,54.0,not_recommended,57.23,low,79.0,far_outside_planting_window,far_outside_planting_window,data/scenarios/results/lrgv_upper_mission/missing_irrigation_lab_ph_override.json
lrgv_upper_mission,lower_rio_grande_valley,missing_irrigation_lab_ph_override,lrgv_upper_mission_missing_irrigation_lab_ph_override,lrgv_upper_mission_evidence,planting_readiness,grain_sorghum,False,sweet_potato,Sweet potato,True,9,9,54.0,not_recommended,57.23,low,79.0,far_outside_planting_window,far_outside_planting_window,data/scenarios/results/lrgv_upper_mission/missing_irrigation_lab_ph_override.json
lrgv_upper_mission,lower_rio_grande_valley,missing_irrigation_lab_ph_override,lrgv_upper_mission_missing_irrigation_lab_ph_override,lrgv_upper_mission_evidence,planting_readiness,grain_sorghum,False,bermudagrass_hay,Bermudagrass grown for hay,True,10,10,54.0,not_recommended,55.07,low,76.0,far_outside_planting_window,far_outside_planting_window,data/scenarios/results/lrgv_upper_mission/missing_irrigation_lab_ph_override.json
lrgv_upper_mission,lower_rio_grande_valley,missing_irrigation_lab_ph_override,lrgv_upper_mission_missing_irrigation_lab_ph_override,lrgv_upper_mission_evidence,planting_readiness,grain_sorghum,False,alfalfa_hay,Alfalfa grown for hay,True,11,11,54.0,not_recommended,49.56,low,79.0,far_outside_planting_window,far_outside_planting_window,data/scenarios/results/lrgv_upper_mission/missing_irrigation_lab_ph_override.json
lrgv_upper_mission,lower_rio_grande_valley,missing_irrigation_lab_ph_override,lrgv_upper_mission_missing_irrigation_lab_ph_override,lrgv_upper_mission_evidence,planting_readiness,grain_sorghum,False,sesame,Sesame,True,12,12,54.0,not_recommended,47.38,low,76.0,far_outside_planting_window,far_outside_planting_window,data/scenarios/results/lrgv_upper_mission/missing_irrigation_lab_ph_override.json
lrgv_upper_mission,lower_rio_grande_valley,missing_irrigation_lab_ph_override,lrgv_upper_mission_missing_irrigation_lab_ph_override,lrgv_upper_mission_evidence,planting_readiness,grain_sorghum,False,corn_grain,Corn grown for grain,True,13,13,52.68,not_recommended,67.64,medium,96.0,far_outside_planting_window,far_outside_planting_window,data/scenarios/results/lrgv_upper_mission/missing_irrigation_lab_ph_override.json
lrgv_upper_mission,lower_rio_grande_valley,missing_irrigation_lab_ph_override,lrgv_upper_mission_missing_irrigation_lab_ph_override,lrgv_upper_mission_evidence,planting_readiness,grain_sorghum,False,fresh_market_cabbage,Fresh-market cabbage,True,14,14,52.47,not_recommended,65.31,medium,79.0,,,data/scenarios/results/lrgv_upper_mission/missing_irrigation_lab_ph_override.json
lrgv_upper_mission,lower_rio_grande_valley,missing_irrigation_lab_ph_override,lrgv_upper_mission_missing_irrigation_lab_ph_override,lrgv_upper_mission_evidence,planting_readiness,grain_sorghum,False,long_grain_rice,Long-grain rice,True,15,15,51.8,not_recommended,49.56,low,79.0,far_outside_planting_window,far_outside_planting_window,data/scenarios/results/lrgv_upper_mission/missing_irrigation_lab_ph_override.json
lrgv_upper_mission,lower_rio_grande_valley,missing_irrigation_lab_ph_override,lrgv_upper_mission_missing_irrigation_lab_ph_override,lrgv_upper_mission_evidence,planting_readiness,grain_sorghum,False,corn_silage,Corn grown for silage,True,16,16,50.34,not_recommended,67.64,medium,96.0,far_outside_planting_window,far_outside_planting_window,data/scenarios/results/lrgv_upper_mission/missing_irrigation_lab_ph_override.json
lrgv_upper_mission,lower_rio_grande_valley,missing_irrigation_lab_ph_override,lrgv_upper_mission_missing_irrigation_lab_ph_override,lrgv_upper_mission_evidence,planting_readiness,grain_sorghum,False,white_potato,White potato,True,17,17,50.28,not_recommended,57.23,low,79.0,far_outside_planting_window,far_outside_planting_window,data/scenarios/results/lrgv_upper_mission/missing_irrigation_lab_ph_override.json
lrgv_upper_mission,lower_rio_grande_valley,missing_irrigation_lab_ph_override,lrgv_upper_mission_missing_irrigation_lab_ph_override,lrgv_upper_mission_evidence,planting_readiness,grain_sorghum,False,soybean,Soybean,True,18,18,47.32,not_recommended,67.64,medium,96.0,far_outside_planting_window,far_outside_planting_window,data/scenarios/results/lrgv_upper_mission/missing_irrigation_lab_ph_override.json
lrgv_upper_mission,lower_rio_grande_valley,missing_irrigation_lab_ph_override,lrgv_upper_mission_missing_irrigation_lab_ph_override,lrgv_upper_mission_evidence,planting_readiness,grain_sorghum,False,fresh_market_spinach,Fresh-market spinach,True,19,19,47.22,not_recommended,65.31,medium,79.0,far_outside_planting_window,far_outside_planting_window,data/scenarios/results/lrgv_upper_mission/missing_irrigation_lab_ph_override.json
lrgv_upper_mission,lower_rio_grande_valley,missing_irrigation_lab_ph_override,lrgv_upper_mission_missing_irrigation_lab_ph_override,lrgv_upper_mission_evidence,planting_readiness,grain_sorghum,False,annual_ryegrass_forage,Annual ryegrass grown for forage,True,20,20,45.23,not_recommended,55.07,low,76.0,far_outside_planting_window,far_outside_planting_window,data/scenarios/results/lrgv_upper_mission/missing_irrigation_lab_ph_override.json
lrgv_upper_mission,lower_rio_grande_valley,missing_irrigation_lab_ph_override,lrgv_upper_mission_missing_irrigation_lab_ph_override,lrgv_upper_mission_evidence,planting_readiness,grain_sorghum,False,hard_red_winter_wheat,Hard red winter wheat,True,21,21,38.62,not_recommended,67.64,medium,96.0,far_outside_planting_window,far_outside_planting_window,data/scenarios/results/lrgv_upper_mission/missing_irrigation_lab_ph_override.json
lrgv_upper_mission,lower_rio_grande_valley,missing_irrigation_lab_ph_override,lrgv_upper_mission_missing_irrigation_lab_ph_override,lrgv_upper_mission_evidence,planting_readiness,grain_sorghum,False,grain_oats,Grain oats,True,22,22,37.16,not_recommended,59.96,low,96.0,far_outside_planting_window,far_outside_planting_window,data/scenarios/results/lrgv_upper_mission/missing_irrigation_lab_ph_override.json
lrgv_mid_weslaco,lower_rio_grande_valley,in_season_baseline,lrgv_mid_weslaco_in_season_baseline,lrgv_mid_weslaco_evidence,planting_readiness,grain_sorghum,False,forage_sorghum,Forage sorghum,True,1,1,76.02,recommended,58.68,low,83.0,,,data/scenarios/results/lrgv_mid_weslaco/in_season_baseline.json
lrgv_mid_weslaco,lower_rio_grande_valley,in_season_baseline,lrgv_mid_weslaco_in_season_baseline,lrgv_mid_weslaco_evidence,planting_readiness,grain_sorghum,False,sorghum_sudangrass,Sorghum-sudangrass,True,2,2,76.02,recommended,58.68,low,83.0,,,data/scenarios/results/lrgv_mid_weslaco/in_season_baseline.json
lrgv_mid_weslaco,lower_rio_grande_valley,in_season_baseline,lrgv_mid_weslaco_in_season_baseline,lrgv_mid_weslaco_evidence,planting_readiness,grain_sorghum,True,grain_sorghum,Grain sorghum,True,3,3,72.15,conditional,69.08,medium,100.0,,,data/scenarios/results/lrgv_mid_weslaco/in_season_baseline.json
lrgv_mid_weslaco,lower_rio_grande_valley,in_season_baseline,lrgv_mid_weslaco_in_season_baseline,lrgv_mid_weslaco_evidence,planting_readiness,grain_sorghum,False,oilseed_sunflower,Oilseed sunflower,True,4,4,59.52,conditional,58.68,low,83.0,,,data/scenarios/results/lrgv_mid_weslaco/in_season_baseline.json
lrgv_mid_weslaco,lower_rio_grande_valley,in_season_baseline,lrgv_mid_weslaco_in_season_baseline,lrgv_mid_weslaco_evidence,planting_readiness,grain_sorghum,False,dry_bulb_onion,Dry-bulb onion,True,5,5,56.69,conditional,67.01,medium,83.0,,,data/scenarios/results/lrgv_mid_weslaco/in_season_baseline.json
lrgv_mid_weslaco,lower_rio_grande_valley,in_season_baseline,lrgv_mid_weslaco_in_season_baseline,lrgv_mid_weslaco_evidence,planting_readiness,grain_sorghum,False,upland_cotton,Upland cotton,True,6,6,54.0,not_recommended,69.08,medium,100.0,far_outside_planting_window,far_outside_planting_window,data/scenarios/results/lrgv_mid_weslaco/in_season_baseline.json
lrgv_mid_weslaco,lower_rio_grande_valley,in_season_baseline,lrgv_mid_weslaco_in_season_baseline,lrgv_mid_weslaco_evidence,planting_readiness,grain_sorghum,False,seedless_watermelon,Seedless watermelon,True,7,7,54.0,not_recommended,67.01,medium,83.0,far_outside_planting_window,far_outside_planting_window,data/scenarios/results/lrgv_mid_weslaco/in_season_baseline.json
lrgv_mid_weslaco,lower_rio_grande_valley,in_season_baseline,lrgv_mid_weslaco_in_season_baseline,lrgv_mid_weslaco_evidence,planting_readiness,grain_sorghum,False,runner_peanut,Runner-type peanut,True,8,8,54.0,not_recommended,58.68,low,83.0,far_outside_planting_window,far_outside_planting_window,data/scenarios/results/lrgv_mid_weslaco/in_season_baseline.json
lrgv_mid_weslaco,lower_rio_grande_valley,in_season_baseline,lrgv_mid_weslaco_in_season_baseline,lrgv_mid_weslaco_evidence,planting_readiness,grain_sorghum,False,sweet_potato,Sweet potato,True,9,9,54.0,not_recommended,58.68,low,83.0,far_outside_planting_window,far_outside_planting_window,data/scenarios/results/lrgv_mid_weslaco/in_season_baseline.json
lrgv_mid_weslaco,lower_rio_grande_valley,in_season_baseline,lrgv_mid_weslaco_in_season_baseline,lrgv_mid_weslaco_evidence,planting_readiness,grain_sorghum,False,bermudagrass_hay,Bermudagrass grown for hay,True,10,10,54.0,not_recommended,56.51,low,80.0,far_outside_planting_window,far_outside_planting_window,data/scenarios/results/lrgv_mid_weslaco/in_season_baseline.json
lrgv_mid_weslaco,lower_rio_grande_valley,in_season_baseline,lrgv_mid_weslaco_in_season_baseline,lrgv_mid_weslaco_evidence,planting_readiness,grain_sorghum,False,alfalfa_hay,Alfalfa grown for hay,True,11,11,54.0,not_recommended,51.0,low,83.0,far_outside_planting_window,far_outside_planting_window,data/scenarios/results/lrgv_mid_weslaco/in_season_baseline.json
lrgv_mid_weslaco,lower_rio_grande_valley,in_season_baseline,lrgv_mid_weslaco_in_season_baseline,lrgv_mid_weslaco_evidence,planting_readiness,grain_sorghum,False,sesame,Sesame,True,12,12,54.0,not_recommended,48.57,low,80.0,far_outside_planting_window,far_outside_planting_window,data/scenarios/results/lrgv_mid_weslaco/in_season_baseline.json
lrgv_mid_weslaco,lower_rio_grande_valley,in_season_baseline,lrgv_mid_weslaco_in_season_baseline,lrgv_mid_weslaco_evidence,planting_readiness,grain_sorghum,False,white_potato,White potato,True,13,13,49.43,not_recommended,58.68,low,83.0,far_outside_planting_window,far_outside_planting_window,data/scenarios/results/lrgv_mid_weslaco/in_season_baseline.json
lrgv_mid_weslaco,lower_rio_grande_valley,in_season_baseline,lrgv_mid_weslaco_in_season_baseline,lrgv_mid_weslaco_evidence,planting_readiness,grain_sorghum,False,fresh_market_cabbage,Fresh-market cabbage,True,14,14,49.34,not_recommended,67.01,medium,83.0,,,data/scenarios/results/lrgv_mid_weslaco/in_season_baseline.json
lrgv_mid_weslaco,lower_rio_grande_valley,in_season_baseline,lrgv_mid_weslaco_in_season_baseline,lrgv_mid_weslaco_evidence,planting_readiness,grain_sorghum,False,corn_grain,Corn grown for grain,True,15,15,48.27,not_recommended,69.08,medium,100.0,far_outside_planting_window,far_outside_planting_window,data/scenarios/results/lrgv_mid_weslaco/in_season_baseline.json
lrgv_mid_weslaco,lower_rio_grande_valley,in_season_baseline,lrgv_mid_weslaco_in_season_baseline,lrgv_mid_weslaco_evidence,planting_readiness,grain_sorghum,False,long_grain_rice,Long-grain rice,True,16,16,46.54,not_recommended,51.0,low,83.0,far_outside_planting_window,far_outside_planting_window,data/scenarios/results/lrgv_mid_weslaco/in_season_baseline.json
lrgv_mid_weslaco,lower_rio_grande_valley,in_season_baseline,lrgv_mid_weslaco_in_season_baseline,lrgv_mid_weslaco_evidence,planting_readiness,grain_sorghum,False,fresh_market_spinach,Fresh-market spinach,True,17,17,46.51,not_recommended,67.01,medium,83.0,far_outside_planting_window,far_outside_planting_window,data/scenarios/results/lrgv_mid_weslaco/in_season_baseline.json
lrgv_mid_weslaco,lower_rio_grande_valley,in_season_baseline,lrgv_mid_weslaco_in_season_baseline,lrgv_mid_weslaco_evidence,planting_readiness,grain_sorghum,False,corn_silage,Corn grown for silage,True,18,18,46.02,not_recommended,69.08,medium,100.0,far_outside_planting_window,far_outside_planting_window,data/scenarios/results/lrgv_mid_weslaco/in_season_baseline.json
lrgv_mid_weslaco,lower_rio_grande_valley,in_season_baseline,lrgv_mid_weslaco_in_season_baseline,lrgv_mid_weslaco_evidence,planting_readiness,grain_sorghum,False,soybean,Soybean,True,19,19,43.12,not_recommended,69.08,medium,100.0,far_outside_planting_window,far_outside_planting_window,data/scenarios/results/lrgv_mid_weslaco/in_season_baseline.json
lrgv_mid_weslaco,lower_rio_grande_valley,in_season_baseline,lrgv_mid_weslaco_in_season_baseline,lrgv_mid_weslaco_evidence,planting_readiness,grain_sorghum,False,annual_ryegrass_forage,Annual ryegrass grown for forage,True,20,20,40.09,not_recommended,56.51,low,80.0,far_outside_planting_window,far_outside_planting_window,data/scenarios/results/lrgv_mid_weslaco/in_season_baseline.json
lrgv_mid_weslaco,lower_rio_grande_valley,in_season_baseline,lrgv_mid_weslaco_in_season_baseline,lrgv_mid_weslaco_evidence,planting_readiness,grain_sorghum,False,hard_red_winter_wheat,Hard red winter wheat,True,21,21,34.77,not_recommended,69.08,medium,100.0,far_outside_planting_window,far_outside_planting_window,data/scenarios/results/lrgv_mid_weslaco/in_season_baseline.json
lrgv_mid_weslaco,lower_rio_grande_valley,in_season_baseline,lrgv_mid_weslaco_in_season_baseline,lrgv_mid_weslaco_evidence,planting_readiness,grain_sorghum,False,grain_oats,Grain oats,True,22,22,33.38,not_recommended,61.41,low,100.0,far_outside_planting_window,far_outside_planting_window,data/scenarios/results/lrgv_mid_weslaco/in_season_baseline.json
lrgv_mid_weslaco,lower_rio_grande_valley,out_of_season,lrgv_mid_weslaco_out_of_season,lrgv_mid_weslaco_evidence,planning,grain_sorghum,False,white_potato,White potato,True,1,1,87.12,recommended,40.49,low,60.0,,,data/scenarios/results/lrgv_mid_weslaco/out_of_season.json
lrgv_mid_weslaco,lower_rio_grande_valley,out_of_season,lrgv_mid_weslaco_out_of_season,lrgv_mid_weslaco_evidence,planning,grain_sorghum,False,dry_bulb_onion,Dry-bulb onion,True,2,2,84.83,recommended,47.11,low,60.0,,,data/scenarios/results/lrgv_mid_weslaco/out_of_season.json
lrgv_mid_weslaco,lower_rio_grande_valley,out_of_season,lrgv_mid_weslaco_out_of_season,lrgv_mid_weslaco_evidence,planning,grain_sorghum,False,fresh_market_spinach,Fresh-market spinach,True,3,3,83.08,recommended,47.11,low,60.0,,,data/scenarios/results/lrgv_mid_weslaco/out_of_season.json
lrgv_mid_weslaco,lower_rio_grande_valley,out_of_season,lrgv_mid_weslaco_out_of_season,lrgv_mid_weslaco_evidence,planning,grain_sorghum,False,fresh_market_cabbage,Fresh-market cabbage,True,4,4,74.33,conditional,47.11,low,60.0,,,data/scenarios/results/lrgv_mid_weslaco/out_of_season.json
lrgv_mid_weslaco,lower_rio_grande_valley,out_of_season,lrgv_mid_weslaco_out_of_season,lrgv_mid_weslaco_evidence,planning,grain_sorghum,False,hard_red_winter_wheat,Hard red winter wheat,True,5,5,70.96,conditional,40.49,low,60.0,,,data/scenarios/results/lrgv_mid_weslaco/out_of_season.json
lrgv_mid_weslaco,lower_rio_grande_valley,out_of_season,lrgv_mid_weslaco_out_of_season,lrgv_mid_weslaco_evidence,planning,grain_sorghum,False,annual_ryegrass_forage,Annual ryegrass grown for forage,True,6,6,68.62,conditional,40.49,low,60.0,,,data/scenarios/results/lrgv_mid_weslaco/out_of_season.json
lrgv_mid_weslaco,lower_rio_grande_valley,out_of_season,lrgv_mid_weslaco_out_of_season,lrgv_mid_weslaco_evidence,planning,grain_sorghum,False,seedless_watermelon,Seedless watermelon,True,7,7,54.0,not_recommended,47.11,low,60.0,far_outside_planting_window,far_outside_planting_window,data/scenarios/results/lrgv_mid_weslaco/out_of_season.json
lrgv_mid_weslaco,lower_rio_grande_valley,out_of_season,lrgv_mid_weslaco_out_of_season,lrgv_mid_weslaco_evidence,planning,grain_sorghum,False,bermudagrass_hay,Bermudagrass grown for hay,True,8,8,54.0,not_recommended,40.49,low,60.0,far_outside_planting_window,far_outside_planting_window,data/scenarios/results/lrgv_mid_weslaco/out_of_season.json
lrgv_mid_weslaco,lower_rio_grande_valley,out_of_season,lrgv_mid_weslaco_out_of_season,lrgv_mid_weslaco_evidence,planning,grain_sorghum,False,corn_grain,Corn grown for grain,True,9,9,54.0,not_recommended,40.49,low,60.0,far_outside_planting_window,far_outside_planting_window,data/scenarios/results/lrgv_mid_weslaco/out_of_season.json
lrgv_mid_weslaco,lower_rio_grande_valley,out_of_season,lrgv_mid_weslaco_out_of_season,lrgv_mid_weslaco_evidence,planning,grain_sorghum,False,forage_sorghum,Forage sorghum,True,10,10,54.0,not_recommended,40.49,low,60.0,far_outside_planting_window,far_outside_planting_window,data/scenarios/results/lrgv_mid_weslaco/out_of_season.json
lrgv_mid_weslaco,lower_rio_grande_valley,out_of_season,lrgv_mid_weslaco_out_of_season,lrgv_mid_weslaco_evidence,planning,grain_sorghum,True,grain_sorghum,Grain sorghum,True,11,11,54.0,not_recommended,40.49,low,60.0,far_outside_planting_window,far_outside_planting_window,data/scenarios/results/lrgv_mid_weslaco/out_of_season.json
lrgv_mid_weslaco,lower_rio_grande_valley,out_of_season,lrgv_mid_weslaco_out_of_season,lrgv_mid_weslaco_evidence,planning,grain_sorghum,False,oilseed_sunflower,Oilseed sunflower,True,12,12,54.0,not_recommended,40.49,low,60.0,far_outside_planting_window,far_outside_planting_window,data/scenarios/results/lrgv_mid_weslaco/out_of_season.json
lrgv_mid_weslaco,lower_rio_grande_valley,out_of_season,lrgv_mid_weslaco_out_of_season,lrgv_mid_weslaco_evidence,planning,grain_sorghum,False,runner_peanut,Runner-type peanut,True,13,13,54.0,not_recommended,40.49,low,60.0,far_outside_planting_window,far_outside_planting_window,data/scenarios/results/lrgv_mid_weslaco/out_of_season.json
lrgv_mid_weslaco,lower_rio_grande_valley,out_of_season,lrgv_mid_weslaco_out_of_season,lrgv_mid_weslaco_evidence,planning,grain_sorghum,False,sorghum_sudangrass,Sorghum-sudangrass,True,14,14,54.0,not_recommended,40.49,low,60.0,far_outside_planting_window,far_outside_planting_window,data/scenarios/results/lrgv_mid_weslaco/out_of_season.json
lrgv_mid_weslaco,lower_rio_grande_valley,out_of_season,lrgv_mid_weslaco_out_of_season,lrgv_mid_weslaco_evidence,planning,grain_sorghum,False,sweet_potato,Sweet potato,True,15,15,54.0,not_recommended,40.49,low,60.0,far_outside_planting_window,far_outside_planting_window,data/scenarios/results/lrgv_mid_weslaco/out_of_season.json
lrgv_mid_weslaco,lower_rio_grande_valley,out_of_season,lrgv_mid_weslaco_out_of_season,lrgv_mid_weslaco_evidence,planning,grain_sorghum,False,upland_cotton,Upland cotton,True,16,16,54.0,not_recommended,40.49,low,60.0,far_outside_planting_window,far_outside_planting_window,data/scenarios/results/lrgv_mid_weslaco/out_of_season.json
lrgv_mid_weslaco,lower_rio_grande_valley,out_of_season,lrgv_mid_weslaco_out_of_season,lrgv_mid_weslaco_evidence,planning,grain_sorghum,False,sesame,Sesame,True,17,17,54.0,not_recommended,33.87,low,60.0,far_outside_planting_window,far_outside_planting_window,data/scenarios/results/lrgv_mid_weslaco/out_of_season.json
lrgv_mid_weslaco,lower_rio_grande_valley,out_of_season,lrgv_mid_weslaco_out_of_season,lrgv_mid_weslaco_evidence,planning,grain_sorghum,False,alfalfa_hay,Alfalfa grown for hay,True,18,18,54.0,not_recommended,32.81,low,60.0,far_outside_planting_window,far_outside_planting_window,data/scenarios/results/lrgv_mid_weslaco/out_of_season.json
lrgv_mid_weslaco,lower_rio_grande_valley,out_of_season,lrgv_mid_weslaco_out_of_season,lrgv_mid_weslaco_evidence,planning,grain_sorghum,False,corn_silage,Corn grown for silage,True,19,19,53.12,not_recommended,40.49,low,60.0,far_outside_planting_window,far_outside_planting_window,data/scenarios/results/lrgv_mid_weslaco/out_of_season.json
lrgv_mid_weslaco,lower_rio_grande_valley,out_of_season,lrgv_mid_weslaco_out_of_season,lrgv_mid_weslaco_evidence,planning,grain_sorghum,False,soybean,Soybean,True,20,20,52.54,not_recommended,40.49,low,60.0,far_outside_planting_window,far_outside_planting_window,data/scenarios/results/lrgv_mid_weslaco/out_of_season.json
lrgv_mid_weslaco,lower_rio_grande_valley,out_of_season,lrgv_mid_weslaco_out_of_season,lrgv_mid_weslaco_evidence,planning,grain_sorghum,False,grain_oats,Grain oats,True,21,21,46.12,not_recommended,32.81,low,60.0,far_outside_planting_window,far_outside_planting_window,data/scenarios/results/lrgv_mid_weslaco/out_of_season.json
lrgv_mid_weslaco,lower_rio_grande_valley,out_of_season,lrgv_mid_weslaco_out_of_season,lrgv_mid_weslaco_evidence,planning,grain_sorghum,False,long_grain_rice,Long-grain rice,True,22,22,44.62,not_recommended,32.81,low,60.0,far_outside_planting_window,far_outside_planting_window,data/scenarios/results/lrgv_mid_weslaco/out_of_season.json
lrgv_mid_weslaco,lower_rio_grande_valley,no_irrigation,lrgv_mid_weslaco_no_irrigation,lrgv_mid_weslaco_evidence,planting_readiness,grain_sorghum,False,forage_sorghum,Forage sorghum,True,1,1,76.02,recommended,58.68,low,83.0,,,data/scenarios/results/lrgv_mid_weslaco/no_irrigation.json
lrgv_mid_weslaco,lower_rio_grande_valley,no_irrigation,lrgv_mid_weslaco_no_irrigation,lrgv_mid_weslaco_evidence,planting_readiness,grain_sorghum,False,sorghum_sudangrass,Sorghum-sudangrass,True,2,2,76.02,recommended,58.68,low,83.0,,,data/scenarios/results/lrgv_mid_weslaco/no_irrigation.json
lrgv_mid_weslaco,lower_rio_grande_valley,no_irrigation,lrgv_mid_weslaco_no_irrigation,lrgv_mid_weslaco_evidence,planting_readiness,grain_sorghum,True,grain_sorghum,Grain sorghum,True,3,3,72.15,conditional,69.08,medium,100.0,,,data/scenarios/results/lrgv_mid_weslaco/no_irrigation.json
lrgv_mid_weslaco,lower_rio_grande_valley,no_irrigation,lrgv_mid_weslaco_no_irrigation,lrgv_mid_weslaco_evidence,planting_readiness,grain_sorghum,False,oilseed_sunflower,Oilseed sunflower,True,4,4,59.52,conditional,58.68,low,83.0,,,data/scenarios/results/lrgv_mid_weslaco/no_irrigation.json
lrgv_mid_weslaco,lower_rio_grande_valley,no_irrigation,lrgv_mid_weslaco_no_irrigation,lrgv_mid_weslaco_evidence,planting_readiness,grain_sorghum,False,upland_cotton,Upland cotton,True,5,5,54.0,not_recommended,69.08,medium,100.0,far_outside_planting_window,far_outside_planting_window,data/scenarios/results/lrgv_mid_weslaco/no_irrigation.json
lrgv_mid_weslaco,lower_rio_grande_valley,no_irrigation,lrgv_mid_weslaco_no_irrigation,lrgv_mid_weslaco_evidence,planting_readiness,grain_sorghum,False,seedless_watermelon,Seedless watermelon,True,6,6,54.0,not_recommended,67.01,medium,83.0,far_outside_planting_window,far_outside_planting_window,data/scenarios/results/lrgv_mid_weslaco/no_irrigation.json
lrgv_mid_weslaco,lower_rio_grande_valley,no_irrigation,lrgv_mid_weslaco_no_irrigation,lrgv_mid_weslaco_evidence,planting_readiness,grain_sorghum,False,runner_peanut,Runner-type peanut,True,7,7,54.0,not_recommended,58.68,low,83.0,far_outside_planting_window,far_outside_planting_window,data/scenarios/results/lrgv_mid_weslaco/no_irrigation.json
lrgv_mid_weslaco,lower_rio_grande_valley,no_irrigation,lrgv_mid_weslaco_no_irrigation,lrgv_mid_weslaco_evidence,planting_readiness,grain_sorghum,False,sweet_potato,Sweet potato,True,8,8,54.0,not_recommended,58.68,low,83.0,far_outside_planting_window,far_outside_planting_window,data/scenarios/results/lrgv_mid_weslaco/no_irrigation.json
lrgv_mid_weslaco,lower_rio_grande_valley,no_irrigation,lrgv_mid_weslaco_no_irrigation,lrgv_mid_weslaco_evidence,planting_readiness,grain_sorghum,False,bermudagrass_hay,Bermudagrass grown for hay,True,9,9,54.0,not_recommended,56.51,low,80.0,far_outside_planting_window,far_outside_planting_window,data/scenarios/results/lrgv_mid_weslaco/no_irrigation.json
lrgv_mid_weslaco,lower_rio_grande_valley,no_irrigation,lrgv_mid_weslaco_no_irrigation,lrgv_mid_weslaco_evidence,planting_readiness,grain_sorghum,False,sesame,Sesame,True,10,10,54.0,not_recommended,48.57,low,80.0,far_outside_planting_window,far_outside_planting_window,data/scenarios/results/lrgv_mid_weslaco/no_irrigation.json
lrgv_mid_weslaco,lower_rio_grande_valley,no_irrigation,lrgv_mid_weslaco_no_irrigation,lrgv_mid_weslaco_evidence,planting_readiness,grain_sorghum,False,dry_bulb_onion,Dry-bulb onion,True,11,11,53.31,not_recommended,67.01,medium,83.0,required_irrigation_unavailable,required_irrigation_unavailable,data/scenarios/results/lrgv_mid_weslaco/no_irrigation.json
lrgv_mid_weslaco,lower_rio_grande_valley,no_irrigation,lrgv_mid_weslaco_no_irrigation,lrgv_mid_weslaco_evidence,planting_readiness,grain_sorghum,False,alfalfa_hay,Alfalfa grown for hay,True,12,12,51.11,not_recommended,51.0,low,83.0,far_outside_planting_window|required_irrigation_unavailable,far_outside_planting_window|required_irrigation_unavailable,data/scenarios/results/lrgv_mid_weslaco/no_irrigation.json
lrgv_mid_weslaco,lower_rio_grande_valley,no_irrigation,lrgv_mid_weslaco_no_irrigation,lrgv_mid_weslaco_evidence,planting_readiness,grain_sorghum,False,corn_grain,Corn grown for grain,True,13,13,47.88,not_recommended,69.08,medium,100.0,far_outside_planting_window,far_outside_planting_window,data/scenarios/results/lrgv_mid_weslaco/no_irrigation.json
lrgv_mid_weslaco,lower_rio_grande_valley,no_irrigation,lrgv_mid_weslaco_no_irrigation,lrgv_mid_weslaco_evidence,planting_readiness,grain_sorghum,False,white_potato,White potato,True,14,14,47.74,not_recommended,58.68,low,83.0,far_outside_planting_window,far_outside_planting_window,data/scenarios/results/lrgv_mid_weslaco/no_irrigation.json
lrgv_mid_weslaco,lower_rio_grande_valley,no_irrigation,lrgv_mid_weslaco_no_irrigation,lrgv_mid_weslaco_evidence,planting_readiness,grain_sorghum,False,fresh_market_cabbage,Fresh-market cabbage,True,15,15,47.65,not_recommended,67.01,medium,83.0,,,data/scenarios/results/lrgv_mid_weslaco/no_irrigation.json
lrgv_mid_weslaco,lower_rio_grande_valley,no_irrigation,lrgv_mid_weslaco_no_irrigation,lrgv_mid_weslaco_evidence,planting_readiness,grain_sorghum,False,fresh_market_spinach,Fresh-market spinach,True,16,16,44.82,not_recommended,67.01,medium,83.0,far_outside_planting_window,far_outside_planting_window,data/scenarios/results/lrgv_mid_weslaco/no_irrigation.json
lrgv_mid_weslaco,lower_rio_grande_valley,no_irrigation,lrgv_mid_weslaco_no_irrigation,lrgv_mid_weslaco_evidence,planting_readiness,grain_sorghum,False,corn_silage,Corn grown for silage,True,17,17,44.62,not_recommended,69.08,medium,100.0,far_outside_planting_window,far_outside_planting_window,data/scenarios/results/lrgv_mid_weslaco/no_irrigation.json
lrgv_mid_weslaco,lower_rio_grande_valley,no_irrigation,lrgv_mid_weslaco_no_irrigation,lrgv_mid_weslaco_evidence,planting_readiness,grain_sorghum,False,long_grain_rice,Long-grain rice,True,18,18,43.16,not_recommended,51.0,low,83.0,far_outside_planting_window|required_irrigation_unavailable,far_outside_planting_window|required_irrigation_unavailable,data/scenarios/results/lrgv_mid_weslaco/no_irrigation.json
lrgv_mid_weslaco,lower_rio_grande_valley,no_irrigation,lrgv_mid_weslaco_no_irrigation,lrgv_mid_weslaco_evidence,planting_readiness,grain_sorghum,False,soybean,Soybean,True,19,19,42.73,not_recommended,69.08,medium,100.0,far_outside_planting_window,far_outside_planting_window,data/scenarios/results/lrgv_mid_weslaco/no_irrigation.json
lrgv_mid_weslaco,lower_rio_grande_valley,no_irrigation,lrgv_mid_weslaco_no_irrigation,lrgv_mid_weslaco_evidence,planting_readiness,grain_sorghum,False,annual_ryegrass_forage,Annual ryegrass grown for forage,True,20,20,39.59,not_recommended,56.51,low,80.0,far_outside_planting_window,far_outside_planting_window,data/scenarios/results/lrgv_mid_weslaco/no_irrigation.json
lrgv_mid_weslaco,lower_rio_grande_valley,no_irrigation,lrgv_mid_weslaco_no_irrigation,lrgv_mid_weslaco_evidence,planting_readiness,grain_sorghum,False,hard_red_winter_wheat,Hard red winter wheat,True,21,21,34.38,not_recommended,69.08,medium,100.0,far_outside_planting_window,far_outside_planting_window,data/scenarios/results/lrgv_mid_weslaco/no_irrigation.json
lrgv_mid_weslaco,lower_rio_grande_valley,no_irrigation,lrgv_mid_weslaco_no_irrigation,lrgv_mid_weslaco_evidence,planting_readiness,grain_sorghum,False,grain_oats,Grain oats,True,22,22,32.98,not_recommended,61.41,low,100.0,far_outside_planting_window,far_outside_planting_window,data/scenarios/results/lrgv_mid_weslaco/no_irrigation.json
lrgv_mid_weslaco,lower_rio_grande_valley,reliable_irrigation,lrgv_mid_weslaco_reliable_irrigation,lrgv_mid_weslaco_evidence,planting_readiness,grain_sorghum,False,forage_sorghum,Forage sorghum,True,1,1,76.51,recommended,58.68,low,83.0,,,data/scenarios/results/lrgv_mid_weslaco/reliable_irrigation.json
lrgv_mid_weslaco,lower_rio_grande_valley,reliable_irrigation,lrgv_mid_weslaco_reliable_irrigation,lrgv_mid_weslaco_evidence,planting_readiness,grain_sorghum,False,sorghum_sudangrass,Sorghum-sudangrass,True,2,2,76.51,recommended,58.68,low,83.0,,,data/scenarios/results/lrgv_mid_weslaco/reliable_irrigation.json
lrgv_mid_weslaco,lower_rio_grande_valley,reliable_irrigation,lrgv_mid_weslaco_reliable_irrigation,lrgv_mid_weslaco_evidence,planting_readiness,grain_sorghum,True,grain_sorghum,Grain sorghum,True,3,3,72.55,conditional,69.08,medium,100.0,,,data/scenarios/results/lrgv_mid_weslaco/reliable_irrigation.json
lrgv_mid_weslaco,lower_rio_grande_valley,reliable_irrigation,lrgv_mid_weslaco_reliable_irrigation,lrgv_mid_weslaco_evidence,planting_readiness,grain_sorghum,False,oilseed_sunflower,Oilseed sunflower,True,4,4,60.0,conditional,58.68,low,83.0,,,data/scenarios/results/lrgv_mid_weslaco/reliable_irrigation.json
lrgv_mid_weslaco,lower_rio_grande_valley,reliable_irrigation,lrgv_mid_weslaco_reliable_irrigation,lrgv_mid_weslaco_evidence,planting_readiness,grain_sorghum,False,dry_bulb_onion,Dry-bulb onion,True,5,5,58.13,conditional,67.01,medium,83.0,,,data/scenarios/results/lrgv_mid_weslaco/reliable_irrigation.json
lrgv_mid_weslaco,lower_rio_grande_valley,reliable_irrigation,lrgv_mid_weslaco_reliable_irrigation,lrgv_mid_weslaco_evidence,planting_readiness,grain_sorghum,False,upland_cotton,Upland cotton,True,6,6,54.0,not_recommended,69.08,medium,100.0,far_outside_planting_window,far_outside_planting_window,data/scenarios/results/lrgv_mid_weslaco/reliable_irrigation.json
lrgv_mid_weslaco,lower_rio_grande_valley,reliable_irrigation,lrgv_mid_weslaco_reliable_irrigation,lrgv_mid_weslaco_evidence,planting_readiness,grain_sorghum,False,seedless_watermelon,Seedless watermelon,True,7,7,54.0,not_recommended,67.01,medium,83.0,far_outside_planting_window,far_outside_planting_window,data/scenarios/results/lrgv_mid_weslaco/reliable_irrigation.json
lrgv_mid_weslaco,lower_rio_grande_valley,reliable_irrigation,lrgv_mid_weslaco_reliable_irrigation,lrgv_mid_weslaco_evidence,planting_readiness,grain_sorghum,False,runner_peanut,Runner-type peanut,True,8,8,54.0,not_recommended,58.68,low,83.0,far_outside_planting_window,far_outside_planting_window,data/scenarios/results/lrgv_mid_weslaco/reliable_irrigation.json
lrgv_mid_weslaco,lower_rio_grande_valley,reliable_irrigation,lrgv_mid_weslaco_reliable_irrigation,lrgv_mid_weslaco_evidence,planting_readiness,grain_sorghum,False,sweet_potato,Sweet potato,True,9,9,54.0,not_recommended,58.68,low,83.0,far_outside_planting_window,far_outside_planting_window,data/scenarios/results/lrgv_mid_weslaco/reliable_irrigation.json
lrgv_mid_weslaco,lower_rio_grande_valley,reliable_irrigation,lrgv_mid_weslaco_reliable_irrigation,lrgv_mid_weslaco_evidence,planting_readiness,grain_sorghum,False,bermudagrass_hay,Bermudagrass grown for hay,True,10,10,54.0,not_recommended,56.51,low,80.0,far_outside_planting_window,far_outside_planting_window,data/scenarios/results/lrgv_mid_weslaco/reliable_irrigation.json
lrgv_mid_weslaco,lower_rio_grande_valley,reliable_irrigation,lrgv_mid_weslaco_reliable_irrigation,lrgv_mid_weslaco_evidence,planting_readiness,grain_sorghum,False,alfalfa_hay,Alfalfa grown for hay,True,11,11,54.0,not_recommended,51.0,low,83.0,far_outside_planting_window,far_outside_planting_window,data/scenarios/results/lrgv_mid_weslaco/reliable_irrigation.json
lrgv_mid_weslaco,lower_rio_grande_valley,reliable_irrigation,lrgv_mid_weslaco_reliable_irrigation,lrgv_mid_weslaco_evidence,planting_readiness,grain_sorghum,False,sesame,Sesame,True,12,12,54.0,not_recommended,48.57,low,80.0,far_outside_planting_window,far_outside_planting_window,data/scenarios/results/lrgv_mid_weslaco/reliable_irrigation.json
lrgv_mid_weslaco,lower_rio_grande_valley,reliable_irrigation,lrgv_mid_weslaco_reliable_irrigation,lrgv_mid_weslaco_evidence,planting_readiness,grain_sorghum,False,white_potato,White potato,True,13,13,50.87,not_recommended,58.68,low,83.0,far_outside_planting_window,far_outside_planting_window,data/scenarios/results/lrgv_mid_weslaco/reliable_irrigation.json
lrgv_mid_weslaco,lower_rio_grande_valley,reliable_irrigation,lrgv_mid_weslaco_reliable_irrigation,lrgv_mid_weslaco_evidence,planting_readiness,grain_sorghum,False,fresh_market_cabbage,Fresh-market cabbage,True,14,14,50.78,not_recommended,67.01,medium,83.0,,,data/scenarios/results/lrgv_mid_weslaco/reliable_irrigation.json
lrgv_mid_weslaco,lower_rio_grande_valley,reliable_irrigation,lrgv_mid_weslaco_reliable_irrigation,lrgv_mid_weslaco_evidence,planting_readiness,grain_sorghum,False,corn_grain,Corn grown for grain,True,15,15,49.48,not_recommended,69.08,medium,100.0,far_outside_planting_window,far_outside_planting_window,data/scenarios/results/lrgv_mid_weslaco/reliable_irrigation.json
lrgv_mid_weslaco,lower_rio_grande_valley,reliable_irrigation,lrgv_mid_weslaco_reliable_irrigation,lrgv_mid_weslaco_evidence,planting_readiness,grain_sorghum,False,long_grain_rice,Long-grain rice,True,16,16,47.98,not_recommended,51.0,low,83.0,far_outside_planting_window,far_outside_planting_window,data/scenarios/results/lrgv_mid_weslaco/reliable_irrigation.json
lrgv_mid_weslaco,lower_rio_grande_valley,reliable_irrigation,lrgv_mid_weslaco_reliable_irrigation,lrgv_mid_weslaco_evidence,planting_readiness,grain_sorghum,False,fresh_market_spinach,Fresh-market spinach,True,17,17,47.95,not_recommended,67.01,medium,83.0,far_outside_planting_window,far_outside_planting_window,data/scenarios/results/lrgv_mid_weslaco/reliable_irrigation.json
lrgv_mid_weslaco,lower_rio_grande_valley,reliable_irrigation,lrgv_mid_weslaco_reliable_irrigation,lrgv_mid_weslaco_evidence,planting_readiness,grain_sorghum,False,corn_silage,Corn grown for silage,True,18,18,47.23,not_recommended,69.08,medium,100.0,far_outside_planting_window,far_outside_planting_window,data/scenarios/results/lrgv_mid_weslaco/reliable_irrigation.json
lrgv_mid_weslaco,lower_rio_grande_valley,reliable_irrigation,lrgv_mid_weslaco_reliable_irrigation,lrgv_mid_weslaco_evidence,planting_readiness,grain_sorghum,False,soybean,Soybean,True,19,19,44.33,not_recommended,69.08,medium,100.0,far_outside_planting_window,far_outside_planting_window,data/scenarios/results/lrgv_mid_weslaco/reliable_irrigation.json
lrgv_mid_weslaco,lower_rio_grande_valley,reliable_irrigation,lrgv_mid_weslaco_reliable_irrigation,lrgv_mid_weslaco_evidence,planting_readiness,grain_sorghum,False,annual_ryegrass_forage,Annual ryegrass grown for forage,True,20,20,41.59,not_recommended,56.51,low,80.0,far_outside_planting_window,far_outside_planting_window,data/scenarios/results/lrgv_mid_weslaco/reliable_irrigation.json
lrgv_mid_weslaco,lower_rio_grande_valley,reliable_irrigation,lrgv_mid_weslaco_reliable_irrigation,lrgv_mid_weslaco_evidence,planting_readiness,grain_sorghum,False,hard_red_winter_wheat,Hard red winter wheat,True,21,21,35.98,not_recommended,69.08,medium,100.0,far_outside_planting_window,far_outside_planting_window,data/scenarios/results/lrgv_mid_weslaco/reliable_irrigation.json
lrgv_mid_weslaco,lower_rio_grande_valley,reliable_irrigation,lrgv_mid_weslaco_reliable_irrigation,lrgv_mid_weslaco_evidence,planting_readiness,grain_sorghum,False,grain_oats,Grain oats,True,22,22,34.58,not_recommended,61.41,low,100.0,far_outside_planting_window,far_outside_planting_window,data/scenarios/results/lrgv_mid_weslaco/reliable_irrigation.json
lrgv_mid_weslaco,lower_rio_grande_valley,missing_irrigation_lab_ph_override,lrgv_mid_weslaco_missing_irrigation_lab_ph_override,lrgv_mid_weslaco_evidence,planting_readiness,grain_sorghum,False,forage_sorghum,Forage sorghum,True,1,1,81.77,recommended,57.23,low,79.0,,,data/scenarios/results/lrgv_mid_weslaco/missing_irrigation_lab_ph_override.json
lrgv_mid_weslaco,lower_rio_grande_valley,missing_irrigation_lab_ph_override,lrgv_mid_weslaco_missing_irrigation_lab_ph_override,lrgv_mid_weslaco_evidence,planting_readiness,grain_sorghum,False,sorghum_sudangrass,Sorghum-sudangrass,True,2,2,81.77,recommended,57.23,low,79.0,,,data/scenarios/results/lrgv_mid_weslaco/missing_irrigation_lab_ph_override.json
lrgv_mid_weslaco,lower_rio_grande_valley,missing_irrigation_lab_ph_override,lrgv_mid_weslaco_missing_irrigation_lab_ph_override,lrgv_mid_weslaco_evidence,planting_readiness,grain_sorghum,True,grain_sorghum,Grain sorghum,True,3,3,76.72,recommended,67.64,medium,96.0,,,data/scenarios/results/lrgv_mid_weslaco/missing_irrigation_lab_ph_override.json
lrgv_mid_weslaco,lower_rio_grande_valley,missing_irrigation_lab_ph_override,lrgv_mid_weslaco_missing_irrigation_lab_ph_override,lrgv_mid_weslaco_evidence,planting_readiness,grain_sorghum,False,oilseed_sunflower,Oilseed sunflower,True,4,4,62.15,conditional,57.23,low,79.0,,,data/scenarios/results/lrgv_mid_weslaco/missing_irrigation_lab_ph_override.json
lrgv_mid_weslaco,lower_rio_grande_valley,missing_irrigation_lab_ph_override,lrgv_mid_weslaco_missing_irrigation_lab_ph_override,lrgv_mid_weslaco_evidence,planting_readiness,grain_sorghum,False,dry_bulb_onion,Dry-bulb onion,True,5,5,56.01,conditional,65.31,medium,79.0,,,data/scenarios/results/lrgv_mid_weslaco/missing_irrigation_lab_ph_override.json
lrgv_mid_weslaco,lower_rio_grande_valley,missing_irrigation_lab_ph_override,lrgv_mid_weslaco_missing_irrigation_lab_ph_override,lrgv_mid_weslaco_evidence,planting_readiness,grain_sorghum,False,upland_cotton,Upland cotton,True,6,6,54.0,not_recommended,67.64,medium,96.0,far_outside_planting_window,far_outside_planting_window,data/scenarios/results/lrgv_mid_weslaco/missing_irrigation_lab_ph_override.json
lrgv_mid_weslaco,lower_rio_grande_valley,missing_irrigation_lab_ph_override,lrgv_mid_weslaco_missing_irrigation_lab_ph_override,lrgv_mid_weslaco_evidence,planting_readiness,grain_sorghum,False,seedless_watermelon,Seedless watermelon,True,7,7,54.0,not_recommended,65.31,medium,79.0,far_outside_planting_window,far_outside_planting_window,data/scenarios/results/lrgv_mid_weslaco/missing_irrigation_lab_ph_override.json
lrgv_mid_weslaco,lower_rio_grande_valley,missing_irrigation_lab_ph_override,lrgv_mid_weslaco_missing_irrigation_lab_ph_override,lrgv_mid_weslaco_evidence,planting_readiness,grain_sorghum,False,runner_peanut,Runner-type peanut,True,8,8,54.0,not_recommended,57.23,low,79.0,far_outside_planting_window,far_outside_planting_window,data/scenarios/results/lrgv_mid_weslaco/missing_irrigation_lab_ph_override.json
lrgv_mid_weslaco,lower_rio_grande_valley,missing_irrigation_lab_ph_override,lrgv_mid_weslaco_missing_irrigation_lab_ph_override,lrgv_mid_weslaco_evidence,planting_readiness,grain_sorghum,False,sweet_potato,Sweet potato,True,9,9,54.0,not_recommended,57.23,low,79.0,far_outside_planting_window,far_outside_planting_window,data/scenarios/results/lrgv_mid_weslaco/missing_irrigation_lab_ph_override.json
lrgv_mid_weslaco,lower_rio_grande_valley,missing_irrigation_lab_ph_override,lrgv_mid_weslaco_missing_irrigation_lab_ph_override,lrgv_mid_weslaco_evidence,planting_readiness,grain_sorghum,False,bermudagrass_hay,Bermudagrass grown for hay,True,10,10,54.0,not_recommended,55.07,low,76.0,far_outside_planting_window,far_outside_planting_window,data/scenarios/results/lrgv_mid_weslaco/missing_irrigation_lab_ph_override.json
lrgv_mid_weslaco,lower_rio_grande_valley,missing_irrigation_lab_ph_override,lrgv_mid_weslaco_missing_irrigation_lab_ph_override,lrgv_mid_weslaco_evidence,planting_readiness,grain_sorghum,False,alfalfa_hay,Alfalfa grown for hay,True,11,11,54.0,not_recommended,49.56,low,79.0,far_outside_planting_window,far_outside_planting_window,data/scenarios/results/lrgv_mid_weslaco/missing_irrigation_lab_ph_override.json
lrgv_mid_weslaco,lower_rio_grande_valley,missing_irrigation_lab_ph_override,lrgv_mid_weslaco_missing_irrigation_lab_ph_override,lrgv_mid_weslaco_evidence,planting_readiness,grain_sorghum,False,sesame,Sesame,True,12,12,54.0,not_recommended,47.38,low,76.0,far_outside_planting_window,far_outside_planting_window,data/scenarios/results/lrgv_mid_weslaco/missing_irrigation_lab_ph_override.json
lrgv_mid_weslaco,lower_rio_grande_valley,missing_irrigation_lab_ph_override,lrgv_mid_weslaco_missing_irrigation_lab_ph_override,lrgv_mid_weslaco_evidence,planting_readiness,grain_sorghum,False,corn_grain,Corn grown for grain,True,13,13,52.68,not_recommended,67.64,medium,96.0,far_outside_planting_window,far_outside_planting_window,data/scenarios/results/lrgv_mid_weslaco/missing_irrigation_lab_ph_override.json
lrgv_mid_weslaco,lower_rio_grande_valley,missing_irrigation_lab_ph_override,lrgv_mid_weslaco_missing_irrigation_lab_ph_override,lrgv_mid_weslaco_evidence,planting_readiness,grain_sorghum,False,fresh_market_cabbage,Fresh-market cabbage,True,14,14,52.47,not_recommended,65.31,medium,79.0,,,data/scenarios/results/lrgv_mid_weslaco/missing_irrigation_lab_ph_override.json
lrgv_mid_weslaco,lower_rio_grande_valley,missing_irrigation_lab_ph_override,lrgv_mid_weslaco_missing_irrigation_lab_ph_override,lrgv_mid_weslaco_evidence,planting_readiness,grain_sorghum,False,long_grain_rice,Long-grain rice,True,15,15,51.8,not_recommended,49.56,low,79.0,far_outside_planting_window,far_outside_planting_window,data/scenarios/results/lrgv_mid_weslaco/missing_irrigation_lab_ph_override.json
lrgv_mid_weslaco,lower_rio_grande_valley,missing_irrigation_lab_ph_override,lrgv_mid_weslaco_missing_irrigation_lab_ph_override,lrgv_mid_weslaco_evidence,planting_readiness,grain_sorghum,False,corn_silage,Corn grown for silage,True,16,16,50.34,not_recommended,67.64,medium,96.0,far_outside_planting_window,far_outside_planting_window,data/scenarios/results/lrgv_mid_weslaco/missing_irrigation_lab_ph_override.json
lrgv_mid_weslaco,lower_rio_grande_valley,missing_irrigation_lab_ph_override,lrgv_mid_weslaco_missing_irrigation_lab_ph_override,lrgv_mid_weslaco_evidence,planting_readiness,grain_sorghum,False,white_potato,White potato,True,17,17,50.28,not_recommended,57.23,low,79.0,far_outside_planting_window,far_outside_planting_window,data/scenarios/results/lrgv_mid_weslaco/missing_irrigation_lab_ph_override.json
lrgv_mid_weslaco,lower_rio_grande_valley,missing_irrigation_lab_ph_override,lrgv_mid_weslaco_missing_irrigation_lab_ph_override,lrgv_mid_weslaco_evidence,planting_readiness,grain_sorghum,False,soybean,Soybean,True,18,18,47.32,not_recommended,67.64,medium,96.0,far_outside_planting_window,far_outside_planting_window,data/scenarios/results/lrgv_mid_weslaco/missing_irrigation_lab_ph_override.json
lrgv_mid_weslaco,lower_rio_grande_valley,missing_irrigation_lab_ph_override,lrgv_mid_weslaco_missing_irrigation_lab_ph_override,lrgv_mid_weslaco_evidence,planting_readiness,grain_sorghum,False,fresh_market_spinach,Fresh-market spinach,True,19,19,47.22,not_recommended,65.31,medium,79.0,far_outside_planting_window,far_outside_planting_window,data/scenarios/results/lrgv_mid_weslaco/missing_irrigation_lab_ph_override.json
lrgv_mid_weslaco,lower_rio_grande_valley,missing_irrigation_lab_ph_override,lrgv_mid_weslaco_missing_irrigation_lab_ph_override,lrgv_mid_weslaco_evidence,planting_readiness,grain_sorghum,False,annual_ryegrass_forage,Annual ryegrass grown for forage,True,20,20,45.23,not_recommended,55.07,low,76.0,far_outside_planting_window,far_outside_planting_window,data/scenarios/results/lrgv_mid_weslaco/missing_irrigation_lab_ph_override.json
lrgv_mid_weslaco,lower_rio_grande_valley,missing_irrigation_lab_ph_override,lrgv_mid_weslaco_missing_irrigation_lab_ph_override,lrgv_mid_weslaco_evidence,planting_readiness,grain_sorghum,False,hard_red_winter_wheat,Hard red winter wheat,True,21,21,38.62,not_recommended,67.64,medium,96.0,far_outside_planting_window,far_outside_planting_window,data/scenarios/results/lrgv_mid_weslaco/missing_irrigation_lab_ph_override.json
lrgv_mid_weslaco,lower_rio_grande_valley,missing_irrigation_lab_ph_override,lrgv_mid_weslaco_missing_irrigation_lab_ph_override,lrgv_mid_weslaco_evidence,planting_readiness,grain_sorghum,False,grain_oats,Grain oats,True,22,22,37.16,not_recommended,59.96,low,96.0,far_outside_planting_window,far_outside_planting_window,data/scenarios/results/lrgv_mid_weslaco/missing_irrigation_lab_ph_override.json
lrgv_lower_san_benito,lower_rio_grande_valley,in_season_baseline,lrgv_lower_san_benito_in_season_baseline,lrgv_lower_san_benito_evidence,planting_readiness,grain_sorghum,False,forage_sorghum,Forage sorghum,True,1,1,75.06,recommended,58.68,low,83.0,,,data/scenarios/results/lrgv_lower_san_benito/in_season_baseline.json
lrgv_lower_san_benito,lower_rio_grande_valley,in_season_baseline,lrgv_lower_san_benito_in_season_baseline,lrgv_lower_san_benito_evidence,planting_readiness,grain_sorghum,False,sorghum_sudangrass,Sorghum-sudangrass,True,2,2,75.06,recommended,58.68,low,83.0,,,data/scenarios/results/lrgv_lower_san_benito/in_season_baseline.json
lrgv_lower_san_benito,lower_rio_grande_valley,in_season_baseline,lrgv_lower_san_benito_in_season_baseline,lrgv_lower_san_benito_evidence,planting_readiness,grain_sorghum,True,grain_sorghum,Grain sorghum,True,3,3,69.85,conditional,69.08,medium,100.0,,,data/scenarios/results/lrgv_lower_san_benito/in_season_baseline.json
lrgv_lower_san_benito,lower_rio_grande_valley,in_season_baseline,lrgv_lower_san_benito_in_season_baseline,lrgv_lower_san_benito_evidence,planting_readiness,grain_sorghum,False,oilseed_sunflower,Oilseed sunflower,True,4,4,59.52,conditional,58.68,low,83.0,,,data/scenarios/results/lrgv_lower_san_benito/in_season_baseline.json
lrgv_lower_san_benito,lower_rio_grande_valley,in_season_baseline,lrgv_lower_san_benito_in_season_baseline,lrgv_lower_san_benito_evidence,planting_readiness,grain_sorghum,False,dry_bulb_onion,Dry-bulb onion,True,5,5,54.88,not_recommended,67.01,medium,83.0,,,data/scenarios/results/lrgv_lower_san_benito/in_season_baseline.json
lrgv_lower_san_benito,lower_rio_grande_valley,in_season_baseline,lrgv_lower_san_benito_in_season_baseline,lrgv_lower_san_benito_evidence,planting_readiness,grain_sorghum,False,upland_cotton,Upland cotton,True,6,6,54.0,not_recommended,69.08,medium,100.0,far_outside_planting_window,far_outside_planting_window,data/scenarios/results/lrgv_lower_san_benito/in_season_baseline.json
lrgv_lower_san_benito,lower_rio_grande_valley,in_season_baseline,lrgv_lower_san_benito_in_season_baseline,lrgv_lower_san_benito_evidence,planting_readiness,grain_sorghum,False,seedless_watermelon,Seedless watermelon,True,7,7,54.0,not_recommended,67.01,medium,83.0,far_outside_planting_window,far_outside_planting_window,data/scenarios/results/lrgv_lower_san_benito/in_season_baseline.json
lrgv_lower_san_benito,lower_rio_grande_valley,in_season_baseline,lrgv_lower_san_benito_in_season_baseline,lrgv_lower_san_benito_evidence,planting_readiness,grain_sorghum,False,sweet_potato,Sweet potato,True,8,8,54.0,not_recommended,58.68,low,83.0,far_outside_planting_window,far_outside_planting_window,data/scenarios/results/lrgv_lower_san_benito/in_season_baseline.json
lrgv_lower_san_benito,lower_rio_grande_valley,in_season_baseline,lrgv_lower_san_benito_in_season_baseline,lrgv_lower_san_benito_evidence,planting_readiness,grain_sorghum,False,bermudagrass_hay,Bermudagrass grown for hay,True,9,9,54.0,not_recommended,56.51,low,80.0,far_outside_planting_window,far_outside_planting_window,data/scenarios/results/lrgv_lower_san_benito/in_season_baseline.json
lrgv_lower_san_benito,lower_rio_grande_valley,in_season_baseline,lrgv_lower_san_benito_in_season_baseline,lrgv_lower_san_benito_evidence,planting_readiness,grain_sorghum,False,sesame,Sesame,True,10,10,54.0,not_recommended,48.57,low,80.0,far_outside_planting_window,far_outside_planting_window,data/scenarios/results/lrgv_lower_san_benito/in_season_baseline.json
lrgv_lower_san_benito,lower_rio_grande_valley,in_season_baseline,lrgv_lower_san_benito_in_season_baseline,lrgv_lower_san_benito_evidence,planting_readiness,grain_sorghum,False,alfalfa_hay,Alfalfa grown for hay,True,11,11,50.51,not_recommended,51.0,low,83.0,far_outside_planting_window,far_outside_planting_window,data/scenarios/results/lrgv_lower_san_benito/in_season_baseline.json
lrgv_lower_san_benito,lower_rio_grande_valley,in_season_baseline,lrgv_lower_san_benito_in_season_baseline,lrgv_lower_san_benito_evidence,planting_readiness,grain_sorghum,False,long_grain_rice,Long-grain rice,True,12,12,50.15,not_recommended,51.0,low,83.0,far_outside_planting_window,far_outside_planting_window,data/scenarios/results/lrgv_lower_san_benito/in_season_baseline.json
lrgv_lower_san_benito,lower_rio_grande_valley,in_season_baseline,lrgv_lower_san_benito_in_season_baseline,lrgv_lower_san_benito_evidence,planting_readiness,grain_sorghum,False,fresh_market_cabbage,Fresh-market cabbage,True,13,13,49.34,not_recommended,67.01,medium,83.0,,,data/scenarios/results/lrgv_lower_san_benito/in_season_baseline.json
lrgv_lower_san_benito,lower_rio_grande_valley,in_season_baseline,lrgv_lower_san_benito_in_season_baseline,lrgv_lower_san_benito_evidence,planting_readiness,grain_sorghum,False,runner_peanut,Runner-type peanut,True,14,14,48.04,not_recommended,58.68,low,83.0,far_outside_planting_window,far_outside_planting_window,data/scenarios/results/lrgv_lower_san_benito/in_season_baseline.json
lrgv_lower_san_benito,lower_rio_grande_valley,in_season_baseline,lrgv_lower_san_benito_in_season_baseline,lrgv_lower_san_benito_evidence,planting_readiness,grain_sorghum,False,corn_grain,Corn grown for grain,True,15,15,47.48,not_recommended,69.08,medium,100.0,far_outside_planting_window,far_outside_planting_window,data/scenarios/results/lrgv_lower_san_benito/in_season_baseline.json
lrgv_lower_san_benito,lower_rio_grande_valley,in_season_baseline,lrgv_lower_san_benito_in_season_baseline,lrgv_lower_san_benito_evidence,planting_readiness,grain_sorghum,False,fresh_market_spinach,Fresh-market spinach,True,16,16,46.51,not_recommended,67.01,medium,83.0,far_outside_planting_window,far_outside_planting_window,data/scenarios/results/lrgv_lower_san_benito/in_season_baseline.json
lrgv_lower_san_benito,lower_rio_grande_valley,in_season_baseline,lrgv_lower_san_benito_in_season_baseline,lrgv_lower_san_benito_evidence,planting_readiness,grain_sorghum,False,corn_silage,Corn grown for silage,True,17,17,45.23,not_recommended,69.08,medium,100.0,far_outside_planting_window,far_outside_planting_window,data/scenarios/results/lrgv_lower_san_benito/in_season_baseline.json
lrgv_lower_san_benito,lower_rio_grande_valley,in_season_baseline,lrgv_lower_san_benito_in_season_baseline,lrgv_lower_san_benito_evidence,planting_readiness,grain_sorghum,False,soybean,Soybean,True,18,18,43.12,not_recommended,69.08,medium,100.0,far_outside_planting_window,far_outside_planting_window,data/scenarios/results/lrgv_lower_san_benito/in_season_baseline.json
lrgv_lower_san_benito,lower_rio_grande_valley,in_season_baseline,lrgv_lower_san_benito_in_season_baseline,lrgv_lower_san_benito_evidence,planting_readiness,grain_sorghum,False,white_potato,White potato,True,19,19,42.8,not_recommended,58.68,low,83.0,far_outside_planting_window,far_outside_planting_window,data/scenarios/results/lrgv_lower_san_benito/in_season_baseline.json
lrgv_lower_san_benito,lower_rio_grande_valley,in_season_baseline,lrgv_lower_san_benito_in_season_baseline,lrgv_lower_san_benito_evidence,planting_readiness,grain_sorghum,False,annual_ryegrass_forage,Annual ryegrass grown for forage,True,20,20,38.84,not_recommended,56.51,low,80.0,far_outside_planting_window,far_outside_planting_window,data/scenarios/results/lrgv_lower_san_benito/in_season_baseline.json
lrgv_lower_san_benito,lower_rio_grande_valley,in_season_baseline,lrgv_lower_san_benito_in_season_baseline,lrgv_lower_san_benito_evidence,planting_readiness,grain_sorghum,False,hard_red_winter_wheat,Hard red winter wheat,True,21,21,33.98,not_recommended,69.08,medium,100.0,far_outside_planting_window,far_outside_planting_window,data/scenarios/results/lrgv_lower_san_benito/in_season_baseline.json
lrgv_lower_san_benito,lower_rio_grande_valley,in_season_baseline,lrgv_lower_san_benito_in_season_baseline,lrgv_lower_san_benito_evidence,planting_readiness,grain_sorghum,False,grain_oats,Grain oats,True,22,22,32.58,not_recommended,61.41,low,100.0,far_outside_planting_window,far_outside_planting_window,data/scenarios/results/lrgv_lower_san_benito/in_season_baseline.json
lrgv_lower_san_benito,lower_rio_grande_valley,out_of_season,lrgv_lower_san_benito_out_of_season,lrgv_lower_san_benito_evidence,planning,grain_sorghum,False,dry_bulb_onion,Dry-bulb onion,True,1,1,82.33,recommended,47.11,low,60.0,,,data/scenarios/results/lrgv_lower_san_benito/out_of_season.json
lrgv_lower_san_benito,lower_rio_grande_valley,out_of_season,lrgv_lower_san_benito_out_of_season,lrgv_lower_san_benito_evidence,planning,grain_sorghum,False,fresh_market_spinach,Fresh-market spinach,True,2,2,80.42,recommended,47.11,low,60.0,,,data/scenarios/results/lrgv_lower_san_benito/out_of_season.json
lrgv_lower_san_benito,lower_rio_grande_valley,out_of_season,lrgv_lower_san_benito_out_of_season,lrgv_lower_san_benito_evidence,planning,grain_sorghum,False,white_potato,White potato,True,3,3,75.29,recommended,40.49,low,60.0,,,data/scenarios/results/lrgv_lower_san_benito/out_of_season.json
lrgv_lower_san_benito,lower_rio_grande_valley,out_of_season,lrgv_lower_san_benito_out_of_season,lrgv_lower_san_benito_evidence,planning,grain_sorghum,False,fresh_market_cabbage,Fresh-market cabbage,True,4,4,74.33,conditional,47.11,low,60.0,,,data/scenarios/results/lrgv_lower_san_benito/out_of_season.json
lrgv_lower_san_benito,lower_rio_grande_valley,out_of_season,lrgv_lower_san_benito_out_of_season,lrgv_lower_san_benito_evidence,planning,grain_sorghum,False,hard_red_winter_wheat,Hard red winter wheat,True,5,5,72.29,conditional,40.49,low,60.0,,,data/scenarios/results/lrgv_lower_san_benito/out_of_season.json
lrgv_lower_san_benito,lower_rio_grande_valley,out_of_season,lrgv_lower_san_benito_out_of_season,lrgv_lower_san_benito_evidence,planning,grain_sorghum,False,annual_ryegrass_forage,Annual ryegrass grown for forage,True,6,6,66.96,conditional,40.49,low,60.0,,,data/scenarios/results/lrgv_lower_san_benito/out_of_season.json
lrgv_lower_san_benito,lower_rio_grande_valley,out_of_season,lrgv_lower_san_benito_out_of_season,lrgv_lower_san_benito_evidence,planning,grain_sorghum,False,seedless_watermelon,Seedless watermelon,True,7,7,54.0,not_recommended,47.11,low,60.0,far_outside_planting_window,far_outside_planting_window,data/scenarios/results/lrgv_lower_san_benito/out_of_season.json
lrgv_lower_san_benito,lower_rio_grande_valley,out_of_season,lrgv_lower_san_benito_out_of_season,lrgv_lower_san_benito_evidence,planning,grain_sorghum,False,bermudagrass_hay,Bermudagrass grown for hay,True,8,8,54.0,not_recommended,40.49,low,60.0,far_outside_planting_window,far_outside_planting_window,data/scenarios/results/lrgv_lower_san_benito/out_of_season.json
lrgv_lower_san_benito,lower_rio_grande_valley,out_of_season,lrgv_lower_san_benito_out_of_season,lrgv_lower_san_benito_evidence,planning,grain_sorghum,False,corn_grain,Corn grown for grain,True,9,9,54.0,not_recommended,40.49,low,60.0,far_outside_planting_window,far_outside_planting_window,data/scenarios/results/lrgv_lower_san_benito/out_of_season.json
lrgv_lower_san_benito,lower_rio_grande_valley,out_of_season,lrgv_lower_san_benito_out_of_season,lrgv_lower_san_benito_evidence,planning,grain_sorghum,False,corn_silage,Corn grown for silage,True,10,10,54.0,not_recommended,40.49,low,60.0,far_outside_planting_window,far_outside_planting_window,data/scenarios/results/lrgv_lower_san_benito/out_of_season.json
lrgv_lower_san_benito,lower_rio_grande_valley,out_of_season,lrgv_lower_san_benito_out_of_season,lrgv_lower_san_benito_evidence,planning,grain_sorghum,False,forage_sorghum,Forage sorghum,True,11,11,54.0,not_recommended,40.49,low,60.0,far_outside_planting_window,far_outside_planting_window,data/scenarios/results/lrgv_lower_san_benito/out_of_season.json
lrgv_lower_san_benito,lower_rio_grande_valley,out_of_season,lrgv_lower_san_benito_out_of_season,lrgv_lower_san_benito_evidence,planning,grain_sorghum,True,grain_sorghum,Grain sorghum,True,12,12,54.0,not_recommended,40.49,low,60.0,far_outside_planting_window,far_outside_planting_window,data/scenarios/results/lrgv_lower_san_benito/out_of_season.json
lrgv_lower_san_benito,lower_rio_grande_valley,out_of_season,lrgv_lower_san_benito_out_of_season,lrgv_lower_san_benito_evidence,planning,grain_sorghum,False,oilseed_sunflower,Oilseed sunflower,True,13,13,54.0,not_recommended,40.49,low,60.0,far_outside_planting_window,far_outside_planting_window,data/scenarios/results/lrgv_lower_san_benito/out_of_season.json
lrgv_lower_san_benito,lower_rio_grande_valley,out_of_season,lrgv_lower_san_benito_out_of_season,lrgv_lower_san_benito_evidence,planning,grain_sorghum,False,sorghum_sudangrass,Sorghum-sudangrass,True,14,14,54.0,not_recommended,40.49,low,60.0,far_outside_planting_window,far_outside_planting_window,data/scenarios/results/lrgv_lower_san_benito/out_of_season.json
lrgv_lower_san_benito,lower_rio_grande_valley,out_of_season,lrgv_lower_san_benito_out_of_season,lrgv_lower_san_benito_evidence,planning,grain_sorghum,False,soybean,Soybean,True,15,15,54.0,not_recommended,40.49,low,60.0,far_outside_planting_window,far_outside_planting_window,data/scenarios/results/lrgv_lower_san_benito/out_of_season.json
lrgv_lower_san_benito,lower_rio_grande_valley,out_of_season,lrgv_lower_san_benito_out_of_season,lrgv_lower_san_benito_evidence,planning,grain_sorghum,False,sweet_potato,Sweet potato,True,16,16,54.0,not_recommended,40.49,low,60.0,far_outside_planting_window,far_outside_planting_window,data/scenarios/results/lrgv_lower_san_benito/out_of_season.json
lrgv_lower_san_benito,lower_rio_grande_valley,out_of_season,lrgv_lower_san_benito_out_of_season,lrgv_lower_san_benito_evidence,planning,grain_sorghum,False,upland_cotton,Upland cotton,True,17,17,54.0,not_recommended,40.49,low,60.0,far_outside_planting_window,far_outside_planting_window,data/scenarios/results/lrgv_lower_san_benito/out_of_season.json
lrgv_lower_san_benito,lower_rio_grande_valley,out_of_season,lrgv_lower_san_benito_out_of_season,lrgv_lower_san_benito_evidence,planning,grain_sorghum,False,sesame,Sesame,True,18,18,54.0,not_recommended,33.87,low,60.0,far_outside_planting_window,far_outside_planting_window,data/scenarios/results/lrgv_lower_san_benito/out_of_season.json
lrgv_lower_san_benito,lower_rio_grande_valley,out_of_season,lrgv_lower_san_benito_out_of_season,lrgv_lower_san_benito_evidence,planning,grain_sorghum,False,alfalfa_hay,Alfalfa grown for hay,True,19,19,52.79,not_recommended,32.81,low,60.0,far_outside_planting_window,far_outside_planting_window,data/scenarios/results/lrgv_lower_san_benito/out_of_season.json
lrgv_lower_san_benito,lower_rio_grande_valley,out_of_season,lrgv_lower_san_benito_out_of_season,lrgv_lower_san_benito_evidence,planning,grain_sorghum,False,long_grain_rice,Long-grain rice,True,20,20,49.62,not_recommended,32.81,low,60.0,far_outside_planting_window,far_outside_planting_window,data/scenarios/results/lrgv_lower_san_benito/out_of_season.json
lrgv_lower_san_benito,lower_rio_grande_valley,out_of_season,lrgv_lower_san_benito_out_of_season,lrgv_lower_san_benito_evidence,planning,grain_sorghum,False,runner_peanut,Runner-type peanut,True,21,21,46.71,not_recommended,40.49,low,60.0,far_outside_planting_window,far_outside_planting_window,data/scenarios/results/lrgv_lower_san_benito/out_of_season.json
lrgv_lower_san_benito,lower_rio_grande_valley,out_of_season,lrgv_lower_san_benito_out_of_season,lrgv_lower_san_benito_evidence,planning,grain_sorghum,False,grain_oats,Grain oats,True,22,22,44.79,not_recommended,32.81,low,60.0,far_outside_planting_window,far_outside_planting_window,data/scenarios/results/lrgv_lower_san_benito/out_of_season.json
lrgv_lower_san_benito,lower_rio_grande_valley,no_irrigation,lrgv_lower_san_benito_no_irrigation,lrgv_lower_san_benito_evidence,planting_readiness,grain_sorghum,False,forage_sorghum,Forage sorghum,True,1,1,75.06,recommended,58.68,low,83.0,,,data/scenarios/results/lrgv_lower_san_benito/no_irrigation.json
lrgv_lower_san_benito,lower_rio_grande_valley,no_irrigation,lrgv_lower_san_benito_no_irrigation,lrgv_lower_san_benito_evidence,planting_readiness,grain_sorghum,False,sorghum_sudangrass,Sorghum-sudangrass,True,2,2,75.06,recommended,58.68,low,83.0,,,data/scenarios/results/lrgv_lower_san_benito/no_irrigation.json
lrgv_lower_san_benito,lower_rio_grande_valley,no_irrigation,lrgv_lower_san_benito_no_irrigation,lrgv_lower_san_benito_evidence,planting_readiness,grain_sorghum,True,grain_sorghum,Grain sorghum,True,3,3,69.85,conditional,69.08,medium,100.0,,,data/scenarios/results/lrgv_lower_san_benito/no_irrigation.json
lrgv_lower_san_benito,lower_rio_grande_valley,no_irrigation,lrgv_lower_san_benito_no_irrigation,lrgv_lower_san_benito_evidence,planting_readiness,grain_sorghum,False,oilseed_sunflower,Oilseed sunflower,True,4,4,59.52,conditional,58.68,low,83.0,,,data/scenarios/results/lrgv_lower_san_benito/no_irrigation.json
lrgv_lower_san_benito,lower_rio_grande_valley,no_irrigation,lrgv_lower_san_benito_no_irrigation,lrgv_lower_san_benito_evidence,planting_readiness,grain_sorghum,False,upland_cotton,Upland cotton,True,5,5,54.0,not_recommended,69.08,medium,100.0,far_outside_planting_window,far_outside_planting_window,data/scenarios/results/lrgv_lower_san_benito/no_irrigation.json
lrgv_lower_san_benito,lower_rio_grande_valley,no_irrigation,lrgv_lower_san_benito_no_irrigation,lrgv_lower_san_benito_evidence,planting_readiness,grain_sorghum,False,seedless_watermelon,Seedless watermelon,True,6,6,54.0,not_recommended,67.01,medium,83.0,far_outside_planting_window,far_outside_planting_window,data/scenarios/results/lrgv_lower_san_benito/no_irrigation.json
lrgv_lower_san_benito,lower_rio_grande_valley,no_irrigation,lrgv_lower_san_benito_no_irrigation,lrgv_lower_san_benito_evidence,planting_readiness,grain_sorghum,False,sweet_potato,Sweet potato,True,7,7,54.0,not_recommended,58.68,low,83.0,far_outside_planting_window,far_outside_planting_window,data/scenarios/results/lrgv_lower_san_benito/no_irrigation.json
lrgv_lower_san_benito,lower_rio_grande_valley,no_irrigation,lrgv_lower_san_benito_no_irrigation,lrgv_lower_san_benito_evidence,planting_readiness,grain_sorghum,False,bermudagrass_hay,Bermudagrass grown for hay,True,8,8,54.0,not_recommended,56.51,low,80.0,far_outside_planting_window,far_outside_planting_window,data/scenarios/results/lrgv_lower_san_benito/no_irrigation.json
lrgv_lower_san_benito,lower_rio_grande_valley,no_irrigation,lrgv_lower_san_benito_no_irrigation,lrgv_lower_san_benito_evidence,planting_readiness,grain_sorghum,False,sesame,Sesame,True,9,9,54.0,not_recommended,48.57,low,80.0,far_outside_planting_window,far_outside_planting_window,data/scenarios/results/lrgv_lower_san_benito/no_irrigation.json
lrgv_lower_san_benito,lower_rio_grande_valley,no_irrigation,lrgv_lower_san_benito_no_irrigation,lrgv_lower_san_benito_evidence,planting_readiness,grain_sorghum,False,dry_bulb_onion,Dry-bulb onion,True,10,10,51.51,not_recommended,67.01,medium,83.0,required_irrigation_unavailable,required_irrigation_unavailable,data/scenarios/results/lrgv_lower_san_benito/no_irrigation.json
lrgv_lower_san_benito,lower_rio_grande_valley,no_irrigation,lrgv_lower_san_benito_no_irrigation,lrgv_lower_san_benito_evidence,planting_readiness,grain_sorghum,False,fresh_market_cabbage,Fresh-market cabbage,True,11,11,47.65,not_recommended,67.01,medium,83.0,,,data/scenarios/results/lrgv_lower_san_benito/no_irrigation.json
lrgv_lower_san_benito,lower_rio_grande_valley,no_irrigation,lrgv_lower_san_benito_no_irrigation,lrgv_lower_san_benito_evidence,planting_readiness,grain_sorghum,False,runner_peanut,Runner-type peanut,True,12,12,47.56,not_recommended,58.68,low,83.0,far_outside_planting_window,far_outside_planting_window,data/scenarios/results/lrgv_lower_san_benito/no_irrigation.json
lrgv_lower_san_benito,lower_rio_grande_valley,no_irrigation,lrgv_lower_san_benito_no_irrigation,lrgv_lower_san_benito_evidence,planting_readiness,grain_sorghum,False,alfalfa_hay,Alfalfa grown for hay,True,13,13,47.14,not_recommended,51.0,low,83.0,far_outside_planting_window|required_irrigation_unavailable,far_outside_planting_window|required_irrigation_unavailable,data/scenarios/results/lrgv_lower_san_benito/no_irrigation.json
lrgv_lower_san_benito,lower_rio_grande_valley,no_irrigation,lrgv_lower_san_benito_no_irrigation,lrgv_lower_san_benito_evidence,planting_readiness,grain_sorghum,False,corn_grain,Corn grown for grain,True,14,14,47.08,not_recommended,69.08,medium,100.0,far_outside_planting_window,far_outside_planting_window,data/scenarios/results/lrgv_lower_san_benito/no_irrigation.json
lrgv_lower_san_benito,lower_rio_grande_valley,no_irrigation,lrgv_lower_san_benito_no_irrigation,lrgv_lower_san_benito_evidence,planting_readiness,grain_sorghum,False,long_grain_rice,Long-grain rice,True,15,15,46.78,not_recommended,51.0,low,83.0,far_outside_planting_window|required_irrigation_unavailable,far_outside_planting_window|required_irrigation_unavailable,data/scenarios/results/lrgv_lower_san_benito/no_irrigation.json
lrgv_lower_san_benito,lower_rio_grande_valley,no_irrigation,lrgv_lower_san_benito_no_irrigation,lrgv_lower_san_benito_evidence,planting_readiness,grain_sorghum,False,fresh_market_spinach,Fresh-market spinach,True,16,16,44.82,not_recommended,67.01,medium,83.0,far_outside_planting_window,far_outside_planting_window,data/scenarios/results/lrgv_lower_san_benito/no_irrigation.json
lrgv_lower_san_benito,lower_rio_grande_valley,no_irrigation,lrgv_lower_san_benito_no_irrigation,lrgv_lower_san_benito_evidence,planting_readiness,grain_sorghum,False,corn_silage,Corn grown for silage,True,17,17,43.83,not_recommended,69.08,medium,100.0,far_outside_planting_window,far_outside_planting_window,data/scenarios/results/lrgv_lower_san_benito/no_irrigation.json
lrgv_lower_san_benito,lower_rio_grande_valley,no_irrigation,lrgv_lower_san_benito_no_irrigation,lrgv_lower_san_benito_evidence,planting_readiness,grain_sorghum,False,soybean,Soybean,True,18,18,42.73,not_recommended,69.08,medium,100.0,far_outside_planting_window,far_outside_planting_window,data/scenarios/results/lrgv_lower_san_benito/no_irrigation.json
lrgv_lower_san_benito,lower_rio_grande_valley,no_irrigation,lrgv_lower_san_benito_no_irrigation,lrgv_lower_san_benito_evidence,planting_readiness,grain_sorghum,False,white_potato,White potato,True,19,19,41.11,not_recommended,58.68,low,83.0,far_outside_planting_window,far_outside_planting_window,data/scenarios/results/lrgv_lower_san_benito/no_irrigation.json
lrgv_lower_san_benito,lower_rio_grande_valley,no_irrigation,lrgv_lower_san_benito_no_irrigation,lrgv_lower_san_benito_evidence,planting_readiness,grain_sorghum,False,annual_ryegrass_forage,Annual ryegrass grown for forage,True,20,20,38.34,not_recommended,56.51,low,80.0,far_outside_planting_window,far_outside_planting_window,data/scenarios/results/lrgv_lower_san_benito/no_irrigation.json
lrgv_lower_san_benito,lower_rio_grande_valley,no_irrigation,lrgv_lower_san_benito_no_irrigation,lrgv_lower_san_benito_evidence,planting_readiness,grain_sorghum,False,hard_red_winter_wheat,Hard red winter wheat,True,21,21,33.58,not_recommended,69.08,medium,100.0,far_outside_planting_window,far_outside_planting_window,data/scenarios/results/lrgv_lower_san_benito/no_irrigation.json
lrgv_lower_san_benito,lower_rio_grande_valley,no_irrigation,lrgv_lower_san_benito_no_irrigation,lrgv_lower_san_benito_evidence,planting_readiness,grain_sorghum,False,grain_oats,Grain oats,True,22,22,32.17,not_recommended,61.41,low,100.0,far_outside_planting_window,far_outside_planting_window,data/scenarios/results/lrgv_lower_san_benito/no_irrigation.json
lrgv_lower_san_benito,lower_rio_grande_valley,reliable_irrigation,lrgv_lower_san_benito_reliable_irrigation,lrgv_lower_san_benito_evidence,planting_readiness,grain_sorghum,False,forage_sorghum,Forage sorghum,True,1,1,75.54,recommended,58.68,low,83.0,,,data/scenarios/results/lrgv_lower_san_benito/reliable_irrigation.json
lrgv_lower_san_benito,lower_rio_grande_valley,reliable_irrigation,lrgv_lower_san_benito_reliable_irrigation,lrgv_lower_san_benito_evidence,planting_readiness,grain_sorghum,False,sorghum_sudangrass,Sorghum-sudangrass,True,2,2,75.54,recommended,58.68,low,83.0,,,data/scenarios/results/lrgv_lower_san_benito/reliable_irrigation.json
lrgv_lower_san_benito,lower_rio_grande_valley,reliable_irrigation,lrgv_lower_san_benito_reliable_irrigation,lrgv_lower_san_benito_evidence,planting_readiness,grain_sorghum,True,grain_sorghum,Grain sorghum,True,3,3,70.25,conditional,69.08,medium,100.0,,,data/scenarios/results/lrgv_lower_san_benito/reliable_irrigation.json
lrgv_lower_san_benito,lower_rio_grande_valley,reliable_irrigation,lrgv_lower_san_benito_reliable_irrigation,lrgv_lower_san_benito_evidence,planting_readiness,grain_sorghum,False,oilseed_sunflower,Oilseed sunflower,True,4,4,60.0,conditional,58.68,low,83.0,,,data/scenarios/results/lrgv_lower_san_benito/reliable_irrigation.json
lrgv_lower_san_benito,lower_rio_grande_valley,reliable_irrigation,lrgv_lower_san_benito_reliable_irrigation,lrgv_lower_san_benito_evidence,planting_readiness,grain_sorghum,False,dry_bulb_onion,Dry-bulb onion,True,5,5,56.33,conditional,67.01,medium,83.0,,,data/scenarios/results/lrgv_lower_san_benito/reliable_irrigation.json
lrgv_lower_san_benito,lower_rio_grande_valley,reliable_irrigation,lrgv_lower_san_benito_reliable_irrigation,lrgv_lower_san_benito_evidence,planting_readiness,grain_sorghum,False,upland_cotton,Upland cotton,True,6,6,54.0,not_recommended,69.08,medium,100.0,far_outside_planting_window,far_outside_planting_window,data/scenarios/results/lrgv_lower_san_benito/reliable_irrigation.json
lrgv_lower_san_benito,lower_rio_grande_valley,reliable_irrigation,lrgv_lower_san_benito_reliable_irrigation,lrgv_lower_san_benito_evidence,planting_readiness,grain_sorghum,False,seedless_watermelon,Seedless watermelon,True,7,7,54.0,not_recommended,67.01,medium,83.0,far_outside_planting_window,far_outside_planting_window,data/scenarios/results/lrgv_lower_san_benito/reliable_irrigation.json
lrgv_lower_san_benito,lower_rio_grande_valley,reliable_irrigation,lrgv_lower_san_benito_reliable_irrigation,lrgv_lower_san_benito_evidence,planting_readiness,grain_sorghum,False,sweet_potato,Sweet potato,True,8,8,54.0,not_recommended,58.68,low,83.0,far_outside_planting_window,far_outside_planting_window,data/scenarios/results/lrgv_lower_san_benito/reliable_irrigation.json
lrgv_lower_san_benito,lower_rio_grande_valley,reliable_irrigation,lrgv_lower_san_benito_reliable_irrigation,lrgv_lower_san_benito_evidence,planting_readiness,grain_sorghum,False,bermudagrass_hay,Bermudagrass grown for hay,True,9,9,54.0,not_recommended,56.51,low,80.0,far_outside_planting_window,far_outside_planting_window,data/scenarios/results/lrgv_lower_san_benito/reliable_irrigation.json
lrgv_lower_san_benito,lower_rio_grande_valley,reliable_irrigation,lrgv_lower_san_benito_reliable_irrigation,lrgv_lower_san_benito_evidence,planting_readiness,grain_sorghum,False,sesame,Sesame,True,10,10,54.0,not_recommended,48.57,low,80.0,far_outside_planting_window,far_outside_planting_window,data/scenarios/results/lrgv_lower_san_benito/reliable_irrigation.json
lrgv_lower_san_benito,lower_rio_grande_valley,reliable_irrigation,lrgv_lower_san_benito_reliable_irrigation,lrgv_lower_san_benito_evidence,planting_readiness,grain_sorghum,False,alfalfa_hay,Alfalfa grown for hay,True,11,11,51.96,not_recommended,51.0,low,83.0,far_outside_planting_window,far_outside_planting_window,data/scenarios/results/lrgv_lower_san_benito/reliable_irrigation.json
lrgv_lower_san_benito,lower_rio_grande_valley,reliable_irrigation,lrgv_lower_san_benito_reliable_irrigation,lrgv_lower_san_benito_evidence,planting_readiness,grain_sorghum,False,long_grain_rice,Long-grain rice,True,12,12,51.6,not_recommended,51.0,low,83.0,far_outside_planting_window,far_outside_planting_window,data/scenarios/results/lrgv_lower_san_benito/reliable_irrigation.json
lrgv_lower_san_benito,lower_rio_grande_valley,reliable_irrigation,lrgv_lower_san_benito_reliable_irrigation,lrgv_lower_san_benito_evidence,planting_readiness,grain_sorghum,False,fresh_market_cabbage,Fresh-market cabbage,True,13,13,50.78,not_recommended,67.01,medium,83.0,,,data/scenarios/results/lrgv_lower_san_benito/reliable_irrigation.json
lrgv_lower_san_benito,lower_rio_grande_valley,reliable_irrigation,lrgv_lower_san_benito_reliable_irrigation,lrgv_lower_san_benito_evidence,planting_readiness,grain_sorghum,False,runner_peanut,Runner-type peanut,True,14,14,49.49,not_recommended,58.68,low,83.0,far_outside_planting_window,far_outside_planting_window,data/scenarios/results/lrgv_lower_san_benito/reliable_irrigation.json
lrgv_lower_san_benito,lower_rio_grande_valley,reliable_irrigation,lrgv_lower_san_benito_reliable_irrigation,lrgv_lower_san_benito_evidence,planting_readiness,grain_sorghum,False,corn_grain,Corn grown for grain,True,15,15,48.67,not_recommended,69.08,medium,100.0,far_outside_planting_window,far_outside_planting_window,data/scenarios/results/lrgv_lower_san_benito/reliable_irrigation.json
lrgv_lower_san_benito,lower_rio_grande_valley,reliable_irrigation,lrgv_lower_san_benito_reliable_irrigation,lrgv_lower_san_benito_evidence,planting_readiness,grain_sorghum,False,fresh_market_spinach,Fresh-market spinach,True,16,16,47.95,not_recommended,67.01,medium,83.0,far_outside_planting_window,far_outside_planting_window,data/scenarios/results/lrgv_lower_san_benito/reliable_irrigation.json
lrgv_lower_san_benito,lower_rio_grande_valley,reliable_irrigation,lrgv_lower_san_benito_reliable_irrigation,lrgv_lower_san_benito_evidence,planting_readiness,grain_sorghum,False,corn_silage,Corn grown for silage,True,17,17,46.42,not_recommended,69.08,medium,100.0,far_outside_planting_window,far_outside_planting_window,data/scenarios/results/lrgv_lower_san_benito/reliable_irrigation.json
lrgv_lower_san_benito,lower_rio_grande_valley,reliable_irrigation,lrgv_lower_san_benito_reliable_irrigation,lrgv_lower_san_benito_evidence,planting_readiness,grain_sorghum,False,soybean,Soybean,True,18,18,44.33,not_recommended,69.08,medium,100.0,far_outside_planting_window,far_outside_planting_window,data/scenarios/results/lrgv_lower_san_benito/reliable_irrigation.json
lrgv_lower_san_benito,lower_rio_grande_valley,reliable_irrigation,lrgv_lower_san_benito_reliable_irrigation,lrgv_lower_san_benito_evidence,planting_readiness,grain_sorghum,False,white_potato,White potato,True,19,19,44.25,not_recommended,58.68,low,83.0,far_outside_planting_window,far_outside_planting_window,data/scenarios/results/lrgv_lower_san_benito/reliable_irrigation.json
lrgv_lower_san_benito,lower_rio_grande_valley,reliable_irrigation,lrgv_lower_san_benito_reliable_irrigation,lrgv_lower_san_benito_evidence,planting_readiness,grain_sorghum,False,annual_ryegrass_forage,Annual ryegrass grown for forage,True,20,20,40.34,not_recommended,56.51,low,80.0,far_outside_planting_window,far_outside_planting_window,data/scenarios/results/lrgv_lower_san_benito/reliable_irrigation.json
lrgv_lower_san_benito,lower_rio_grande_valley,reliable_irrigation,lrgv_lower_san_benito_reliable_irrigation,lrgv_lower_san_benito_evidence,planting_readiness,grain_sorghum,False,hard_red_winter_wheat,Hard red winter wheat,True,21,21,35.17,not_recommended,69.08,medium,100.0,far_outside_planting_window,far_outside_planting_window,data/scenarios/results/lrgv_lower_san_benito/reliable_irrigation.json
lrgv_lower_san_benito,lower_rio_grande_valley,reliable_irrigation,lrgv_lower_san_benito_reliable_irrigation,lrgv_lower_san_benito_evidence,planting_readiness,grain_sorghum,False,grain_oats,Grain oats,True,22,22,33.77,not_recommended,61.41,low,100.0,far_outside_planting_window,far_outside_planting_window,data/scenarios/results/lrgv_lower_san_benito/reliable_irrigation.json
lrgv_lower_san_benito,lower_rio_grande_valley,missing_irrigation_lab_ph_override,lrgv_lower_san_benito_missing_irrigation_lab_ph_override,lrgv_lower_san_benito_evidence,planting_readiness,grain_sorghum,False,forage_sorghum,Forage sorghum,True,1,1,80.76,recommended,57.23,low,79.0,,,data/scenarios/results/lrgv_lower_san_benito/missing_irrigation_lab_ph_override.json
lrgv_lower_san_benito,lower_rio_grande_valley,missing_irrigation_lab_ph_override,lrgv_lower_san_benito_missing_irrigation_lab_ph_override,lrgv_lower_san_benito_evidence,planting_readiness,grain_sorghum,False,sorghum_sudangrass,Sorghum-sudangrass,True,2,2,80.76,recommended,57.23,low,79.0,,,data/scenarios/results/lrgv_lower_san_benito/missing_irrigation_lab_ph_override.json
lrgv_lower_san_benito,lower_rio_grande_valley,missing_irrigation_lab_ph_override,lrgv_lower_san_benito_missing_irrigation_lab_ph_override,lrgv_lower_san_benito_evidence,planting_readiness,grain_sorghum,True,grain_sorghum,Grain sorghum,True,3,3,74.32,conditional,67.64,medium,96.0,,,data/scenarios/results/lrgv_lower_san_benito/missing_irrigation_lab_ph_override.json
lrgv_lower_san_benito,lower_rio_grande_valley,missing_irrigation_lab_ph_override,lrgv_lower_san_benito_missing_irrigation_lab_ph_override,lrgv_lower_san_benito_evidence,planting_readiness,grain_sorghum,False,oilseed_sunflower,Oilseed sunflower,True,4,4,62.15,conditional,57.23,low,79.0,,,data/scenarios/results/lrgv_lower_san_benito/missing_irrigation_lab_ph_override.json
lrgv_lower_san_benito,lower_rio_grande_valley,missing_irrigation_lab_ph_override,lrgv_lower_san_benito_missing_irrigation_lab_ph_override,lrgv_lower_san_benito_evidence,planting_readiness,grain_sorghum,False,dry_bulb_onion,Dry-bulb onion,True,5,5,54.11,not_recommended,65.31,medium,79.0,,,data/scenarios/results/lrgv_lower_san_benito/missing_irrigation_lab_ph_override.json
lrgv_lower_san_benito,lower_rio_grande_valley,missing_irrigation_lab_ph_override,lrgv_lower_san_benito_missing_irrigation_lab_ph_override,lrgv_lower_san_benito_evidence,planting_readiness,grain_sorghum,False,upland_cotton,Upland cotton,True,6,6,54.0,not_recommended,67.64,medium,96.0,far_outside_planting_window,far_outside_planting_window,data/scenarios/results/lrgv_lower_san_benito/missing_irrigation_lab_ph_override.json
lrgv_lower_san_benito,lower_rio_grande_valley,missing_irrigation_lab_ph_override,lrgv_lower_san_benito_missing_irrigation_lab_ph_override,lrgv_lower_san_benito_evidence,planting_readiness,grain_sorghum,False,seedless_watermelon,Seedless watermelon,True,7,7,54.0,not_recommended,65.31,medium,79.0,far_outside_planting_window,far_outside_planting_window,data/scenarios/results/lrgv_lower_san_benito/missing_irrigation_lab_ph_override.json
lrgv_lower_san_benito,lower_rio_grande_valley,missing_irrigation_lab_ph_override,lrgv_lower_san_benito_missing_irrigation_lab_ph_override,lrgv_lower_san_benito_evidence,planting_readiness,grain_sorghum,False,sweet_potato,Sweet potato,True,8,8,54.0,not_recommended,57.23,low,79.0,far_outside_planting_window,far_outside_planting_window,data/scenarios/results/lrgv_lower_san_benito/missing_irrigation_lab_ph_override.json
lrgv_lower_san_benito,lower_rio_grande_valley,missing_irrigation_lab_ph_override,lrgv_lower_san_benito_missing_irrigation_lab_ph_override,lrgv_lower_san_benito_evidence,planting_readiness,grain_sorghum,False,bermudagrass_hay,Bermudagrass grown for hay,True,9,9,54.0,not_recommended,55.07,low,76.0,far_outside_planting_window,far_outside_planting_window,data/scenarios/results/lrgv_lower_san_benito/missing_irrigation_lab_ph_override.json
lrgv_lower_san_benito,lower_rio_grande_valley,missing_irrigation_lab_ph_override,lrgv_lower_san_benito_missing_irrigation_lab_ph_override,lrgv_lower_san_benito_evidence,planting_readiness,grain_sorghum,False,long_grain_rice,Long-grain rice,True,10,10,54.0,not_recommended,49.56,low,79.0,far_outside_planting_window,far_outside_planting_window,data/scenarios/results/lrgv_lower_san_benito/missing_irrigation_lab_ph_override.json
lrgv_lower_san_benito,lower_rio_grande_valley,missing_irrigation_lab_ph_override,lrgv_lower_san_benito_missing_irrigation_lab_ph_override,lrgv_lower_san_benito_evidence,planting_readiness,grain_sorghum,False,sesame,Sesame,True,11,11,54.0,not_recommended,47.38,low,76.0,far_outside_planting_window,far_outside_planting_window,data/scenarios/results/lrgv_lower_san_benito/missing_irrigation_lab_ph_override.json
lrgv_lower_san_benito,lower_rio_grande_valley,missing_irrigation_lab_ph_override,lrgv_lower_san_benito_missing_irrigation_lab_ph_override,lrgv_lower_san_benito_evidence,planting_readiness,grain_sorghum,False,alfalfa_hay,Alfalfa grown for hay,True,12,12,53.7,not_recommended,49.56,low,79.0,far_outside_planting_window,far_outside_planting_window,data/scenarios/results/lrgv_lower_san_benito/missing_irrigation_lab_ph_override.json
lrgv_lower_san_benito,lower_rio_grande_valley,missing_irrigation_lab_ph_override,lrgv_lower_san_benito_missing_irrigation_lab_ph_override,lrgv_lower_san_benito_evidence,planting_readiness,grain_sorghum,False,runner_peanut,Runner-type peanut,True,13,13,53.39,not_recommended,57.23,low,79.0,far_outside_planting_window,far_outside_planting_window,data/scenarios/results/lrgv_lower_san_benito/missing_irrigation_lab_ph_override.json
lrgv_lower_san_benito,lower_rio_grande_valley,missing_irrigation_lab_ph_override,lrgv_lower_san_benito_missing_irrigation_lab_ph_override,lrgv_lower_san_benito_evidence,planting_readiness,grain_sorghum,False,fresh_market_cabbage,Fresh-market cabbage,True,14,14,52.47,not_recommended,65.31,medium,79.0,,,data/scenarios/results/lrgv_lower_san_benito/missing_irrigation_lab_ph_override.json
lrgv_lower_san_benito,lower_rio_grande_valley,missing_irrigation_lab_ph_override,lrgv_lower_san_benito_missing_irrigation_lab_ph_override,lrgv_lower_san_benito_evidence,planting_readiness,grain_sorghum,False,corn_grain,Corn grown for grain,True,15,15,51.85,not_recommended,67.64,medium,96.0,far_outside_planting_window,far_outside_planting_window,data/scenarios/results/lrgv_lower_san_benito/missing_irrigation_lab_ph_override.json
lrgv_lower_san_benito,lower_rio_grande_valley,missing_irrigation_lab_ph_override,lrgv_lower_san_benito_missing_irrigation_lab_ph_override,lrgv_lower_san_benito_evidence,planting_readiness,grain_sorghum,False,corn_silage,Corn grown for silage,True,16,16,49.51,not_recommended,67.64,medium,96.0,far_outside_planting_window,far_outside_planting_window,data/scenarios/results/lrgv_lower_san_benito/missing_irrigation_lab_ph_override.json
lrgv_lower_san_benito,lower_rio_grande_valley,missing_irrigation_lab_ph_override,lrgv_lower_san_benito_missing_irrigation_lab_ph_override,lrgv_lower_san_benito_evidence,planting_readiness,grain_sorghum,False,soybean,Soybean,True,17,17,47.32,not_recommended,67.64,medium,96.0,far_outside_planting_window,far_outside_planting_window,data/scenarios/results/lrgv_lower_san_benito/missing_irrigation_lab_ph_override.json
lrgv_lower_san_benito,lower_rio_grande_valley,missing_irrigation_lab_ph_override,lrgv_lower_san_benito_missing_irrigation_lab_ph_override,lrgv_lower_san_benito_evidence,planting_readiness,grain_sorghum,False,fresh_market_spinach,Fresh-market spinach,True,18,18,47.22,not_recommended,65.31,medium,79.0,far_outside_planting_window,far_outside_planting_window,data/scenarios/results/lrgv_lower_san_benito/missing_irrigation_lab_ph_override.json
lrgv_lower_san_benito,lower_rio_grande_valley,missing_irrigation_lab_ph_override,lrgv_lower_san_benito_missing_irrigation_lab_ph_override,lrgv_lower_san_benito_evidence,planting_readiness,grain_sorghum,False,annual_ryegrass_forage,Annual ryegrass grown for forage,True,19,19,43.91,not_recommended,55.07,low,76.0,far_outside_planting_window,far_outside_planting_window,data/scenarios/results/lrgv_lower_san_benito/missing_irrigation_lab_ph_override.json
lrgv_lower_san_benito,lower_rio_grande_valley,missing_irrigation_lab_ph_override,lrgv_lower_san_benito_missing_irrigation_lab_ph_override,lrgv_lower_san_benito_evidence,planting_readiness,grain_sorghum,False,white_potato,White potato,True,20,20,43.32,not_recommended,57.23,low,79.0,far_outside_planting_window,far_outside_planting_window,data/scenarios/results/lrgv_lower_san_benito/missing_irrigation_lab_ph_override.json
lrgv_lower_san_benito,lower_rio_grande_valley,missing_irrigation_lab_ph_override,lrgv_lower_san_benito_missing_irrigation_lab_ph_override,lrgv_lower_san_benito_evidence,planting_readiness,grain_sorghum,False,hard_red_winter_wheat,Hard red winter wheat,True,21,21,37.79,not_recommended,67.64,medium,96.0,far_outside_planting_window,far_outside_planting_window,data/scenarios/results/lrgv_lower_san_benito/missing_irrigation_lab_ph_override.json
lrgv_lower_san_benito,lower_rio_grande_valley,missing_irrigation_lab_ph_override,lrgv_lower_san_benito_missing_irrigation_lab_ph_override,lrgv_lower_san_benito_evidence,planting_readiness,grain_sorghum,False,grain_oats,Grain oats,True,22,22,36.33,not_recommended,59.96,low,96.0,far_outside_planting_window,far_outside_planting_window,data/scenarios/results/lrgv_lower_san_benito/missing_irrigation_lab_ph_override.json
far_west_el_paso_lower_valley_fabens,far_west,in_season_baseline,far_west_el_paso_lower_valley_fabens_in_season_baseline,far_west_el_paso_lower_valley_fabens_evidence,planting_readiness,white_potato,False,alfalfa_hay,Alfalfa grown for hay,True,1,1,67.47,conditional,58.68,low,83.0,,,data/scenarios/results/far_west_el_paso_lower_valley_fabens/in_season_baseline.json
far_west_el_paso_lower_valley_fabens,far_west,in_season_baseline,far_west_el_paso_lower_valley_fabens_in_season_baseline,far_west_el_paso_lower_valley_fabens_evidence,planting_readiness,white_potato,True,white_potato,White potato,True,2,2,61.3,conditional,58.68,low,83.0,,,data/scenarios/results/far_west_el_paso_lower_valley_fabens/in_season_baseline.json
far_west_el_paso_lower_valley_fabens,far_west,in_season_baseline,far_west_el_paso_lower_valley_fabens_in_season_baseline,far_west_el_paso_lower_valley_fabens_evidence,planting_readiness,white_potato,False,fresh_market_cabbage,Fresh-market cabbage,True,3,3,57.44,conditional,67.01,medium,83.0,,,data/scenarios/results/far_west_el_paso_lower_valley_fabens/in_season_baseline.json
far_west_el_paso_lower_valley_fabens,far_west,in_season_baseline,far_west_el_paso_lower_valley_fabens_in_season_baseline,far_west_el_paso_lower_valley_fabens_evidence,planting_readiness,white_potato,False,fresh_market_spinach,Fresh-market spinach,True,4,4,55.51,conditional,67.01,medium,83.0,,,data/scenarios/results/far_west_el_paso_lower_valley_fabens/in_season_baseline.json
far_west_el_paso_lower_valley_fabens,far_west,in_season_baseline,far_west_el_paso_lower_valley_fabens_in_season_baseline,far_west_el_paso_lower_valley_fabens_evidence,planting_readiness,white_potato,False,grain_sorghum,Grain sorghum,True,5,5,54.0,not_recommended,69.08,medium,100.0,far_outside_planting_window,far_outside_planting_window,data/scenarios/results/far_west_el_paso_lower_valley_fabens/in_season_baseline.json
far_west_el_paso_lower_valley_fabens,far_west,in_season_baseline,far_west_el_paso_lower_valley_fabens_in_season_baseline,far_west_el_paso_lower_valley_fabens_evidence,planting_readiness,white_potato,False,upland_cotton,Upland cotton,True,6,6,54.0,not_recommended,69.08,medium,100.0,far_outside_planting_window,far_outside_planting_window,data/scenarios/results/far_west_el_paso_lower_valley_fabens/in_season_baseline.json
far_west_el_paso_lower_valley_fabens,far_west,in_season_baseline,far_west_el_paso_lower_valley_fabens_in_season_baseline,far_west_el_paso_lower_valley_fabens_evidence,planting_readiness,white_potato,False,seedless_watermelon,Seedless watermelon,True,7,7,54.0,not_recommended,67.01,medium,83.0,far_outside_planting_window,far_outside_planting_window,data/scenarios/results/far_west_el_paso_lower_valley_fabens/in_season_baseline.json
far_west_el_paso_lower_valley_fabens,far_west,in_season_baseline,far_west_el_paso_lower_valley_fabens_in_season_baseline,far_west_el_paso_lower_valley_fabens_evidence,planting_readiness,white_potato,False,forage_sorghum,Forage sorghum,True,8,8,54.0,not_recommended,58.68,low,83.0,far_outside_planting_window,far_outside_planting_window,data/scenarios/results/far_west_el_paso_lower_valley_fabens/in_season_baseline.json
far_west_el_paso_lower_valley_fabens,far_west,in_season_baseline,far_west_el_paso_lower_valley_fabens_in_season_baseline,far_west_el_paso_lower_valley_fabens_evidence,planting_readiness,white_potato,False,sorghum_sudangrass,Sorghum-sudangrass,True,9,9,54.0,not_recommended,58.68,low,83.0,far_outside_planting_window,far_outside_planting_window,data/scenarios/results/far_west_el_paso_lower_valley_fabens/in_season_baseline.json
far_west_el_paso_lower_valley_fabens,far_west,in_season_baseline,far_west_el_paso_lower_valley_fabens_in_season_baseline,far_west_el_paso_lower_valley_fabens_evidence,planting_readiness,white_potato,False,bermudagrass_hay,Bermudagrass grown for hay,True,10,10,54.0,not_recommended,56.51,low,80.0,far_outside_planting_window,far_outside_planting_window,data/scenarios/results/far_west_el_paso_lower_valley_fabens/in_season_baseline.json
far_west_el_paso_lower_valley_fabens,far_west,in_season_baseline,far_west_el_paso_lower_valley_fabens_in_season_baseline,far_west_el_paso_lower_valley_fabens_evidence,planting_readiness,white_potato,False,sweet_potato,Sweet potato,True,11,11,54.0,not_recommended,51.0,low,83.0,far_outside_planting_window,far_outside_planting_window,data/scenarios/results/far_west_el_paso_lower_valley_fabens/in_season_baseline.json
far_west_el_paso_lower_valley_fabens,far_west,in_season_baseline,far_west_el_paso_lower_valley_fabens_in_season_baseline,far_west_el_paso_lower_valley_fabens_evidence,planting_readiness,white_potato,False,sesame,Sesame,True,12,12,54.0,not_recommended,48.57,low,80.0,far_outside_planting_window,far_outside_planting_window,data/scenarios/results/far_west_el_paso_lower_valley_fabens/in_season_baseline.json
far_west_el_paso_lower_valley_fabens,far_west,in_season_baseline,far_west_el_paso_lower_valley_fabens_in_season_baseline,far_west_el_paso_lower_valley_fabens_evidence,planting_readiness,white_potato,False,runner_peanut,Runner-type peanut,True,13,13,53.4,not_recommended,51.0,low,83.0,far_outside_planting_window,far_outside_planting_window,data/scenarios/results/far_west_el_paso_lower_valley_fabens/in_season_baseline.json
far_west_el_paso_lower_valley_fabens,far_west,in_season_baseline,far_west_el_paso_lower_valley_fabens_in_season_baseline,far_west_el_paso_lower_valley_fabens_evidence,planting_readiness,white_potato,False,dry_bulb_onion,Dry-bulb onion,True,14,14,53.28,not_recommended,67.01,medium,83.0,far_outside_planting_window,far_outside_planting_window,data/scenarios/results/far_west_el_paso_lower_valley_fabens/in_season_baseline.json
far_west_el_paso_lower_valley_fabens,far_west,in_season_baseline,far_west_el_paso_lower_valley_fabens_in_season_baseline,far_west_el_paso_lower_valley_fabens_evidence,planting_readiness,white_potato,False,oilseed_sunflower,Oilseed sunflower,True,15,15,50.12,not_recommended,58.68,low,83.0,far_outside_planting_window,far_outside_planting_window,data/scenarios/results/far_west_el_paso_lower_valley_fabens/in_season_baseline.json
far_west_el_paso_lower_valley_fabens,far_west,in_season_baseline,far_west_el_paso_lower_valley_fabens_in_season_baseline,far_west_el_paso_lower_valley_fabens_evidence,planting_readiness,white_potato,False,corn_grain,Corn grown for grain,True,16,16,48.42,not_recommended,69.08,medium,100.0,far_outside_planting_window,far_outside_planting_window,data/scenarios/results/far_west_el_paso_lower_valley_fabens/in_season_baseline.json
far_west_el_paso_lower_valley_fabens,far_west,in_season_baseline,far_west_el_paso_lower_valley_fabens_in_season_baseline,far_west_el_paso_lower_valley_fabens_evidence,planting_readiness,white_potato,False,corn_silage,Corn grown for silage,True,17,17,48.42,not_recommended,69.08,medium,100.0,far_outside_planting_window,far_outside_planting_window,data/scenarios/results/far_west_el_paso_lower_valley_fabens/in_season_baseline.json
far_west_el_paso_lower_valley_fabens,far_west,in_season_baseline,far_west_el_paso_lower_valley_fabens_in_season_baseline,far_west_el_paso_lower_valley_fabens_evidence,planting_readiness,white_potato,False,hard_red_winter_wheat,Hard red winter wheat,True,18,18,46.73,not_recommended,69.08,medium,100.0,,,data/scenarios/results/far_west_el_paso_lower_valley_fabens/in_season_baseline.json
far_west_el_paso_lower_valley_fabens,far_west,in_season_baseline,far_west_el_paso_lower_valley_fabens_in_season_baseline,far_west_el_paso_lower_valley_fabens_evidence,planting_readiness,white_potato,False,soybean,Soybean,True,19,19,44.77,not_recommended,61.41,low,100.0,far_outside_planting_window,far_outside_planting_window,data/scenarios/results/far_west_el_paso_lower_valley_fabens/in_season_baseline.json
far_west_el_paso_lower_valley_fabens,far_west,in_season_baseline,far_west_el_paso_lower_valley_fabens_in_season_baseline,far_west_el_paso_lower_valley_fabens_evidence,planting_readiness,white_potato,False,annual_ryegrass_forage,Annual ryegrass grown for forage,True,20,20,39.28,not_recommended,48.84,low,80.0,far_outside_planting_window,far_outside_planting_window,data/scenarios/results/far_west_el_paso_lower_valley_fabens/in_season_baseline.json
far_west_el_paso_lower_valley_fabens,far_west,in_season_baseline,far_west_el_paso_lower_valley_fabens_in_season_baseline,far_west_el_paso_lower_valley_fabens_evidence,planting_readiness,white_potato,False,grain_oats,Grain oats,True,21,21,36.42,not_recommended,61.41,low,100.0,far_outside_planting_window,far_outside_planting_window,data/scenarios/results/far_west_el_paso_lower_valley_fabens/in_season_baseline.json
far_west_el_paso_lower_valley_fabens,far_west,in_season_baseline,far_west_el_paso_lower_valley_fabens_in_season_baseline,far_west_el_paso_lower_valley_fabens_evidence,planting_readiness,white_potato,False,long_grain_rice,Long-grain rice,False,22,,52.95,not_recommended,51.0,low,83.0,unsupported_region|far_outside_planting_window,unsupported_region|far_outside_planting_window,data/scenarios/results/far_west_el_paso_lower_valley_fabens/in_season_baseline.json
far_west_el_paso_lower_valley_fabens,far_west,out_of_season,far_west_el_paso_lower_valley_fabens_out_of_season,far_west_el_paso_lower_valley_fabens_evidence,planning,white_potato,False,hard_red_winter_wheat,Hard red winter wheat,True,1,1,66.71,conditional,40.49,low,60.0,,,data/scenarios/results/far_west_el_paso_lower_valley_fabens/out_of_season.json
far_west_el_paso_lower_valley_fabens,far_west,out_of_season,far_west_el_paso_lower_valley_fabens_out_of_season,far_west_el_paso_lower_valley_fabens_evidence,planning,white_potato,False,alfalfa_hay,Alfalfa grown for hay,True,2,2,64.25,conditional,40.49,low,60.0,,,data/scenarios/results/far_west_el_paso_lower_valley_fabens/out_of_season.json
far_west_el_paso_lower_valley_fabens,far_west,out_of_season,far_west_el_paso_lower_valley_fabens_out_of_season,far_west_el_paso_lower_valley_fabens_evidence,planning,white_potato,False,fresh_market_spinach,Fresh-market spinach,True,3,3,63.71,conditional,47.11,low,60.0,,,data/scenarios/results/far_west_el_paso_lower_valley_fabens/out_of_season.json
far_west_el_paso_lower_valley_fabens,far_west,out_of_season,far_west_el_paso_lower_valley_fabens_out_of_season,far_west_el_paso_lower_valley_fabens_evidence,planning,white_potato,False,dry_bulb_onion,Dry-bulb onion,True,4,4,54.0,not_recommended,47.11,low,60.0,far_outside_planting_window,far_outside_planting_window,data/scenarios/results/far_west_el_paso_lower_valley_fabens/out_of_season.json
far_west_el_paso_lower_valley_fabens,far_west,out_of_season,far_west_el_paso_lower_valley_fabens_out_of_season,far_west_el_paso_lower_valley_fabens_evidence,planning,white_potato,False,oilseed_sunflower,Oilseed sunflower,True,5,5,54.0,not_recommended,40.49,low,60.0,far_outside_planting_window,far_outside_planting_window,data/scenarios/results/far_west_el_paso_lower_valley_fabens/out_of_season.json
far_west_el_paso_lower_valley_fabens,far_west,out_of_season,far_west_el_paso_lower_valley_fabens_out_of_season,far_west_el_paso_lower_valley_fabens_evidence,planning,white_potato,True,white_potato,White potato,True,6,6,54.0,not_recommended,40.49,low,60.0,far_outside_planting_window,far_outside_planting_window,data/scenarios/results/far_west_el_paso_lower_valley_fabens/out_of_season.json
far_west_el_paso_lower_valley_fabens,far_west,out_of_season,far_west_el_paso_lower_valley_fabens_out_of_season,far_west_el_paso_lower_valley_fabens_evidence,planning,white_potato,False,fresh_market_cabbage,Fresh-market cabbage,True,7,7,53.54,not_recommended,47.11,low,60.0,far_outside_planting_window,far_outside_planting_window,data/scenarios/results/far_west_el_paso_lower_valley_fabens/out_of_season.json
far_west_el_paso_lower_valley_fabens,far_west,out_of_season,far_west_el_paso_lower_valley_fabens_out_of_season,far_west_el_paso_lower_valley_fabens_evidence,planning,white_potato,False,sesame,Sesame,True,8,8,50.71,not_recommended,33.87,low,60.0,far_outside_planting_window,far_outside_planting_window,data/scenarios/results/far_west_el_paso_lower_valley_fabens/out_of_season.json
far_west_el_paso_lower_valley_fabens,far_west,out_of_season,far_west_el_paso_lower_valley_fabens_out_of_season,far_west_el_paso_lower_valley_fabens_evidence,planning,white_potato,False,annual_ryegrass_forage,Annual ryegrass grown for forage,True,9,9,50.71,not_recommended,32.81,low,60.0,far_outside_planting_window,far_outside_planting_window,data/scenarios/results/far_west_el_paso_lower_valley_fabens/out_of_season.json
far_west_el_paso_lower_valley_fabens,far_west,out_of_season,far_west_el_paso_lower_valley_fabens_out_of_season,far_west_el_paso_lower_valley_fabens_evidence,planning,white_potato,False,forage_sorghum,Forage sorghum,True,10,10,48.83,not_recommended,40.49,low,60.0,far_outside_planting_window,far_outside_planting_window,data/scenarios/results/far_west_el_paso_lower_valley_fabens/out_of_season.json
far_west_el_paso_lower_valley_fabens,far_west,out_of_season,far_west_el_paso_lower_valley_fabens_out_of_season,far_west_el_paso_lower_valley_fabens_evidence,planning,white_potato,False,grain_sorghum,Grain sorghum,True,11,11,48.83,not_recommended,40.49,low,60.0,far_outside_planting_window,far_outside_planting_window,data/scenarios/results/far_west_el_paso_lower_valley_fabens/out_of_season.json
far_west_el_paso_lower_valley_fabens,far_west,out_of_season,far_west_el_paso_lower_valley_fabens_out_of_season,far_west_el_paso_lower_valley_fabens_evidence,planning,white_potato,False,seedless_watermelon,Seedless watermelon,True,12,12,47.12,not_recommended,47.11,low,60.0,far_outside_planting_window,far_outside_planting_window,data/scenarios/results/far_west_el_paso_lower_valley_fabens/out_of_season.json
far_west_el_paso_lower_valley_fabens,far_west,out_of_season,far_west_el_paso_lower_valley_fabens_out_of_season,far_west_el_paso_lower_valley_fabens_evidence,planning,white_potato,False,bermudagrass_hay,Bermudagrass grown for hay,True,13,13,44.67,not_recommended,40.49,low,60.0,far_outside_planting_window,far_outside_planting_window,data/scenarios/results/far_west_el_paso_lower_valley_fabens/out_of_season.json
far_west_el_paso_lower_valley_fabens,far_west,out_of_season,far_west_el_paso_lower_valley_fabens_out_of_season,far_west_el_paso_lower_valley_fabens_evidence,planning,white_potato,False,grain_oats,Grain oats,True,14,14,44.54,not_recommended,32.81,low,60.0,far_outside_planting_window,far_outside_planting_window,data/scenarios/results/far_west_el_paso_lower_valley_fabens/out_of_season.json
far_west_el_paso_lower_valley_fabens,far_west,out_of_season,far_west_el_paso_lower_valley_fabens_out_of_season,far_west_el_paso_lower_valley_fabens_evidence,planning,white_potato,False,sorghum_sudangrass,Sorghum-sudangrass,True,15,15,43.83,not_recommended,40.49,low,60.0,far_outside_planting_window,far_outside_planting_window,data/scenarios/results/far_west_el_paso_lower_valley_fabens/out_of_season.json
far_west_el_paso_lower_valley_fabens,far_west,out_of_season,far_west_el_paso_lower_valley_fabens_out_of_season,far_west_el_paso_lower_valley_fabens_evidence,planning,white_potato,False,corn_grain,Corn grown for grain,True,16,16,43.79,not_recommended,40.49,low,60.0,far_outside_planting_window,far_outside_planting_window,data/scenarios/results/far_west_el_paso_lower_valley_fabens/out_of_season.json
far_west_el_paso_lower_valley_fabens,far_west,out_of_season,far_west_el_paso_lower_valley_fabens_out_of_season,far_west_el_paso_lower_valley_fabens_evidence,planning,white_potato,False,corn_silage,Corn grown for silage,True,17,17,43.79,not_recommended,40.49,low,60.0,far_outside_planting_window,far_outside_planting_window,data/scenarios/results/far_west_el_paso_lower_valley_fabens/out_of_season.json
far_west_el_paso_lower_valley_fabens,far_west,out_of_season,far_west_el_paso_lower_valley_fabens_out_of_season,far_west_el_paso_lower_valley_fabens_evidence,planning,white_potato,False,sweet_potato,Sweet potato,True,18,18,43.79,not_recommended,32.81,low,60.0,far_outside_planting_window,far_outside_planting_window,data/scenarios/results/far_west_el_paso_lower_valley_fabens/out_of_season.json
far_west_el_paso_lower_valley_fabens,far_west,out_of_season,far_west_el_paso_lower_valley_fabens_out_of_season,far_west_el_paso_lower_valley_fabens_evidence,planning,white_potato,False,upland_cotton,Upland cotton,True,19,19,41.75,not_recommended,40.49,low,60.0,far_outside_planting_window,far_outside_planting_window,data/scenarios/results/far_west_el_paso_lower_valley_fabens/out_of_season.json
far_west_el_paso_lower_valley_fabens,far_west,out_of_season,far_west_el_paso_lower_valley_fabens_out_of_season,far_west_el_paso_lower_valley_fabens_evidence,planning,white_potato,False,soybean,Soybean,True,20,20,40.79,not_recommended,32.81,low,60.0,far_outside_planting_window,far_outside_planting_window,data/scenarios/results/far_west_el_paso_lower_valley_fabens/out_of_season.json
far_west_el_paso_lower_valley_fabens,far_west,out_of_season,far_west_el_paso_lower_valley_fabens_out_of_season,far_west_el_paso_lower_valley_fabens_evidence,planning,white_potato,False,runner_peanut,Runner-type peanut,True,21,21,38.12,not_recommended,32.81,low,60.0,far_outside_planting_window,far_outside_planting_window,data/scenarios/results/far_west_el_paso_lower_valley_fabens/out_of_season.json
far_west_el_paso_lower_valley_fabens,far_west,out_of_season,far_west_el_paso_lower_valley_fabens_out_of_season,far_west_el_paso_lower_valley_fabens_evidence,planning,white_potato,False,long_grain_rice,Long-grain rice,False,22,,37.5,not_recommended,32.81,low,60.0,unsupported_region|far_outside_planting_window,unsupported_region|far_outside_planting_window,data/scenarios/results/far_west_el_paso_lower_valley_fabens/out_of_season.json
far_west_el_paso_lower_valley_fabens,far_west,no_irrigation,far_west_el_paso_lower_valley_fabens_no_irrigation,far_west_el_paso_lower_valley_fabens_evidence,planting_readiness,white_potato,True,white_potato,White potato,True,1,1,59.61,conditional,58.68,low,83.0,,,data/scenarios/results/far_west_el_paso_lower_valley_fabens/no_irrigation.json
far_west_el_paso_lower_valley_fabens,far_west,no_irrigation,far_west_el_paso_lower_valley_fabens_no_irrigation,far_west_el_paso_lower_valley_fabens_evidence,planting_readiness,white_potato,False,fresh_market_cabbage,Fresh-market cabbage,True,2,2,55.75,conditional,67.01,medium,83.0,,,data/scenarios/results/far_west_el_paso_lower_valley_fabens/no_irrigation.json
far_west_el_paso_lower_valley_fabens,far_west,no_irrigation,far_west_el_paso_lower_valley_fabens_no_irrigation,far_west_el_paso_lower_valley_fabens_evidence,planting_readiness,white_potato,False,grain_sorghum,Grain sorghum,True,3,3,54.0,not_recommended,69.08,medium,100.0,far_outside_planting_window,far_outside_planting_window,data/scenarios/results/far_west_el_paso_lower_valley_fabens/no_irrigation.json
far_west_el_paso_lower_valley_fabens,far_west,no_irrigation,far_west_el_paso_lower_valley_fabens_no_irrigation,far_west_el_paso_lower_valley_fabens_evidence,planting_readiness,white_potato,False,upland_cotton,Upland cotton,True,4,4,54.0,not_recommended,69.08,medium,100.0,far_outside_planting_window,far_outside_planting_window,data/scenarios/results/far_west_el_paso_lower_valley_fabens/no_irrigation.json
far_west_el_paso_lower_valley_fabens,far_west,no_irrigation,far_west_el_paso_lower_valley_fabens_no_irrigation,far_west_el_paso_lower_valley_fabens_evidence,planting_readiness,white_potato,False,seedless_watermelon,Seedless watermelon,True,5,5,54.0,not_recommended,67.01,medium,83.0,far_outside_planting_window,far_outside_planting_window,data/scenarios/results/far_west_el_paso_lower_valley_fabens/no_irrigation.json
far_west_el_paso_lower_valley_fabens,far_west,no_irrigation,far_west_el_paso_lower_valley_fabens_no_irrigation,far_west_el_paso_lower_valley_fabens_evidence,planting_readiness,white_potato,False,alfalfa_hay,Alfalfa grown for hay,True,6,6,54.0,not_recommended,58.68,low,83.0,required_irrigation_unavailable,required_irrigation_unavailable,data/scenarios/results/far_west_el_paso_lower_valley_fabens/no_irrigation.json
far_west_el_paso_lower_valley_fabens,far_west,no_irrigation,far_west_el_paso_lower_valley_fabens_no_irrigation,far_west_el_paso_lower_valley_fabens_evidence,planting_readiness,white_potato,False,forage_sorghum,Forage sorghum,True,7,7,54.0,not_recommended,58.68,low,83.0,far_outside_planting_window,far_outside_planting_window,data/scenarios/results/far_west_el_paso_lower_valley_fabens/no_irrigation.json
far_west_el_paso_lower_valley_fabens,far_west,no_irrigation,far_west_el_paso_lower_valley_fabens_no_irrigation,far_west_el_paso_lower_valley_fabens_evidence,planting_readiness,white_potato,False,sorghum_sudangrass,Sorghum-sudangrass,True,8,8,54.0,not_recommended,58.68,low,83.0,far_outside_planting_window,far_outside_planting_window,data/scenarios/results/far_west_el_paso_lower_valley_fabens/no_irrigation.json
far_west_el_paso_lower_valley_fabens,far_west,no_irrigation,far_west_el_paso_lower_valley_fabens_no_irrigation,far_west_el_paso_lower_valley_fabens_evidence,planting_readiness,white_potato,False,bermudagrass_hay,Bermudagrass grown for hay,True,9,9,54.0,not_recommended,56.51,low,80.0,far_outside_planting_window,far_outside_planting_window,data/scenarios/results/far_west_el_paso_lower_valley_fabens/no_irrigation.json
far_west_el_paso_lower_valley_fabens,far_west,no_irrigation,far_west_el_paso_lower_valley_fabens_no_irrigation,far_west_el_paso_lower_valley_fabens_evidence,planting_readiness,white_potato,False,sweet_potato,Sweet potato,True,10,10,54.0,not_recommended,51.0,low,83.0,far_outside_planting_window,far_outside_planting_window,data/scenarios/results/far_west_el_paso_lower_valley_fabens/no_irrigation.json
far_west_el_paso_lower_valley_fabens,far_west,no_irrigation,far_west_el_paso_lower_valley_fabens_no_irrigation,far_west_el_paso_lower_valley_fabens_evidence,planting_readiness,white_potato,False,sesame,Sesame,True,11,11,54.0,not_recommended,48.57,low,80.0,far_outside_planting_window,far_outside_planting_window,data/scenarios/results/far_west_el_paso_lower_valley_fabens/no_irrigation.json
far_west_el_paso_lower_valley_fabens,far_west,no_irrigation,far_west_el_paso_lower_valley_fabens_no_irrigation,far_west_el_paso_lower_valley_fabens_evidence,planting_readiness,white_potato,False,fresh_market_spinach,Fresh-market spinach,True,12,12,53.83,not_recommended,67.01,medium,83.0,,,data/scenarios/results/far_west_el_paso_lower_valley_fabens/no_irrigation.json
far_west_el_paso_lower_valley_fabens,far_west,no_irrigation,far_west_el_paso_lower_valley_fabens_no_irrigation,far_west_el_paso_lower_valley_fabens_evidence,planting_readiness,white_potato,False,runner_peanut,Runner-type peanut,True,13,13,52.92,not_recommended,51.0,low,83.0,far_outside_planting_window,far_outside_planting_window,data/scenarios/results/far_west_el_paso_lower_valley_fabens/no_irrigation.json
far_west_el_paso_lower_valley_fabens,far_west,no_irrigation,far_west_el_paso_lower_valley_fabens_no_irrigation,far_west_el_paso_lower_valley_fabens_evidence,planting_readiness,white_potato,False,oilseed_sunflower,Oilseed sunflower,True,14,14,50.12,not_recommended,58.68,low,83.0,far_outside_planting_window,far_outside_planting_window,data/scenarios/results/far_west_el_paso_lower_valley_fabens/no_irrigation.json
far_west_el_paso_lower_valley_fabens,far_west,no_irrigation,far_west_el_paso_lower_valley_fabens_no_irrigation,far_west_el_paso_lower_valley_fabens_evidence,planting_readiness,white_potato,False,dry_bulb_onion,Dry-bulb onion,True,15,15,49.91,not_recommended,67.01,medium,83.0,far_outside_planting_window|required_irrigation_unavailable,far_outside_planting_window|required_irrigation_unavailable,data/scenarios/results/far_west_el_paso_lower_valley_fabens/no_irrigation.json
far_west_el_paso_lower_valley_fabens,far_west,no_irrigation,far_west_el_paso_lower_valley_fabens_no_irrigation,far_west_el_paso_lower_valley_fabens_evidence,planting_readiness,white_potato,False,corn_grain,Corn grown for grain,True,16,16,48.02,not_recommended,69.08,medium,100.0,far_outside_planting_window,far_outside_planting_window,data/scenarios/results/far_west_el_paso_lower_valley_fabens/no_irrigation.json
far_west_el_paso_lower_valley_fabens,far_west,no_irrigation,far_west_el_paso_lower_valley_fabens_no_irrigation,far_west_el_paso_lower_valley_fabens_evidence,planting_readiness,white_potato,False,corn_silage,Corn grown for silage,True,17,17,47.02,not_recommended,69.08,medium,100.0,far_outside_planting_window,far_outside_planting_window,data/scenarios/results/far_west_el_paso_lower_valley_fabens/no_irrigation.json
far_west_el_paso_lower_valley_fabens,far_west,no_irrigation,far_west_el_paso_lower_valley_fabens_no_irrigation,far_west_el_paso_lower_valley_fabens_evidence,planting_readiness,white_potato,False,hard_red_winter_wheat,Hard red winter wheat,True,18,18,46.33,not_recommended,69.08,medium,100.0,,,data/scenarios/results/far_west_el_paso_lower_valley_fabens/no_irrigation.json
far_west_el_paso_lower_valley_fabens,far_west,no_irrigation,far_west_el_paso_lower_valley_fabens_no_irrigation,far_west_el_paso_lower_valley_fabens_evidence,planting_readiness,white_potato,False,soybean,Soybean,True,19,19,44.38,not_recommended,61.41,low,100.0,far_outside_planting_window,far_outside_planting_window,data/scenarios/results/far_west_el_paso_lower_valley_fabens/no_irrigation.json
far_west_el_paso_lower_valley_fabens,far_west,no_irrigation,far_west_el_paso_lower_valley_fabens_no_irrigation,far_west_el_paso_lower_valley_fabens_evidence,planting_readiness,white_potato,False,annual_ryegrass_forage,Annual ryegrass grown for forage,True,20,20,38.78,not_recommended,48.84,low,80.0,far_outside_planting_window,far_outside_planting_window,data/scenarios/results/far_west_el_paso_lower_valley_fabens/no_irrigation.json
far_west_el_paso_lower_valley_fabens,far_west,no_irrigation,far_west_el_paso_lower_valley_fabens_no_irrigation,far_west_el_paso_lower_valley_fabens_evidence,planting_readiness,white_potato,False,grain_oats,Grain oats,True,21,21,36.02,not_recommended,61.41,low,100.0,far_outside_planting_window,far_outside_planting_window,data/scenarios/results/far_west_el_paso_lower_valley_fabens/no_irrigation.json
far_west_el_paso_lower_valley_fabens,far_west,no_irrigation,far_west_el_paso_lower_valley_fabens_no_irrigation,far_west_el_paso_lower_valley_fabens_evidence,planting_readiness,white_potato,False,long_grain_rice,Long-grain rice,False,22,,49.58,not_recommended,51.0,low,83.0,unsupported_region|far_outside_planting_window|required_irrigation_unavailable,unsupported_region|far_outside_planting_window|required_irrigation_unavailable,data/scenarios/results/far_west_el_paso_lower_valley_fabens/no_irrigation.json
far_west_el_paso_lower_valley_fabens,far_west,reliable_irrigation,far_west_el_paso_lower_valley_fabens_reliable_irrigation,far_west_el_paso_lower_valley_fabens_evidence,planting_readiness,white_potato,False,alfalfa_hay,Alfalfa grown for hay,True,1,1,68.92,conditional,58.68,low,83.0,,,data/scenarios/results/far_west_el_paso_lower_valley_fabens/reliable_irrigation.json
far_west_el_paso_lower_valley_fabens,far_west,reliable_irrigation,far_west_el_paso_lower_valley_fabens_reliable_irrigation,far_west_el_paso_lower_valley_fabens_evidence,planting_readiness,white_potato,True,white_potato,White potato,True,2,2,62.74,conditional,58.68,low,83.0,,,data/scenarios/results/far_west_el_paso_lower_valley_fabens/reliable_irrigation.json
far_west_el_paso_lower_valley_fabens,far_west,reliable_irrigation,far_west_el_paso_lower_valley_fabens_reliable_irrigation,far_west_el_paso_lower_valley_fabens_evidence,planting_readiness,white_potato,False,fresh_market_cabbage,Fresh-market cabbage,True,3,3,58.89,conditional,67.01,medium,83.0,,,data/scenarios/results/far_west_el_paso_lower_valley_fabens/reliable_irrigation.json
far_west_el_paso_lower_valley_fabens,far_west,reliable_irrigation,far_west_el_paso_lower_valley_fabens_reliable_irrigation,far_west_el_paso_lower_valley_fabens_evidence,planting_readiness,white_potato,False,fresh_market_spinach,Fresh-market spinach,True,4,4,56.96,conditional,67.01,medium,83.0,,,data/scenarios/results/far_west_el_paso_lower_valley_fabens/reliable_irrigation.json
far_west_el_paso_lower_valley_fabens,far_west,reliable_irrigation,far_west_el_paso_lower_valley_fabens_reliable_irrigation,far_west_el_paso_lower_valley_fabens_evidence,planting_readiness,white_potato,False,grain_sorghum,Grain sorghum,True,5,5,54.0,not_recommended,69.08,medium,100.0,far_outside_planting_window,far_outside_planting_window,data/scenarios/results/far_west_el_paso_lower_valley_fabens/reliable_irrigation.json
far_west_el_paso_lower_valley_fabens,far_west,reliable_irrigation,far_west_el_paso_lower_valley_fabens_reliable_irrigation,far_west_el_paso_lower_valley_fabens_evidence,planting_readiness,white_potato,False,upland_cotton,Upland cotton,True,6,6,54.0,not_recommended,69.08,medium,100.0,far_outside_planting_window,far_outside_planting_window,data/scenarios/results/far_west_el_paso_lower_valley_fabens/reliable_irrigation.json
far_west_el_paso_lower_valley_fabens,far_west,reliable_irrigation,far_west_el_paso_lower_valley_fabens_reliable_irrigation,far_west_el_paso_lower_valley_fabens_evidence,planting_readiness,white_potato,False,dry_bulb_onion,Dry-bulb onion,True,7,7,54.0,not_recommended,67.01,medium,83.0,far_outside_planting_window,far_outside_planting_window,data/scenarios/results/far_west_el_paso_lower_valley_fabens/reliable_irrigation.json
far_west_el_paso_lower_valley_fabens,far_west,reliable_irrigation,far_west_el_paso_lower_valley_fabens_reliable_irrigation,far_west_el_paso_lower_valley_fabens_evidence,planting_readiness,white_potato,False,seedless_watermelon,Seedless watermelon,True,8,8,54.0,not_recommended,67.01,medium,83.0,far_outside_planting_window,far_outside_planting_window,data/scenarios/results/far_west_el_paso_lower_valley_fabens/reliable_irrigation.json
far_west_el_paso_lower_valley_fabens,far_west,reliable_irrigation,far_west_el_paso_lower_valley_fabens_reliable_irrigation,far_west_el_paso_lower_valley_fabens_evidence,planting_readiness,white_potato,False,forage_sorghum,Forage sorghum,True,9,9,54.0,not_recommended,58.68,low,83.0,far_outside_planting_window,far_outside_planting_window,data/scenarios/results/far_west_el_paso_lower_valley_fabens/reliable_irrigation.json
far_west_el_paso_lower_valley_fabens,far_west,reliable_irrigation,far_west_el_paso_lower_valley_fabens_reliable_irrigation,far_west_el_paso_lower_valley_fabens_evidence,planting_readiness,white_potato,False,sorghum_sudangrass,Sorghum-sudangrass,True,10,10,54.0,not_recommended,58.68,low,83.0,far_outside_planting_window,far_outside_planting_window,data/scenarios/results/far_west_el_paso_lower_valley_fabens/reliable_irrigation.json
far_west_el_paso_lower_valley_fabens,far_west,reliable_irrigation,far_west_el_paso_lower_valley_fabens_reliable_irrigation,far_west_el_paso_lower_valley_fabens_evidence,planting_readiness,white_potato,False,bermudagrass_hay,Bermudagrass grown for hay,True,11,11,54.0,not_recommended,56.51,low,80.0,far_outside_planting_window,far_outside_planting_window,data/scenarios/results/far_west_el_paso_lower_valley_fabens/reliable_irrigation.json
far_west_el_paso_lower_valley_fabens,far_west,reliable_irrigation,far_west_el_paso_lower_valley_fabens_reliable_irrigation,far_west_el_paso_lower_valley_fabens_evidence,planting_readiness,white_potato,False,runner_peanut,Runner-type peanut,True,12,12,54.0,not_recommended,51.0,low,83.0,far_outside_planting_window,far_outside_planting_window,data/scenarios/results/far_west_el_paso_lower_valley_fabens/reliable_irrigation.json
far_west_el_paso_lower_valley_fabens,far_west,reliable_irrigation,far_west_el_paso_lower_valley_fabens_reliable_irrigation,far_west_el_paso_lower_valley_fabens_evidence,planting_readiness,white_potato,False,sweet_potato,Sweet potato,True,13,13,54.0,not_recommended,51.0,low,83.0,far_outside_planting_window,far_outside_planting_window,data/scenarios/results/far_west_el_paso_lower_valley_fabens/reliable_irrigation.json
far_west_el_paso_lower_valley_fabens,far_west,reliable_irrigation,far_west_el_paso_lower_valley_fabens_reliable_irrigation,far_west_el_paso_lower_valley_fabens_evidence,planting_readiness,white_potato,False,sesame,Sesame,True,14,14,54.0,not_recommended,48.57,low,80.0,far_outside_planting_window,far_outside_planting_window,data/scenarios/results/far_west_el_paso_lower_valley_fabens/reliable_irrigation.json
far_west_el_paso_lower_valley_fabens,far_west,reliable_irrigation,far_west_el_paso_lower_valley_fabens_reliable_irrigation,far_west_el_paso_lower_valley_fabens_evidence,planting_readiness,white_potato,False,oilseed_sunflower,Oilseed sunflower,True,15,15,50.6,not_recommended,58.68,low,83.0,far_outside_planting_window,far_outside_planting_window,data/scenarios/results/far_west_el_paso_lower_valley_fabens/reliable_irrigation.json
far_west_el_paso_lower_valley_fabens,far_west,reliable_irrigation,far_west_el_paso_lower_valley_fabens_reliable_irrigation,far_west_el_paso_lower_valley_fabens_evidence,planting_readiness,white_potato,False,corn_grain,Corn grown for grain,True,16,16,49.62,not_recommended,69.08,medium,100.0,far_outside_planting_window,far_outside_planting_window,data/scenarios/results/far_west_el_paso_lower_valley_fabens/reliable_irrigation.json
far_west_el_paso_lower_valley_fabens,far_west,reliable_irrigation,far_west_el_paso_lower_valley_fabens_reliable_irrigation,far_west_el_paso_lower_valley_fabens_evidence,planting_readiness,white_potato,False,corn_silage,Corn grown for silage,True,17,17,49.62,not_recommended,69.08,medium,100.0,far_outside_planting_window,far_outside_planting_window,data/scenarios/results/far_west_el_paso_lower_valley_fabens/reliable_irrigation.json
far_west_el_paso_lower_valley_fabens,far_west,reliable_irrigation,far_west_el_paso_lower_valley_fabens_reliable_irrigation,far_west_el_paso_lower_valley_fabens_evidence,planting_readiness,white_potato,False,hard_red_winter_wheat,Hard red winter wheat,True,18,18,47.92,not_recommended,69.08,medium,100.0,,,data/scenarios/results/far_west_el_paso_lower_valley_fabens/reliable_irrigation.json
far_west_el_paso_lower_valley_fabens,far_west,reliable_irrigation,far_west_el_paso_lower_valley_fabens_reliable_irrigation,far_west_el_paso_lower_valley_fabens_evidence,planting_readiness,white_potato,False,soybean,Soybean,True,19,19,45.98,not_recommended,61.41,low,100.0,far_outside_planting_window,far_outside_planting_window,data/scenarios/results/far_west_el_paso_lower_valley_fabens/reliable_irrigation.json
far_west_el_paso_lower_valley_fabens,far_west,reliable_irrigation,far_west_el_paso_lower_valley_fabens_reliable_irrigation,far_west_el_paso_lower_valley_fabens_evidence,planting_readiness,white_potato,False,annual_ryegrass_forage,Annual ryegrass grown for forage,True,20,20,40.78,not_recommended,48.84,low,80.0,far_outside_planting_window,far_outside_planting_window,data/scenarios/results/far_west_el_paso_lower_valley_fabens/reliable_irrigation.json
far_west_el_paso_lower_valley_fabens,far_west,reliable_irrigation,far_west_el_paso_lower_valley_fabens_reliable_irrigation,far_west_el_paso_lower_valley_fabens_evidence,planting_readiness,white_potato,False,grain_oats,Grain oats,True,21,21,37.62,not_recommended,61.41,low,100.0,far_outside_planting_window,far_outside_planting_window,data/scenarios/results/far_west_el_paso_lower_valley_fabens/reliable_irrigation.json
far_west_el_paso_lower_valley_fabens,far_west,reliable_irrigation,far_west_el_paso_lower_valley_fabens_reliable_irrigation,far_west_el_paso_lower_valley_fabens_evidence,planting_readiness,white_potato,False,long_grain_rice,Long-grain rice,False,22,,54.0,not_recommended,51.0,low,83.0,unsupported_region|far_outside_planting_window,unsupported_region|far_outside_planting_window,data/scenarios/results/far_west_el_paso_lower_valley_fabens/reliable_irrigation.json
far_west_el_paso_lower_valley_fabens,far_west,missing_irrigation_lab_ph_override,far_west_el_paso_lower_valley_fabens_missing_irrigation_lab_ph_override,far_west_el_paso_lower_valley_fabens_evidence,planting_readiness,white_potato,False,alfalfa_hay,Alfalfa grown for hay,True,1,1,71.52,conditional,57.23,low,79.0,,,data/scenarios/results/far_west_el_paso_lower_valley_fabens/missing_irrigation_lab_ph_override.json
far_west_el_paso_lower_valley_fabens,far_west,missing_irrigation_lab_ph_override,far_west_el_paso_lower_valley_fabens_missing_irrigation_lab_ph_override,far_west_el_paso_lower_valley_fabens_evidence,planting_readiness,white_potato,True,white_potato,White potato,True,2,2,62.75,conditional,57.23,low,79.0,,,data/scenarios/results/far_west_el_paso_lower_valley_fabens/missing_irrigation_lab_ph_override.json
far_west_el_paso_lower_valley_fabens,far_west,missing_irrigation_lab_ph_override,far_west_el_paso_lower_valley_fabens_missing_irrigation_lab_ph_override,far_west_el_paso_lower_valley_fabens_evidence,planting_readiness,white_potato,False,fresh_market_cabbage,Fresh-market cabbage,True,3,3,60.98,conditional,65.31,medium,79.0,,,data/scenarios/results/far_west_el_paso_lower_valley_fabens/missing_irrigation_lab_ph_override.json
far_west_el_paso_lower_valley_fabens,far_west,missing_irrigation_lab_ph_override,far_west_el_paso_lower_valley_fabens_missing_irrigation_lab_ph_override,far_west_el_paso_lower_valley_fabens_evidence,planting_readiness,white_potato,False,fresh_market_spinach,Fresh-market spinach,True,4,4,56.68,conditional,65.31,medium,79.0,,,data/scenarios/results/far_west_el_paso_lower_valley_fabens/missing_irrigation_lab_ph_override.json
far_west_el_paso_lower_valley_fabens,far_west,missing_irrigation_lab_ph_override,far_west_el_paso_lower_valley_fabens_missing_irrigation_lab_ph_override,far_west_el_paso_lower_valley_fabens_evidence,planting_readiness,white_potato,False,grain_sorghum,Grain sorghum,True,5,5,54.0,not_recommended,67.64,medium,96.0,far_outside_planting_window,far_outside_planting_window,data/scenarios/results/far_west_el_paso_lower_valley_fabens/missing_irrigation_lab_ph_override.json
far_west_el_paso_lower_valley_fabens,far_west,missing_irrigation_lab_ph_override,far_west_el_paso_lower_valley_fabens_missing_irrigation_lab_ph_override,far_west_el_paso_lower_valley_fabens_evidence,planting_readiness,white_potato,False,upland_cotton,Upland cotton,True,6,6,54.0,not_recommended,67.64,medium,96.0,far_outside_planting_window,far_outside_planting_window,data/scenarios/results/far_west_el_paso_lower_valley_fabens/missing_irrigation_lab_ph_override.json
far_west_el_paso_lower_valley_fabens,far_west,missing_irrigation_lab_ph_override,far_west_el_paso_lower_valley_fabens_missing_irrigation_lab_ph_override,far_west_el_paso_lower_valley_fabens_evidence,planting_readiness,white_potato,False,seedless_watermelon,Seedless watermelon,True,7,7,54.0,not_recommended,65.31,medium,79.0,far_outside_planting_window,far_outside_planting_window,data/scenarios/results/far_west_el_paso_lower_valley_fabens/missing_irrigation_lab_ph_override.json
far_west_el_paso_lower_valley_fabens,far_west,missing_irrigation_lab_ph_override,far_west_el_paso_lower_valley_fabens_missing_irrigation_lab_ph_override,far_west_el_paso_lower_valley_fabens_evidence,planting_readiness,white_potato,False,forage_sorghum,Forage sorghum,True,8,8,54.0,not_recommended,57.23,low,79.0,far_outside_planting_window,far_outside_planting_window,data/scenarios/results/far_west_el_paso_lower_valley_fabens/missing_irrigation_lab_ph_override.json
far_west_el_paso_lower_valley_fabens,far_west,missing_irrigation_lab_ph_override,far_west_el_paso_lower_valley_fabens_missing_irrigation_lab_ph_override,far_west_el_paso_lower_valley_fabens_evidence,planting_readiness,white_potato,False,sorghum_sudangrass,Sorghum-sudangrass,True,9,9,54.0,not_recommended,57.23,low,79.0,far_outside_planting_window,far_outside_planting_window,data/scenarios/results/far_west_el_paso_lower_valley_fabens/missing_irrigation_lab_ph_override.json
far_west_el_paso_lower_valley_fabens,far_west,missing_irrigation_lab_ph_override,far_west_el_paso_lower_valley_fabens_missing_irrigation_lab_ph_override,far_west_el_paso_lower_valley_fabens_evidence,planting_readiness,white_potato,False,bermudagrass_hay,Bermudagrass grown for hay,True,10,10,54.0,not_recommended,55.07,low,76.0,far_outside_planting_window,far_outside_planting_window,data/scenarios/results/far_west_el_paso_lower_valley_fabens/missing_irrigation_lab_ph_override.json
far_west_el_paso_lower_valley_fabens,far_west,missing_irrigation_lab_ph_override,far_west_el_paso_lower_valley_fabens_missing_irrigation_lab_ph_override,far_west_el_paso_lower_valley_fabens_evidence,planting_readiness,white_potato,False,runner_peanut,Runner-type peanut,True,11,11,54.0,not_recommended,49.56,low,79.0,far_outside_planting_window,far_outside_planting_window,data/scenarios/results/far_west_el_paso_lower_valley_fabens/missing_irrigation_lab_ph_override.json
far_west_el_paso_lower_valley_fabens,far_west,missing_irrigation_lab_ph_override,far_west_el_paso_lower_valley_fabens_missing_irrigation_lab_ph_override,far_west_el_paso_lower_valley_fabens_evidence,planting_readiness,white_potato,False,sweet_potato,Sweet potato,True,12,12,54.0,not_recommended,49.56,low,79.0,far_outside_planting_window,far_outside_planting_window,data/scenarios/results/far_west_el_paso_lower_valley_fabens/missing_irrigation_lab_ph_override.json
far_west_el_paso_lower_valley_fabens,far_west,missing_irrigation_lab_ph_override,far_west_el_paso_lower_valley_fabens_missing_irrigation_lab_ph_override,far_west_el_paso_lower_valley_fabens_evidence,planting_readiness,white_potato,False,sesame,Sesame,True,13,13,54.0,not_recommended,47.38,low,76.0,far_outside_planting_window,far_outside_planting_window,data/scenarios/results/far_west_el_paso_lower_valley_fabens/missing_irrigation_lab_ph_override.json
far_west_el_paso_lower_valley_fabens,far_west,missing_irrigation_lab_ph_override,far_west_el_paso_lower_valley_fabens_missing_irrigation_lab_ph_override,far_west_el_paso_lower_valley_fabens_evidence,planting_readiness,white_potato,False,corn_grain,Corn grown for grain,True,14,14,52.84,not_recommended,67.64,medium,96.0,far_outside_planting_window,far_outside_planting_window,data/scenarios/results/far_west_el_paso_lower_valley_fabens/missing_irrigation_lab_ph_override.json
far_west_el_paso_lower_valley_fabens,far_west,missing_irrigation_lab_ph_override,far_west_el_paso_lower_valley_fabens_missing_irrigation_lab_ph_override,far_west_el_paso_lower_valley_fabens_evidence,planting_readiness,white_potato,False,corn_silage,Corn grown for silage,True,15,15,52.84,not_recommended,67.64,medium,96.0,far_outside_planting_window,far_outside_planting_window,data/scenarios/results/far_west_el_paso_lower_valley_fabens/missing_irrigation_lab_ph_override.json
far_west_el_paso_lower_valley_fabens,far_west,missing_irrigation_lab_ph_override,far_west_el_paso_lower_valley_fabens_missing_irrigation_lab_ph_override,far_west_el_paso_lower_valley_fabens_evidence,planting_readiness,white_potato,False,dry_bulb_onion,Dry-bulb onion,True,16,16,52.44,not_recommended,65.31,medium,79.0,far_outside_planting_window,far_outside_planting_window,data/scenarios/results/far_west_el_paso_lower_valley_fabens/missing_irrigation_lab_ph_override.json
far_west_el_paso_lower_valley_fabens,far_west,missing_irrigation_lab_ph_override,far_west_el_paso_lower_valley_fabens_missing_irrigation_lab_ph_override,far_west_el_paso_lower_valley_fabens_evidence,planting_readiness,white_potato,False,oilseed_sunflower,Oilseed sunflower,True,17,17,52.28,not_recommended,57.23,low,79.0,far_outside_planting_window,far_outside_planting_window,data/scenarios/results/far_west_el_paso_lower_valley_fabens/missing_irrigation_lab_ph_override.json
far_west_el_paso_lower_valley_fabens,far_west,missing_irrigation_lab_ph_override,far_west_el_paso_lower_valley_fabens_missing_irrigation_lab_ph_override,far_west_el_paso_lower_valley_fabens_evidence,planting_readiness,white_potato,False,hard_red_winter_wheat,Hard red winter wheat,True,18,18,51.07,not_recommended,67.64,medium,96.0,,,data/scenarios/results/far_west_el_paso_lower_valley_fabens/missing_irrigation_lab_ph_override.json
far_west_el_paso_lower_valley_fabens,far_west,missing_irrigation_lab_ph_override,far_west_el_paso_lower_valley_fabens_missing_irrigation_lab_ph_override,far_west_el_paso_lower_valley_fabens_evidence,planting_readiness,white_potato,False,soybean,Soybean,True,19,19,49.04,not_recommended,59.96,low,96.0,far_outside_planting_window,far_outside_planting_window,data/scenarios/results/far_west_el_paso_lower_valley_fabens/missing_irrigation_lab_ph_override.json
far_west_el_paso_lower_valley_fabens,far_west,missing_irrigation_lab_ph_override,far_west_el_paso_lower_valley_fabens_missing_irrigation_lab_ph_override,far_west_el_paso_lower_valley_fabens_evidence,planting_readiness,white_potato,False,annual_ryegrass_forage,Annual ryegrass grown for forage,True,20,20,44.38,not_recommended,47.39,low,76.0,far_outside_planting_window,far_outside_planting_window,data/scenarios/results/far_west_el_paso_lower_valley_fabens/missing_irrigation_lab_ph_override.json
far_west_el_paso_lower_valley_fabens,far_west,missing_irrigation_lab_ph_override,far_west_el_paso_lower_valley_fabens_missing_irrigation_lab_ph_override,far_west_el_paso_lower_valley_fabens_evidence,planting_readiness,white_potato,False,grain_oats,Grain oats,True,21,21,40.34,not_recommended,59.96,low,96.0,far_outside_planting_window,far_outside_planting_window,data/scenarios/results/far_west_el_paso_lower_valley_fabens/missing_irrigation_lab_ph_override.json
far_west_el_paso_lower_valley_fabens,far_west,missing_irrigation_lab_ph_override,far_west_el_paso_lower_valley_fabens_missing_irrigation_lab_ph_override,far_west_el_paso_lower_valley_fabens_evidence,planting_readiness,white_potato,False,long_grain_rice,Long-grain rice,False,22,,54.0,not_recommended,49.56,low,79.0,unsupported_region|far_outside_planting_window,unsupported_region|far_outside_planting_window,data/scenarios/results/far_west_el_paso_lower_valley_fabens/missing_irrigation_lab_ph_override.json
far_west_pecos_reeves,far_west,in_season_baseline,far_west_pecos_reeves_in_season_baseline,far_west_pecos_reeves_evidence,planting_readiness,white_potato,False,alfalfa_hay,Alfalfa grown for hay,True,1,1,68.43,conditional,58.68,low,83.0,,,data/scenarios/results/far_west_pecos_reeves/in_season_baseline.json
far_west_pecos_reeves,far_west,in_season_baseline,far_west_pecos_reeves_in_season_baseline,far_west_pecos_reeves_evidence,planting_readiness,white_potato,False,fresh_market_cabbage,Fresh-market cabbage,True,2,2,57.2,conditional,67.01,medium,83.0,,,data/scenarios/results/far_west_pecos_reeves/in_season_baseline.json
far_west_pecos_reeves,far_west,in_season_baseline,far_west_pecos_reeves_in_season_baseline,far_west_pecos_reeves_evidence,planting_readiness,white_potato,True,white_potato,White potato,True,3,3,57.2,conditional,58.68,low,83.0,,,data/scenarios/results/far_west_pecos_reeves/in_season_baseline.json
far_west_pecos_reeves,far_west,in_season_baseline,far_west_pecos_reeves_in_season_baseline,far_west_pecos_reeves_evidence,planting_readiness,white_potato,False,fresh_market_spinach,Fresh-market spinach,True,4,4,55.99,conditional,67.01,medium,83.0,,,data/scenarios/results/far_west_pecos_reeves/in_season_baseline.json
far_west_pecos_reeves,far_west,in_season_baseline,far_west_pecos_reeves_in_season_baseline,far_west_pecos_reeves_evidence,planting_readiness,white_potato,False,grain_sorghum,Grain sorghum,True,5,5,54.0,not_recommended,69.08,medium,100.0,far_outside_planting_window,far_outside_planting_window,data/scenarios/results/far_west_pecos_reeves/in_season_baseline.json
far_west_pecos_reeves,far_west,in_season_baseline,far_west_pecos_reeves_in_season_baseline,far_west_pecos_reeves_evidence,planting_readiness,white_potato,False,upland_cotton,Upland cotton,True,6,6,54.0,not_recommended,69.08,medium,100.0,far_outside_planting_window,far_outside_planting_window,data/scenarios/results/far_west_pecos_reeves/in_season_baseline.json
far_west_pecos_reeves,far_west,in_season_baseline,far_west_pecos_reeves_in_season_baseline,far_west_pecos_reeves_evidence,planting_readiness,white_potato,False,seedless_watermelon,Seedless watermelon,True,7,7,54.0,not_recommended,67.01,medium,83.0,far_outside_planting_window,far_outside_planting_window,data/scenarios/results/far_west_pecos_reeves/in_season_baseline.json
far_west_pecos_reeves,far_west,in_season_baseline,far_west_pecos_reeves_in_season_baseline,far_west_pecos_reeves_evidence,planting_readiness,white_potato,False,forage_sorghum,Forage sorghum,True,8,8,54.0,not_recommended,58.68,low,83.0,far_outside_planting_window,far_outside_planting_window,data/scenarios/results/far_west_pecos_reeves/in_season_baseline.json
far_west_pecos_reeves,far_west,in_season_baseline,far_west_pecos_reeves_in_season_baseline,far_west_pecos_reeves_evidence,planting_readiness,white_potato,False,sorghum_sudangrass,Sorghum-sudangrass,True,9,9,54.0,not_recommended,58.68,low,83.0,far_outside_planting_window,far_outside_planting_window,data/scenarios/results/far_west_pecos_reeves/in_season_baseline.json
far_west_pecos_reeves,far_west,in_season_baseline,far_west_pecos_reeves_in_season_baseline,far_west_pecos_reeves_evidence,planting_readiness,white_potato,False,bermudagrass_hay,Bermudagrass grown for hay,True,10,10,54.0,not_recommended,56.51,low,80.0,far_outside_planting_window,far_outside_planting_window,data/scenarios/results/far_west_pecos_reeves/in_season_baseline.json
far_west_pecos_reeves,far_west,in_season_baseline,far_west_pecos_reeves_in_season_baseline,far_west_pecos_reeves_evidence,planting_readiness,white_potato,False,sweet_potato,Sweet potato,True,11,11,54.0,not_recommended,51.0,low,83.0,far_outside_planting_window,far_outside_planting_window,data/scenarios/results/far_west_pecos_reeves/in_season_baseline.json
far_west_pecos_reeves,far_west,in_season_baseline,far_west_pecos_reeves_in_season_baseline,far_west_pecos_reeves_evidence,planting_readiness,white_potato,False,sesame,Sesame,True,12,12,54.0,not_recommended,48.57,low,80.0,far_outside_planting_window,far_outside_planting_window,data/scenarios/results/far_west_pecos_reeves/in_season_baseline.json
far_west_pecos_reeves,far_west,in_season_baseline,far_west_pecos_reeves_in_season_baseline,far_west_pecos_reeves_evidence,planting_readiness,white_potato,False,dry_bulb_onion,Dry-bulb onion,True,13,13,52.44,not_recommended,67.01,medium,83.0,far_outside_planting_window,far_outside_planting_window,data/scenarios/results/far_west_pecos_reeves/in_season_baseline.json
far_west_pecos_reeves,far_west,in_season_baseline,far_west_pecos_reeves_in_season_baseline,far_west_pecos_reeves_evidence,planting_readiness,white_potato,False,runner_peanut,Runner-type peanut,True,14,14,49.55,not_recommended,51.0,low,83.0,far_outside_planting_window,far_outside_planting_window,data/scenarios/results/far_west_pecos_reeves/in_season_baseline.json
far_west_pecos_reeves,far_west,in_season_baseline,far_west_pecos_reeves_in_season_baseline,far_west_pecos_reeves_evidence,planting_readiness,white_potato,False,oilseed_sunflower,Oilseed sunflower,True,15,15,49.28,not_recommended,58.68,low,83.0,far_outside_planting_window,far_outside_planting_window,data/scenarios/results/far_west_pecos_reeves/in_season_baseline.json
far_west_pecos_reeves,far_west,in_season_baseline,far_west_pecos_reeves_in_season_baseline,far_west_pecos_reeves_evidence,planting_readiness,white_potato,False,corn_grain,Corn grown for grain,True,16,16,49.23,not_recommended,69.08,medium,100.0,far_outside_planting_window,far_outside_planting_window,data/scenarios/results/far_west_pecos_reeves/in_season_baseline.json
far_west_pecos_reeves,far_west,in_season_baseline,far_west_pecos_reeves_in_season_baseline,far_west_pecos_reeves_evidence,planting_readiness,white_potato,False,corn_silage,Corn grown for silage,True,17,17,49.23,not_recommended,69.08,medium,100.0,far_outside_planting_window,far_outside_planting_window,data/scenarios/results/far_west_pecos_reeves/in_season_baseline.json
far_west_pecos_reeves,far_west,in_season_baseline,far_west_pecos_reeves_in_season_baseline,far_west_pecos_reeves_evidence,planting_readiness,white_potato,False,hard_red_winter_wheat,Hard red winter wheat,True,18,18,45.23,not_recommended,69.08,medium,100.0,,,data/scenarios/results/far_west_pecos_reeves/in_season_baseline.json
far_west_pecos_reeves,far_west,in_season_baseline,far_west_pecos_reeves_in_season_baseline,far_west_pecos_reeves_evidence,planting_readiness,white_potato,False,soybean,Soybean,True,19,19,43.88,not_recommended,61.41,low,100.0,far_outside_planting_window,far_outside_planting_window,data/scenarios/results/far_west_pecos_reeves/in_season_baseline.json
far_west_pecos_reeves,far_west,in_season_baseline,far_west_pecos_reeves_in_season_baseline,far_west_pecos_reeves_evidence,planting_readiness,white_potato,False,annual_ryegrass_forage,Annual ryegrass grown for forage,True,20,20,39.03,not_recommended,48.84,low,80.0,far_outside_planting_window,far_outside_planting_window,data/scenarios/results/far_west_pecos_reeves/in_season_baseline.json
far_west_pecos_reeves,far_west,in_season_baseline,far_west_pecos_reeves_in_season_baseline,far_west_pecos_reeves_evidence,planting_readiness,white_potato,False,grain_oats,Grain oats,True,21,21,37.23,not_recommended,61.41,low,100.0,far_outside_planting_window,far_outside_planting_window,data/scenarios/results/far_west_pecos_reeves/in_season_baseline.json
far_west_pecos_reeves,far_west,in_season_baseline,far_west_pecos_reeves_in_season_baseline,far_west_pecos_reeves_evidence,planting_readiness,white_potato,False,long_grain_rice,Long-grain rice,False,22,,49.1,not_recommended,51.0,low,83.0,unsupported_region|far_outside_planting_window,unsupported_region|far_outside_planting_window,data/scenarios/results/far_west_pecos_reeves/in_season_baseline.json
far_west_pecos_reeves,far_west,out_of_season,far_west_pecos_reeves_out_of_season,far_west_pecos_reeves_evidence,planning,white_potato,False,alfalfa_hay,Alfalfa grown for hay,True,1,1,73.25,conditional,40.49,low,60.0,,,data/scenarios/results/far_west_pecos_reeves/out_of_season.json
far_west_pecos_reeves,far_west,out_of_season,far_west_pecos_reeves_out_of_season,far_west_pecos_reeves_evidence,planning,white_potato,False,fresh_market_spinach,Fresh-market spinach,True,2,2,71.04,conditional,47.11,low,60.0,,,data/scenarios/results/far_west_pecos_reeves/out_of_season.json
far_west_pecos_reeves,far_west,out_of_season,far_west_pecos_reeves_out_of_season,far_west_pecos_reeves_evidence,planning,white_potato,False,hard_red_winter_wheat,Hard red winter wheat,True,3,3,70.38,conditional,40.49,low,60.0,,,data/scenarios/results/far_west_pecos_reeves/out_of_season.json
far_west_pecos_reeves,far_west,out_of_season,far_west_pecos_reeves_out_of_season,far_west_pecos_reeves_evidence,planning,white_potato,False,dry_bulb_onion,Dry-bulb onion,True,4,4,54.0,not_recommended,47.11,low,60.0,far_outside_planting_window,far_outside_planting_window,data/scenarios/results/far_west_pecos_reeves/out_of_season.json
far_west_pecos_reeves,far_west,out_of_season,far_west_pecos_reeves_out_of_season,far_west_pecos_reeves_evidence,planning,white_potato,False,fresh_market_cabbage,Fresh-market cabbage,True,5,5,54.0,not_recommended,47.11,low,60.0,far_outside_planting_window,far_outside_planting_window,data/scenarios/results/far_west_pecos_reeves/out_of_season.json
far_west_pecos_reeves,far_west,out_of_season,far_west_pecos_reeves_out_of_season,far_west_pecos_reeves_evidence,planning,white_potato,False,oilseed_sunflower,Oilseed sunflower,True,6,6,54.0,not_recommended,40.49,low,60.0,far_outside_planting_window,far_outside_planting_window,data/scenarios/results/far_west_pecos_reeves/out_of_season.json
far_west_pecos_reeves,far_west,out_of_season,far_west_pecos_reeves_out_of_season,far_west_pecos_reeves_evidence,planning,white_potato,True,white_potato,White potato,True,7,7,54.0,not_recommended,40.49,low,60.0,far_outside_planting_window,far_outside_planting_window,data/scenarios/results/far_west_pecos_reeves/out_of_season.json
far_west_pecos_reeves,far_west,out_of_season,far_west_pecos_reeves_out_of_season,far_west_pecos_reeves_evidence,planning,white_potato,False,annual_ryegrass_forage,Annual ryegrass grown for forage,True,8,8,54.0,not_recommended,32.81,low,60.0,far_outside_planting_window,far_outside_planting_window,data/scenarios/results/far_west_pecos_reeves/out_of_season.json
far_west_pecos_reeves,far_west,out_of_season,far_west_pecos_reeves_out_of_season,far_west_pecos_reeves_evidence,planning,white_potato,False,bermudagrass_hay,Bermudagrass grown for hay,True,9,9,53.67,not_recommended,40.49,low,60.0,far_outside_planting_window,far_outside_planting_window,data/scenarios/results/far_west_pecos_reeves/out_of_season.json
far_west_pecos_reeves,far_west,out_of_season,far_west_pecos_reeves_out_of_season,far_west_pecos_reeves_evidence,planning,white_potato,False,grain_oats,Grain oats,True,10,10,53.54,not_recommended,32.81,low,60.0,far_outside_planting_window,far_outside_planting_window,data/scenarios/results/far_west_pecos_reeves/out_of_season.json
far_west_pecos_reeves,far_west,out_of_season,far_west_pecos_reeves_out_of_season,far_west_pecos_reeves_evidence,planning,white_potato,False,sesame,Sesame,True,11,11,53.38,not_recommended,33.87,low,60.0,far_outside_planting_window,far_outside_planting_window,data/scenarios/results/far_west_pecos_reeves/out_of_season.json
far_west_pecos_reeves,far_west,out_of_season,far_west_pecos_reeves_out_of_season,far_west_pecos_reeves_evidence,planning,white_potato,False,forage_sorghum,Forage sorghum,True,12,12,51.5,not_recommended,40.49,low,60.0,far_outside_planting_window,far_outside_planting_window,data/scenarios/results/far_west_pecos_reeves/out_of_season.json
far_west_pecos_reeves,far_west,out_of_season,far_west_pecos_reeves_out_of_season,far_west_pecos_reeves_evidence,planning,white_potato,False,grain_sorghum,Grain sorghum,True,13,13,51.5,not_recommended,40.49,low,60.0,far_outside_planting_window,far_outside_planting_window,data/scenarios/results/far_west_pecos_reeves/out_of_season.json
far_west_pecos_reeves,far_west,out_of_season,far_west_pecos_reeves_out_of_season,far_west_pecos_reeves_evidence,planning,white_potato,False,sorghum_sudangrass,Sorghum-sudangrass,True,14,14,51.5,not_recommended,40.49,low,60.0,far_outside_planting_window,far_outside_planting_window,data/scenarios/results/far_west_pecos_reeves/out_of_season.json
far_west_pecos_reeves,far_west,out_of_season,far_west_pecos_reeves_out_of_season,far_west_pecos_reeves_evidence,planning,white_potato,False,seedless_watermelon,Seedless watermelon,True,15,15,49.79,not_recommended,47.11,low,60.0,far_outside_planting_window,far_outside_planting_window,data/scenarios/results/far_west_pecos_reeves/out_of_season.json
far_west_pecos_reeves,far_west,out_of_season,far_west_pecos_reeves_out_of_season,far_west_pecos_reeves_evidence,planning,white_potato,False,upland_cotton,Upland cotton,True,16,16,49.42,not_recommended,40.49,low,60.0,far_outside_planting_window,far_outside_planting_window,data/scenarios/results/far_west_pecos_reeves/out_of_season.json
far_west_pecos_reeves,far_west,out_of_season,far_west_pecos_reeves_out_of_season,far_west_pecos_reeves_evidence,planning,white_potato,False,corn_grain,Corn grown for grain,True,17,17,48.79,not_recommended,40.49,low,60.0,far_outside_planting_window,far_outside_planting_window,data/scenarios/results/far_west_pecos_reeves/out_of_season.json
far_west_pecos_reeves,far_west,out_of_season,far_west_pecos_reeves_out_of_season,far_west_pecos_reeves_evidence,planning,white_potato,False,corn_silage,Corn grown for silage,True,18,18,48.79,not_recommended,40.49,low,60.0,far_outside_planting_window,far_outside_planting_window,data/scenarios/results/far_west_pecos_reeves/out_of_season.json
far_west_pecos_reeves,far_west,out_of_season,far_west_pecos_reeves_out_of_season,far_west_pecos_reeves_evidence,planning,white_potato,False,soybean,Soybean,True,19,19,44.12,not_recommended,32.81,low,60.0,far_outside_planting_window,far_outside_planting_window,data/scenarios/results/far_west_pecos_reeves/out_of_season.json
far_west_pecos_reeves,far_west,out_of_season,far_west_pecos_reeves_out_of_season,far_west_pecos_reeves_evidence,planning,white_potato,False,sweet_potato,Sweet potato,True,20,20,43.79,not_recommended,32.81,low,60.0,far_outside_planting_window,far_outside_planting_window,data/scenarios/results/far_west_pecos_reeves/out_of_season.json
far_west_pecos_reeves,far_west,out_of_season,far_west_pecos_reeves_out_of_season,far_west_pecos_reeves_evidence,planning,white_potato,False,runner_peanut,Runner-type peanut,True,21,21,39.12,not_recommended,32.81,low,60.0,far_outside_planting_window,far_outside_planting_window,data/scenarios/results/far_west_pecos_reeves/out_of_season.json
far_west_pecos_reeves,far_west,out_of_season,far_west_pecos_reeves_out_of_season,far_west_pecos_reeves_evidence,planning,white_potato,False,long_grain_rice,Long-grain rice,False,22,,38.5,not_recommended,32.81,low,60.0,unsupported_region|far_outside_planting_window,unsupported_region|far_outside_planting_window,data/scenarios/results/far_west_pecos_reeves/out_of_season.json
far_west_pecos_reeves,far_west,no_irrigation,far_west_pecos_reeves_no_irrigation,far_west_pecos_reeves_evidence,planting_readiness,white_potato,False,fresh_market_cabbage,Fresh-market cabbage,True,1,1,55.51,conditional,67.01,medium,83.0,,,data/scenarios/results/far_west_pecos_reeves/no_irrigation.json
far_west_pecos_reeves,far_west,no_irrigation,far_west_pecos_reeves_no_irrigation,far_west_pecos_reeves_evidence,planting_readiness,white_potato,True,white_potato,White potato,True,2,2,55.51,conditional,58.68,low,83.0,,,data/scenarios/results/far_west_pecos_reeves/no_irrigation.json
far_west_pecos_reeves,far_west,no_irrigation,far_west_pecos_reeves_no_irrigation,far_west_pecos_reeves_evidence,planting_readiness,white_potato,False,fresh_market_spinach,Fresh-market spinach,True,3,3,54.31,not_recommended,67.01,medium,83.0,,,data/scenarios/results/far_west_pecos_reeves/no_irrigation.json
far_west_pecos_reeves,far_west,no_irrigation,far_west_pecos_reeves_no_irrigation,far_west_pecos_reeves_evidence,planting_readiness,white_potato,False,grain_sorghum,Grain sorghum,True,4,4,54.0,not_recommended,69.08,medium,100.0,far_outside_planting_window,far_outside_planting_window,data/scenarios/results/far_west_pecos_reeves/no_irrigation.json
far_west_pecos_reeves,far_west,no_irrigation,far_west_pecos_reeves_no_irrigation,far_west_pecos_reeves_evidence,planting_readiness,white_potato,False,upland_cotton,Upland cotton,True,5,5,54.0,not_recommended,69.08,medium,100.0,far_outside_planting_window,far_outside_planting_window,data/scenarios/results/far_west_pecos_reeves/no_irrigation.json
far_west_pecos_reeves,far_west,no_irrigation,far_west_pecos_reeves_no_irrigation,far_west_pecos_reeves_evidence,planting_readiness,white_potato,False,seedless_watermelon,Seedless watermelon,True,6,6,54.0,not_recommended,67.01,medium,83.0,far_outside_planting_window,far_outside_planting_window,data/scenarios/results/far_west_pecos_reeves/no_irrigation.json
far_west_pecos_reeves,far_west,no_irrigation,far_west_pecos_reeves_no_irrigation,far_west_pecos_reeves_evidence,planting_readiness,white_potato,False,alfalfa_hay,Alfalfa grown for hay,True,7,7,54.0,not_recommended,58.68,low,83.0,required_irrigation_unavailable,required_irrigation_unavailable,data/scenarios/results/far_west_pecos_reeves/no_irrigation.json
far_west_pecos_reeves,far_west,no_irrigation,far_west_pecos_reeves_no_irrigation,far_west_pecos_reeves_evidence,planting_readiness,white_potato,False,forage_sorghum,Forage sorghum,True,8,8,54.0,not_recommended,58.68,low,83.0,far_outside_planting_window,far_outside_planting_window,data/scenarios/results/far_west_pecos_reeves/no_irrigation.json
far_west_pecos_reeves,far_west,no_irrigation,far_west_pecos_reeves_no_irrigation,far_west_pecos_reeves_evidence,planting_readiness,white_potato,False,sorghum_sudangrass,Sorghum-sudangrass,True,9,9,54.0,not_recommended,58.68,low,83.0,far_outside_planting_window,far_outside_planting_window,data/scenarios/results/far_west_pecos_reeves/no_irrigation.json
far_west_pecos_reeves,far_west,no_irrigation,far_west_pecos_reeves_no_irrigation,far_west_pecos_reeves_evidence,planting_readiness,white_potato,False,bermudagrass_hay,Bermudagrass grown for hay,True,10,10,54.0,not_recommended,56.51,low,80.0,far_outside_planting_window,far_outside_planting_window,data/scenarios/results/far_west_pecos_reeves/no_irrigation.json
far_west_pecos_reeves,far_west,no_irrigation,far_west_pecos_reeves_no_irrigation,far_west_pecos_reeves_evidence,planting_readiness,white_potato,False,sweet_potato,Sweet potato,True,11,11,54.0,not_recommended,51.0,low,83.0,far_outside_planting_window,far_outside_planting_window,data/scenarios/results/far_west_pecos_reeves/no_irrigation.json
far_west_pecos_reeves,far_west,no_irrigation,far_west_pecos_reeves_no_irrigation,far_west_pecos_reeves_evidence,planting_readiness,white_potato,False,sesame,Sesame,True,12,12,54.0,not_recommended,48.57,low,80.0,far_outside_planting_window,far_outside_planting_window,data/scenarios/results/far_west_pecos_reeves/no_irrigation.json
far_west_pecos_reeves,far_west,no_irrigation,far_west_pecos_reeves_no_irrigation,far_west_pecos_reeves_evidence,planting_readiness,white_potato,False,oilseed_sunflower,Oilseed sunflower,True,13,13,49.28,not_recommended,58.68,low,83.0,far_outside_planting_window,far_outside_planting_window,data/scenarios/results/far_west_pecos_reeves/no_irrigation.json
far_west_pecos_reeves,far_west,no_irrigation,far_west_pecos_reeves_no_irrigation,far_west_pecos_reeves_evidence,planting_readiness,white_potato,False,dry_bulb_onion,Dry-bulb onion,True,14,14,49.07,not_recommended,67.01,medium,83.0,far_outside_planting_window|required_irrigation_unavailable,far_outside_planting_window|required_irrigation_unavailable,data/scenarios/results/far_west_pecos_reeves/no_irrigation.json
far_west_pecos_reeves,far_west,no_irrigation,far_west_pecos_reeves_no_irrigation,far_west_pecos_reeves_evidence,planting_readiness,white_potato,False,runner_peanut,Runner-type peanut,True,15,15,49.07,not_recommended,51.0,low,83.0,far_outside_planting_window,far_outside_planting_window,data/scenarios/results/far_west_pecos_reeves/no_irrigation.json
far_west_pecos_reeves,far_west,no_irrigation,far_west_pecos_reeves_no_irrigation,far_west_pecos_reeves_evidence,planting_readiness,white_potato,False,corn_grain,Corn grown for grain,True,16,16,48.83,not_recommended,69.08,medium,100.0,far_outside_planting_window,far_outside_planting_window,data/scenarios/results/far_west_pecos_reeves/no_irrigation.json
far_west_pecos_reeves,far_west,no_irrigation,far_west_pecos_reeves_no_irrigation,far_west_pecos_reeves_evidence,planting_readiness,white_potato,False,corn_silage,Corn grown for silage,True,17,17,47.83,not_recommended,69.08,medium,100.0,far_outside_planting_window,far_outside_planting_window,data/scenarios/results/far_west_pecos_reeves/no_irrigation.json
far_west_pecos_reeves,far_west,no_irrigation,far_west_pecos_reeves_no_irrigation,far_west_pecos_reeves_evidence,planting_readiness,white_potato,False,hard_red_winter_wheat,Hard red winter wheat,True,18,18,44.83,not_recommended,69.08,medium,100.0,,,data/scenarios/results/far_west_pecos_reeves/no_irrigation.json
far_west_pecos_reeves,far_west,no_irrigation,far_west_pecos_reeves_no_irrigation,far_west_pecos_reeves_evidence,planting_readiness,white_potato,False,soybean,Soybean,True,19,19,43.48,not_recommended,61.41,low,100.0,far_outside_planting_window,far_outside_planting_window,data/scenarios/results/far_west_pecos_reeves/no_irrigation.json
far_west_pecos_reeves,far_west,no_irrigation,far_west_pecos_reeves_no_irrigation,far_west_pecos_reeves_evidence,planting_readiness,white_potato,False,annual_ryegrass_forage,Annual ryegrass grown for forage,True,20,20,38.53,not_recommended,48.84,low,80.0,far_outside_planting_window,far_outside_planting_window,data/scenarios/results/far_west_pecos_reeves/no_irrigation.json
far_west_pecos_reeves,far_west,no_irrigation,far_west_pecos_reeves_no_irrigation,far_west_pecos_reeves_evidence,planting_readiness,white_potato,False,grain_oats,Grain oats,True,21,21,36.83,not_recommended,61.41,low,100.0,far_outside_planting_window,far_outside_planting_window,data/scenarios/results/far_west_pecos_reeves/no_irrigation.json
far_west_pecos_reeves,far_west,no_irrigation,far_west_pecos_reeves_no_irrigation,far_west_pecos_reeves_evidence,planting_readiness,white_potato,False,long_grain_rice,Long-grain rice,False,22,,45.72,not_recommended,51.0,low,83.0,unsupported_region|far_outside_planting_window|required_irrigation_unavailable,unsupported_region|far_outside_planting_window|required_irrigation_unavailable,data/scenarios/results/far_west_pecos_reeves/no_irrigation.json
far_west_pecos_reeves,far_west,reliable_irrigation,far_west_pecos_reeves_reliable_irrigation,far_west_pecos_reeves_evidence,planting_readiness,white_potato,False,alfalfa_hay,Alfalfa grown for hay,True,1,1,69.88,conditional,58.68,low,83.0,,,data/scenarios/results/far_west_pecos_reeves/reliable_irrigation.json
far_west_pecos_reeves,far_west,reliable_irrigation,far_west_pecos_reeves_reliable_irrigation,far_west_pecos_reeves_evidence,planting_readiness,white_potato,False,fresh_market_cabbage,Fresh-market cabbage,True,2,2,58.64,conditional,67.01,medium,83.0,,,data/scenarios/results/far_west_pecos_reeves/reliable_irrigation.json
far_west_pecos_reeves,far_west,reliable_irrigation,far_west_pecos_reeves_reliable_irrigation,far_west_pecos_reeves_evidence,planting_readiness,white_potato,True,white_potato,White potato,True,3,3,58.64,conditional,58.68,low,83.0,,,data/scenarios/results/far_west_pecos_reeves/reliable_irrigation.json
far_west_pecos_reeves,far_west,reliable_irrigation,far_west_pecos_reeves_reliable_irrigation,far_west_pecos_reeves_evidence,planting_readiness,white_potato,False,fresh_market_spinach,Fresh-market spinach,True,4,4,57.44,conditional,67.01,medium,83.0,,,data/scenarios/results/far_west_pecos_reeves/reliable_irrigation.json
far_west_pecos_reeves,far_west,reliable_irrigation,far_west_pecos_reeves_reliable_irrigation,far_west_pecos_reeves_evidence,planting_readiness,white_potato,False,grain_sorghum,Grain sorghum,True,5,5,54.0,not_recommended,69.08,medium,100.0,far_outside_planting_window,far_outside_planting_window,data/scenarios/results/far_west_pecos_reeves/reliable_irrigation.json
far_west_pecos_reeves,far_west,reliable_irrigation,far_west_pecos_reeves_reliable_irrigation,far_west_pecos_reeves_evidence,planting_readiness,white_potato,False,upland_cotton,Upland cotton,True,6,6,54.0,not_recommended,69.08,medium,100.0,far_outside_planting_window,far_outside_planting_window,data/scenarios/results/far_west_pecos_reeves/reliable_irrigation.json
far_west_pecos_reeves,far_west,reliable_irrigation,far_west_pecos_reeves_reliable_irrigation,far_west_pecos_reeves_evidence,planting_readiness,white_potato,False,seedless_watermelon,Seedless watermelon,True,7,7,54.0,not_recommended,67.01,medium,83.0,far_outside_planting_window,far_outside_planting_window,data/scenarios/results/far_west_pecos_reeves/reliable_irrigation.json
far_west_pecos_reeves,far_west,reliable_irrigation,far_west_pecos_reeves_reliable_irrigation,far_west_pecos_reeves_evidence,planting_readiness,white_potato,False,forage_sorghum,Forage sorghum,True,8,8,54.0,not_recommended,58.68,low,83.0,far_outside_planting_window,far_outside_planting_window,data/scenarios/results/far_west_pecos_reeves/reliable_irrigation.json
far_west_pecos_reeves,far_west,reliable_irrigation,far_west_pecos_reeves_reliable_irrigation,far_west_pecos_reeves_evidence,planting_readiness,white_potato,False,sorghum_sudangrass,Sorghum-sudangrass,True,9,9,54.0,not_recommended,58.68,low,83.0,far_outside_planting_window,far_outside_planting_window,data/scenarios/results/far_west_pecos_reeves/reliable_irrigation.json
far_west_pecos_reeves,far_west,reliable_irrigation,far_west_pecos_reeves_reliable_irrigation,far_west_pecos_reeves_evidence,planting_readiness,white_potato,False,bermudagrass_hay,Bermudagrass grown for hay,True,10,10,54.0,not_recommended,56.51,low,80.0,far_outside_planting_window,far_outside_planting_window,data/scenarios/results/far_west_pecos_reeves/reliable_irrigation.json
far_west_pecos_reeves,far_west,reliable_irrigation,far_west_pecos_reeves_reliable_irrigation,far_west_pecos_reeves_evidence,planting_readiness,white_potato,False,sweet_potato,Sweet potato,True,11,11,54.0,not_recommended,51.0,low,83.0,far_outside_planting_window,far_outside_planting_window,data/scenarios/results/far_west_pecos_reeves/reliable_irrigation.json
far_west_pecos_reeves,far_west,reliable_irrigation,far_west_pecos_reeves_reliable_irrigation,far_west_pecos_reeves_evidence,planting_readiness,white_potato,False,sesame,Sesame,True,12,12,54.0,not_recommended,48.57,low,80.0,far_outside_planting_window,far_outside_planting_window,data/scenarios/results/far_west_pecos_reeves/reliable_irrigation.json
far_west_pecos_reeves,far_west,reliable_irrigation,far_west_pecos_reeves_reliable_irrigation,far_west_pecos_reeves_evidence,planting_readiness,white_potato,False,dry_bulb_onion,Dry-bulb onion,True,13,13,53.89,not_recommended,67.01,medium,83.0,far_outside_planting_window,far_outside_planting_window,data/scenarios/results/far_west_pecos_reeves/reliable_irrigation.json
far_west_pecos_reeves,far_west,reliable_irrigation,far_west_pecos_reeves_reliable_irrigation,far_west_pecos_reeves_evidence,planting_readiness,white_potato,False,runner_peanut,Runner-type peanut,True,14,14,50.99,not_recommended,51.0,low,83.0,far_outside_planting_window,far_outside_planting_window,data/scenarios/results/far_west_pecos_reeves/reliable_irrigation.json
far_west_pecos_reeves,far_west,reliable_irrigation,far_west_pecos_reeves_reliable_irrigation,far_west_pecos_reeves_evidence,planting_readiness,white_potato,False,corn_grain,Corn grown for grain,True,15,15,50.42,not_recommended,69.08,medium,100.0,far_outside_planting_window,far_outside_planting_window,data/scenarios/results/far_west_pecos_reeves/reliable_irrigation.json
far_west_pecos_reeves,far_west,reliable_irrigation,far_west_pecos_reeves_reliable_irrigation,far_west_pecos_reeves_evidence,planting_readiness,white_potato,False,corn_silage,Corn grown for silage,True,16,16,50.42,not_recommended,69.08,medium,100.0,far_outside_planting_window,far_outside_planting_window,data/scenarios/results/far_west_pecos_reeves/reliable_irrigation.json
far_west_pecos_reeves,far_west,reliable_irrigation,far_west_pecos_reeves_reliable_irrigation,far_west_pecos_reeves_evidence,planting_readiness,white_potato,False,oilseed_sunflower,Oilseed sunflower,True,17,17,49.76,not_recommended,58.68,low,83.0,far_outside_planting_window,far_outside_planting_window,data/scenarios/results/far_west_pecos_reeves/reliable_irrigation.json
far_west_pecos_reeves,far_west,reliable_irrigation,far_west_pecos_reeves_reliable_irrigation,far_west_pecos_reeves_evidence,planting_readiness,white_potato,False,hard_red_winter_wheat,Hard red winter wheat,True,18,18,46.42,not_recommended,69.08,medium,100.0,,,data/scenarios/results/far_west_pecos_reeves/reliable_irrigation.json
far_west_pecos_reeves,far_west,reliable_irrigation,far_west_pecos_reeves_reliable_irrigation,far_west_pecos_reeves_evidence,planting_readiness,white_potato,False,soybean,Soybean,True,19,19,45.08,not_recommended,61.41,low,100.0,far_outside_planting_window,far_outside_planting_window,data/scenarios/results/far_west_pecos_reeves/reliable_irrigation.json
far_west_pecos_reeves,far_west,reliable_irrigation,far_west_pecos_reeves_reliable_irrigation,far_west_pecos_reeves_evidence,planting_readiness,white_potato,False,annual_ryegrass_forage,Annual ryegrass grown for forage,True,20,20,40.53,not_recommended,48.84,low,80.0,far_outside_planting_window,far_outside_planting_window,data/scenarios/results/far_west_pecos_reeves/reliable_irrigation.json
far_west_pecos_reeves,far_west,reliable_irrigation,far_west_pecos_reeves_reliable_irrigation,far_west_pecos_reeves_evidence,planting_readiness,white_potato,False,grain_oats,Grain oats,True,21,21,38.42,not_recommended,61.41,low,100.0,far_outside_planting_window,far_outside_planting_window,data/scenarios/results/far_west_pecos_reeves/reliable_irrigation.json
far_west_pecos_reeves,far_west,reliable_irrigation,far_west_pecos_reeves_reliable_irrigation,far_west_pecos_reeves_evidence,planting_readiness,white_potato,False,long_grain_rice,Long-grain rice,False,22,,50.54,not_recommended,51.0,low,83.0,unsupported_region|far_outside_planting_window,unsupported_region|far_outside_planting_window,data/scenarios/results/far_west_pecos_reeves/reliable_irrigation.json
far_west_pecos_reeves,far_west,missing_irrigation_lab_ph_override,far_west_pecos_reeves_missing_irrigation_lab_ph_override,far_west_pecos_reeves_evidence,planting_readiness,white_potato,False,alfalfa_hay,Alfalfa grown for hay,True,1,1,72.53,conditional,57.23,low,79.0,,,data/scenarios/results/far_west_pecos_reeves/missing_irrigation_lab_ph_override.json
far_west_pecos_reeves,far_west,missing_irrigation_lab_ph_override,far_west_pecos_reeves_missing_irrigation_lab_ph_override,far_west_pecos_reeves_evidence,planting_readiness,white_potato,False,fresh_market_cabbage,Fresh-market cabbage,True,2,2,60.73,conditional,65.31,medium,79.0,,,data/scenarios/results/far_west_pecos_reeves/missing_irrigation_lab_ph_override.json
far_west_pecos_reeves,far_west,missing_irrigation_lab_ph_override,far_west_pecos_reeves_missing_irrigation_lab_ph_override,far_west_pecos_reeves_evidence,planting_readiness,white_potato,True,white_potato,White potato,True,3,3,60.73,conditional,57.23,low,79.0,,,data/scenarios/results/far_west_pecos_reeves/missing_irrigation_lab_ph_override.json
far_west_pecos_reeves,far_west,missing_irrigation_lab_ph_override,far_west_pecos_reeves_missing_irrigation_lab_ph_override,far_west_pecos_reeves_evidence,planting_readiness,white_potato,False,fresh_market_spinach,Fresh-market spinach,True,4,4,57.18,conditional,65.31,medium,79.0,,,data/scenarios/results/far_west_pecos_reeves/missing_irrigation_lab_ph_override.json
far_west_pecos_reeves,far_west,missing_irrigation_lab_ph_override,far_west_pecos_reeves_missing_irrigation_lab_ph_override,far_west_pecos_reeves_evidence,planting_readiness,white_potato,False,grain_sorghum,Grain sorghum,True,5,5,54.0,not_recommended,67.64,medium,96.0,far_outside_planting_window,far_outside_planting_window,data/scenarios/results/far_west_pecos_reeves/missing_irrigation_lab_ph_override.json
far_west_pecos_reeves,far_west,missing_irrigation_lab_ph_override,far_west_pecos_reeves_missing_irrigation_lab_ph_override,far_west_pecos_reeves_evidence,planting_readiness,white_potato,False,upland_cotton,Upland cotton,True,6,6,54.0,not_recommended,67.64,medium,96.0,far_outside_planting_window,far_outside_planting_window,data/scenarios/results/far_west_pecos_reeves/missing_irrigation_lab_ph_override.json
far_west_pecos_reeves,far_west,missing_irrigation_lab_ph_override,far_west_pecos_reeves_missing_irrigation_lab_ph_override,far_west_pecos_reeves_evidence,planting_readiness,white_potato,False,seedless_watermelon,Seedless watermelon,True,7,7,54.0,not_recommended,65.31,medium,79.0,far_outside_planting_window,far_outside_planting_window,data/scenarios/results/far_west_pecos_reeves/missing_irrigation_lab_ph_override.json
far_west_pecos_reeves,far_west,missing_irrigation_lab_ph_override,far_west_pecos_reeves_missing_irrigation_lab_ph_override,far_west_pecos_reeves_evidence,planting_readiness,white_potato,False,forage_sorghum,Forage sorghum,True,8,8,54.0,not_recommended,57.23,low,79.0,far_outside_planting_window,far_outside_planting_window,data/scenarios/results/far_west_pecos_reeves/missing_irrigation_lab_ph_override.json
far_west_pecos_reeves,far_west,missing_irrigation_lab_ph_override,far_west_pecos_reeves_missing_irrigation_lab_ph_override,far_west_pecos_reeves_evidence,planting_readiness,white_potato,False,sorghum_sudangrass,Sorghum-sudangrass,True,9,9,54.0,not_recommended,57.23,low,79.0,far_outside_planting_window,far_outside_planting_window,data/scenarios/results/far_west_pecos_reeves/missing_irrigation_lab_ph_override.json
far_west_pecos_reeves,far_west,missing_irrigation_lab_ph_override,far_west_pecos_reeves_missing_irrigation_lab_ph_override,far_west_pecos_reeves_evidence,planting_readiness,white_potato,False,bermudagrass_hay,Bermudagrass grown for hay,True,10,10,54.0,not_recommended,55.07,low,76.0,far_outside_planting_window,far_outside_planting_window,data/scenarios/results/far_west_pecos_reeves/missing_irrigation_lab_ph_override.json
far_west_pecos_reeves,far_west,missing_irrigation_lab_ph_override,far_west_pecos_reeves_missing_irrigation_lab_ph_override,far_west_pecos_reeves_evidence,planting_readiness,white_potato,False,runner_peanut,Runner-type peanut,True,11,11,54.0,not_recommended,49.56,low,79.0,far_outside_planting_window,far_outside_planting_window,data/scenarios/results/far_west_pecos_reeves/missing_irrigation_lab_ph_override.json
far_west_pecos_reeves,far_west,missing_irrigation_lab_ph_override,far_west_pecos_reeves_missing_irrigation_lab_ph_override,far_west_pecos_reeves_evidence,planting_readiness,white_potato,False,sweet_potato,Sweet potato,True,12,12,54.0,not_recommended,49.56,low,79.0,far_outside_planting_window,far_outside_planting_window,data/scenarios/results/far_west_pecos_reeves/missing_irrigation_lab_ph_override.json
far_west_pecos_reeves,far_west,missing_irrigation_lab_ph_override,far_west_pecos_reeves_missing_irrigation_lab_ph_override,far_west_pecos_reeves_evidence,planting_readiness,white_potato,False,sesame,Sesame,True,13,13,54.0,not_recommended,47.38,low,76.0,far_outside_planting_window,far_outside_planting_window,data/scenarios/results/far_west_pecos_reeves/missing_irrigation_lab_ph_override.json
far_west_pecos_reeves,far_west,missing_irrigation_lab_ph_override,far_west_pecos_reeves_missing_irrigation_lab_ph_override,far_west_pecos_reeves_evidence,planting_readiness,white_potato,False,corn_grain,Corn grown for grain,True,14,14,53.67,not_recommended,67.64,medium,96.0,far_outside_planting_window,far_outside_planting_window,data/scenarios/results/far_west_pecos_reeves/missing_irrigation_lab_ph_override.json
far_west_pecos_reeves,far_west,missing_irrigation_lab_ph_override,far_west_pecos_reeves_missing_irrigation_lab_ph_override,far_west_pecos_reeves_evidence,planting_readiness,white_potato,False,corn_silage,Corn grown for silage,True,15,15,53.67,not_recommended,67.64,medium,96.0,far_outside_planting_window,far_outside_planting_window,data/scenarios/results/far_west_pecos_reeves/missing_irrigation_lab_ph_override.json
far_west_pecos_reeves,far_west,missing_irrigation_lab_ph_override,far_west_pecos_reeves_missing_irrigation_lab_ph_override,far_west_pecos_reeves_evidence,planting_readiness,white_potato,False,dry_bulb_onion,Dry-bulb onion,True,16,16,53.45,not_recommended,65.31,medium,79.0,far_outside_planting_window,far_outside_planting_window,data/scenarios/results/far_west_pecos_reeves/missing_irrigation_lab_ph_override.json
far_west_pecos_reeves,far_west,missing_irrigation_lab_ph_override,far_west_pecos_reeves_missing_irrigation_lab_ph_override,far_west_pecos_reeves_evidence,planting_readiness,white_potato,False,oilseed_sunflower,Oilseed sunflower,True,17,17,51.39,not_recommended,57.23,low,79.0,far_outside_planting_window,far_outside_planting_window,data/scenarios/results/far_west_pecos_reeves/missing_irrigation_lab_ph_override.json
far_west_pecos_reeves,far_west,missing_irrigation_lab_ph_override,far_west_pecos_reeves_missing_irrigation_lab_ph_override,far_west_pecos_reeves_evidence,planting_readiness,white_potato,False,hard_red_winter_wheat,Hard red winter wheat,True,18,18,49.51,not_recommended,67.64,medium,96.0,,,data/scenarios/results/far_west_pecos_reeves/missing_irrigation_lab_ph_override.json
far_west_pecos_reeves,far_west,missing_irrigation_lab_ph_override,far_west_pecos_reeves_missing_irrigation_lab_ph_override,far_west_pecos_reeves_evidence,planting_readiness,white_potato,False,soybean,Soybean,True,19,19,48.1,not_recommended,59.96,low,96.0,far_outside_planting_window,far_outside_planting_window,data/scenarios/results/far_west_pecos_reeves/missing_irrigation_lab_ph_override.json
far_west_pecos_reeves,far_west,missing_irrigation_lab_ph_override,far_west_pecos_reeves_missing_irrigation_lab_ph_override,far_west_pecos_reeves_evidence,planting_readiness,white_potato,False,annual_ryegrass_forage,Annual ryegrass grown for forage,True,20,20,44.11,not_recommended,47.39,low,76.0,far_outside_planting_window,far_outside_planting_window,data/scenarios/results/far_west_pecos_reeves/missing_irrigation_lab_ph_override.json
far_west_pecos_reeves,far_west,missing_irrigation_lab_ph_override,far_west_pecos_reeves_missing_irrigation_lab_ph_override,far_west_pecos_reeves_evidence,planting_readiness,white_potato,False,grain_oats,Grain oats,True,21,21,41.17,not_recommended,59.96,low,96.0,far_outside_planting_window,far_outside_planting_window,data/scenarios/results/far_west_pecos_reeves/missing_irrigation_lab_ph_override.json
far_west_pecos_reeves,far_west,missing_irrigation_lab_ph_override,far_west_pecos_reeves_missing_irrigation_lab_ph_override,far_west_pecos_reeves_evidence,planting_readiness,white_potato,False,long_grain_rice,Long-grain rice,False,22,,54.0,not_recommended,49.56,low,79.0,unsupported_region|far_outside_planting_window,unsupported_region|far_outside_planting_window,data/scenarios/results/far_west_pecos_reeves/missing_irrigation_lab_ph_override.json
far_west_fort_stockton,far_west,in_season_baseline,far_west_fort_stockton_in_season_baseline,far_west_fort_stockton_evidence,planting_readiness,white_potato,False,alfalfa_hay,Alfalfa grown for hay,True,1,1,67.23,conditional,58.68,low,83.0,,,data/scenarios/results/far_west_fort_stockton/in_season_baseline.json
far_west_fort_stockton,far_west,in_season_baseline,far_west_fort_stockton_in_season_baseline,far_west_fort_stockton_evidence,planting_readiness,white_potato,True,white_potato,White potato,True,2,2,60.81,conditional,58.68,low,83.0,,,data/scenarios/results/far_west_fort_stockton/in_season_baseline.json
far_west_fort_stockton,far_west,in_season_baseline,far_west_fort_stockton_in_season_baseline,far_west_fort_stockton_evidence,planting_readiness,white_potato,False,fresh_market_cabbage,Fresh-market cabbage,True,3,3,58.64,conditional,67.01,medium,83.0,,,data/scenarios/results/far_west_fort_stockton/in_season_baseline.json
far_west_fort_stockton,far_west,in_season_baseline,far_west_fort_stockton_in_season_baseline,far_west_fort_stockton_evidence,planting_readiness,white_potato,False,grain_sorghum,Grain sorghum,True,4,4,54.0,not_recommended,69.08,medium,100.0,far_outside_planting_window,far_outside_planting_window,data/scenarios/results/far_west_fort_stockton/in_season_baseline.json
far_west_fort_stockton,far_west,in_season_baseline,far_west_fort_stockton_in_season_baseline,far_west_fort_stockton_evidence,planting_readiness,white_potato,False,upland_cotton,Upland cotton,True,5,5,54.0,not_recommended,69.08,medium,100.0,far_outside_planting_window,far_outside_planting_window,data/scenarios/results/far_west_fort_stockton/in_season_baseline.json
far_west_fort_stockton,far_west,in_season_baseline,far_west_fort_stockton_in_season_baseline,far_west_fort_stockton_evidence,planting_readiness,white_potato,False,dry_bulb_onion,Dry-bulb onion,True,6,6,54.0,not_recommended,67.01,medium,83.0,far_outside_planting_window,far_outside_planting_window,data/scenarios/results/far_west_fort_stockton/in_season_baseline.json
far_west_fort_stockton,far_west,in_season_baseline,far_west_fort_stockton_in_season_baseline,far_west_fort_stockton_evidence,planting_readiness,white_potato,False,seedless_watermelon,Seedless watermelon,True,7,7,54.0,not_recommended,67.01,medium,83.0,far_outside_planting_window,far_outside_planting_window,data/scenarios/results/far_west_fort_stockton/in_season_baseline.json
far_west_fort_stockton,far_west,in_season_baseline,far_west_fort_stockton_in_season_baseline,far_west_fort_stockton_evidence,planting_readiness,white_potato,False,forage_sorghum,Forage sorghum,True,8,8,54.0,not_recommended,58.68,low,83.0,far_outside_planting_window,far_outside_planting_window,data/scenarios/results/far_west_fort_stockton/in_season_baseline.json
far_west_fort_stockton,far_west,in_season_baseline,far_west_fort_stockton_in_season_baseline,far_west_fort_stockton_evidence,planting_readiness,white_potato,False,sorghum_sudangrass,Sorghum-sudangrass,True,9,9,54.0,not_recommended,58.68,low,83.0,far_outside_planting_window,far_outside_planting_window,data/scenarios/results/far_west_fort_stockton/in_season_baseline.json
far_west_fort_stockton,far_west,in_season_baseline,far_west_fort_stockton_in_season_baseline,far_west_fort_stockton_evidence,planting_readiness,white_potato,False,bermudagrass_hay,Bermudagrass grown for hay,True,10,10,54.0,not_recommended,56.51,low,80.0,far_outside_planting_window,far_outside_planting_window,data/scenarios/results/far_west_fort_stockton/in_season_baseline.json
far_west_fort_stockton,far_west,in_season_baseline,far_west_fort_stockton_in_season_baseline,far_west_fort_stockton_evidence,planting_readiness,white_potato,False,sweet_potato,Sweet potato,True,11,11,54.0,not_recommended,51.0,low,83.0,far_outside_planting_window,far_outside_planting_window,data/scenarios/results/far_west_fort_stockton/in_season_baseline.json
far_west_fort_stockton,far_west,in_season_baseline,far_west_fort_stockton_in_season_baseline,far_west_fort_stockton_evidence,planting_readiness,white_potato,False,sesame,Sesame,True,12,12,54.0,not_recommended,48.57,low,80.0,far_outside_planting_window,far_outside_planting_window,data/scenarios/results/far_west_fort_stockton/in_season_baseline.json
far_west_fort_stockton,far_west,in_season_baseline,far_west_fort_stockton_in_season_baseline,far_west_fort_stockton_evidence,planting_readiness,white_potato,False,fresh_market_spinach,Fresh-market spinach,True,13,13,53.83,not_recommended,67.01,medium,83.0,,,data/scenarios/results/far_west_fort_stockton/in_season_baseline.json
far_west_fort_stockton,far_west,in_season_baseline,far_west_fort_stockton_in_season_baseline,far_west_fort_stockton_evidence,planting_readiness,white_potato,False,runner_peanut,Runner-type peanut,True,14,14,50.99,not_recommended,51.0,low,83.0,far_outside_planting_window,far_outside_planting_window,data/scenarios/results/far_west_fort_stockton/in_season_baseline.json
far_west_fort_stockton,far_west,in_season_baseline,far_west_fort_stockton_in_season_baseline,far_west_fort_stockton_evidence,planting_readiness,white_potato,False,corn_grain,Corn grown for grain,True,15,15,48.75,not_recommended,69.08,medium,100.0,far_outside_planting_window,far_outside_planting_window,data/scenarios/results/far_west_fort_stockton/in_season_baseline.json
far_west_fort_stockton,far_west,in_season_baseline,far_west_fort_stockton_in_season_baseline,far_west_fort_stockton_evidence,planting_readiness,white_potato,False,corn_silage,Corn grown for silage,True,16,16,48.75,not_recommended,69.08,medium,100.0,far_outside_planting_window,far_outside_planting_window,data/scenarios/results/far_west_fort_stockton/in_season_baseline.json
far_west_fort_stockton,far_west,in_season_baseline,far_west_fort_stockton_in_season_baseline,far_west_fort_stockton_evidence,planting_readiness,white_potato,False,oilseed_sunflower,Oilseed sunflower,True,17,17,48.07,not_recommended,58.68,low,83.0,far_outside_planting_window,far_outside_planting_window,data/scenarios/results/far_west_fort_stockton/in_season_baseline.json
far_west_fort_stockton,far_west,in_season_baseline,far_west_fort_stockton_in_season_baseline,far_west_fort_stockton_evidence,planting_readiness,white_potato,False,soybean,Soybean,True,18,18,45.17,not_recommended,61.41,low,100.0,far_outside_planting_window,far_outside_planting_window,data/scenarios/results/far_west_fort_stockton/in_season_baseline.json
far_west_fort_stockton,far_west,in_season_baseline,far_west_fort_stockton_in_season_baseline,far_west_fort_stockton_evidence,planting_readiness,white_potato,False,hard_red_winter_wheat,Hard red winter wheat,True,19,19,44.23,not_recommended,69.08,medium,100.0,,,data/scenarios/results/far_west_fort_stockton/in_season_baseline.json
far_west_fort_stockton,far_west,in_season_baseline,far_west_fort_stockton_in_season_baseline,far_west_fort_stockton_evidence,planting_readiness,white_potato,False,annual_ryegrass_forage,Annual ryegrass grown for forage,True,20,20,41.78,not_recommended,48.84,low,80.0,far_outside_planting_window,far_outside_planting_window,data/scenarios/results/far_west_fort_stockton/in_season_baseline.json
far_west_fort_stockton,far_west,in_season_baseline,far_west_fort_stockton_in_season_baseline,far_west_fort_stockton_evidence,planting_readiness,white_potato,False,grain_oats,Grain oats,True,21,21,39.23,not_recommended,61.41,low,100.0,far_outside_planting_window,far_outside_planting_window,data/scenarios/results/far_west_fort_stockton/in_season_baseline.json
far_west_fort_stockton,far_west,in_season_baseline,far_west_fort_stockton_in_season_baseline,far_west_fort_stockton_evidence,planting_readiness,white_potato,False,long_grain_rice,Long-grain rice,False,22,,50.54,not_recommended,51.0,low,83.0,unsupported_region|far_outside_planting_window,unsupported_region|far_outside_planting_window,data/scenarios/results/far_west_fort_stockton/in_season_baseline.json
far_west_fort_stockton,far_west,out_of_season,far_west_fort_stockton_out_of_season,far_west_fort_stockton_evidence,planning,white_potato,False,alfalfa_hay,Alfalfa grown for hay,True,1,1,69.58,conditional,40.49,low,60.0,,,data/scenarios/results/far_west_fort_stockton/out_of_season.json
far_west_fort_stockton,far_west,out_of_season,far_west_fort_stockton_out_of_season,far_west_fort_stockton_evidence,planning,white_potato,False,hard_red_winter_wheat,Hard red winter wheat,True,2,2,66.71,conditional,40.49,low,60.0,,,data/scenarios/results/far_west_fort_stockton/out_of_season.json
far_west_fort_stockton,far_west,out_of_season,far_west_fort_stockton_out_of_season,far_west_fort_stockton_evidence,planning,white_potato,False,fresh_market_spinach,Fresh-market spinach,True,3,3,66.04,conditional,47.11,low,60.0,,,data/scenarios/results/far_west_fort_stockton/out_of_season.json
far_west_fort_stockton,far_west,out_of_season,far_west_fort_stockton_out_of_season,far_west_fort_stockton_evidence,planning,white_potato,False,dry_bulb_onion,Dry-bulb onion,True,4,4,54.0,not_recommended,47.11,low,60.0,far_outside_planting_window,far_outside_planting_window,data/scenarios/results/far_west_fort_stockton/out_of_season.json
far_west_fort_stockton,far_west,out_of_season,far_west_fort_stockton_out_of_season,far_west_fort_stockton_evidence,planning,white_potato,False,fresh_market_cabbage,Fresh-market cabbage,True,5,5,54.0,not_recommended,47.11,low,60.0,far_outside_planting_window,far_outside_planting_window,data/scenarios/results/far_west_fort_stockton/out_of_season.json
far_west_fort_stockton,far_west,out_of_season,far_west_fort_stockton_out_of_season,far_west_fort_stockton_evidence,planning,white_potato,False,oilseed_sunflower,Oilseed sunflower,True,6,6,54.0,not_recommended,40.49,low,60.0,far_outside_planting_window,far_outside_planting_window,data/scenarios/results/far_west_fort_stockton/out_of_season.json
far_west_fort_stockton,far_west,out_of_season,far_west_fort_stockton_out_of_season,far_west_fort_stockton_evidence,planning,white_potato,True,white_potato,White potato,True,7,7,54.0,not_recommended,40.49,low,60.0,far_outside_planting_window,far_outside_planting_window,data/scenarios/results/far_west_fort_stockton/out_of_season.json
far_west_fort_stockton,far_west,out_of_season,far_west_fort_stockton_out_of_season,far_west_fort_stockton_evidence,planning,white_potato,False,sesame,Sesame,True,8,8,54.0,not_recommended,33.87,low,60.0,far_outside_planting_window,far_outside_planting_window,data/scenarios/results/far_west_fort_stockton/out_of_season.json
far_west_fort_stockton,far_west,out_of_season,far_west_fort_stockton_out_of_season,far_west_fort_stockton_evidence,planning,white_potato,False,forage_sorghum,Forage sorghum,True,9,9,52.83,not_recommended,40.49,low,60.0,far_outside_planting_window,far_outside_planting_window,data/scenarios/results/far_west_fort_stockton/out_of_season.json
far_west_fort_stockton,far_west,out_of_season,far_west_fort_stockton_out_of_season,far_west_fort_stockton_evidence,planning,white_potato,False,grain_sorghum,Grain sorghum,True,10,10,52.83,not_recommended,40.49,low,60.0,far_outside_planting_window,far_outside_planting_window,data/scenarios/results/far_west_fort_stockton/out_of_season.json
far_west_fort_stockton,far_west,out_of_season,far_west_fort_stockton_out_of_season,far_west_fort_stockton_evidence,planning,white_potato,False,seedless_watermelon,Seedless watermelon,True,11,11,51.12,not_recommended,47.11,low,60.0,far_outside_planting_window,far_outside_planting_window,data/scenarios/results/far_west_fort_stockton/out_of_season.json
far_west_fort_stockton,far_west,out_of_season,far_west_fort_stockton_out_of_season,far_west_fort_stockton_evidence,planning,white_potato,False,annual_ryegrass_forage,Annual ryegrass grown for forage,True,12,12,50.71,not_recommended,32.81,low,60.0,far_outside_planting_window,far_outside_planting_window,data/scenarios/results/far_west_fort_stockton/out_of_season.json
far_west_fort_stockton,far_west,out_of_season,far_west_fort_stockton_out_of_season,far_west_fort_stockton_evidence,planning,white_potato,False,bermudagrass_hay,Bermudagrass grown for hay,True,13,13,50.0,not_recommended,40.49,low,60.0,far_outside_planting_window,far_outside_planting_window,data/scenarios/results/far_west_fort_stockton/out_of_season.json
far_west_fort_stockton,far_west,out_of_season,far_west_fort_stockton_out_of_season,far_west_fort_stockton_evidence,planning,white_potato,False,grain_oats,Grain oats,True,14,14,49.88,not_recommended,32.81,low,60.0,far_outside_planting_window,far_outside_planting_window,data/scenarios/results/far_west_fort_stockton/out_of_season.json
far_west_fort_stockton,far_west,out_of_season,far_west_fort_stockton_out_of_season,far_west_fort_stockton_evidence,planning,white_potato,False,sorghum_sudangrass,Sorghum-sudangrass,True,15,15,47.83,not_recommended,40.49,low,60.0,far_outside_planting_window,far_outside_planting_window,data/scenarios/results/far_west_fort_stockton/out_of_season.json
far_west_fort_stockton,far_west,out_of_season,far_west_fort_stockton_out_of_season,far_west_fort_stockton_evidence,planning,white_potato,False,upland_cotton,Upland cotton,True,16,16,45.75,not_recommended,40.49,low,60.0,far_outside_planting_window,far_outside_planting_window,data/scenarios/results/far_west_fort_stockton/out_of_season.json
far_west_fort_stockton,far_west,out_of_season,far_west_fort_stockton_out_of_season,far_west_fort_stockton_evidence,planning,white_potato,False,corn_grain,Corn grown for grain,True,17,17,45.12,not_recommended,40.49,low,60.0,far_outside_planting_window,far_outside_planting_window,data/scenarios/results/far_west_fort_stockton/out_of_season.json
far_west_fort_stockton,far_west,out_of_season,far_west_fort_stockton_out_of_season,far_west_fort_stockton_evidence,planning,white_potato,False,corn_silage,Corn grown for silage,True,18,18,45.12,not_recommended,40.49,low,60.0,far_outside_planting_window,far_outside_planting_window,data/scenarios/results/far_west_fort_stockton/out_of_season.json
far_west_fort_stockton,far_west,out_of_season,far_west_fort_stockton_out_of_season,far_west_fort_stockton_evidence,planning,white_potato,False,sweet_potato,Sweet potato,True,19,19,45.12,not_recommended,32.81,low,60.0,far_outside_planting_window,far_outside_planting_window,data/scenarios/results/far_west_fort_stockton/out_of_season.json
far_west_fort_stockton,far_west,out_of_season,far_west_fort_stockton_out_of_season,far_west_fort_stockton_evidence,planning,white_potato,False,soybean,Soybean,True,20,20,40.79,not_recommended,32.81,low,60.0,far_outside_planting_window,far_outside_planting_window,data/scenarios/results/far_west_fort_stockton/out_of_season.json
far_west_fort_stockton,far_west,out_of_season,far_west_fort_stockton_out_of_season,far_west_fort_stockton_evidence,planning,white_potato,False,runner_peanut,Runner-type peanut,True,21,21,39.12,not_recommended,32.81,low,60.0,far_outside_planting_window,far_outside_planting_window,data/scenarios/results/far_west_fort_stockton/out_of_season.json
far_west_fort_stockton,far_west,out_of_season,far_west_fort_stockton_out_of_season,far_west_fort_stockton_evidence,planning,white_potato,False,long_grain_rice,Long-grain rice,False,22,,38.5,not_recommended,32.81,low,60.0,unsupported_region|far_outside_planting_window,unsupported_region|far_outside_planting_window,data/scenarios/results/far_west_fort_stockton/out_of_season.json
far_west_fort_stockton,far_west,no_irrigation,far_west_fort_stockton_no_irrigation,far_west_fort_stockton_evidence,planting_readiness,white_potato,True,white_potato,White potato,True,1,1,59.13,conditional,58.68,low,83.0,,,data/scenarios/results/far_west_fort_stockton/no_irrigation.json
far_west_fort_stockton,far_west,no_irrigation,far_west_fort_stockton_no_irrigation,far_west_fort_stockton_evidence,planting_readiness,white_potato,False,fresh_market_cabbage,Fresh-market cabbage,True,2,2,56.96,conditional,67.01,medium,83.0,,,data/scenarios/results/far_west_fort_stockton/no_irrigation.json
far_west_fort_stockton,far_west,no_irrigation,far_west_fort_stockton_no_irrigation,far_west_fort_stockton_evidence,planting_readiness,white_potato,False,grain_sorghum,Grain sorghum,True,3,3,54.0,not_recommended,69.08,medium,100.0,far_outside_planting_window,far_outside_planting_window,data/scenarios/results/far_west_fort_stockton/no_irrigation.json
far_west_fort_stockton,far_west,no_irrigation,far_west_fort_stockton_no_irrigation,far_west_fort_stockton_evidence,planting_readiness,white_potato,False,upland_cotton,Upland cotton,True,4,4,54.0,not_recommended,69.08,medium,100.0,far_outside_planting_window,far_outside_planting_window,data/scenarios/results/far_west_fort_stockton/no_irrigation.json
far_west_fort_stockton,far_west,no_irrigation,far_west_fort_stockton_no_irrigation,far_west_fort_stockton_evidence,planting_readiness,white_potato,False,seedless_watermelon,Seedless watermelon,True,5,5,54.0,not_recommended,67.01,medium,83.0,far_outside_planting_window,far_outside_planting_window,data/scenarios/results/far_west_fort_stockton/no_irrigation.json
far_west_fort_stockton,far_west,no_irrigation,far_west_fort_stockton_no_irrigation,far_west_fort_stockton_evidence,planting_readiness,white_potato,False,alfalfa_hay,Alfalfa grown for hay,True,6,6,54.0,not_recommended,58.68,low,83.0,required_irrigation_unavailable,required_irrigation_unavailable,data/scenarios/results/far_west_fort_stockton/no_irrigation.json
far_west_fort_stockton,far_west,no_irrigation,far_west_fort_stockton_no_irrigation,far_west_fort_stockton_evidence,planting_readiness,white_potato,False,forage_sorghum,Forage sorghum,True,7,7,54.0,not_recommended,58.68,low,83.0,far_outside_planting_window,far_outside_planting_window,data/scenarios/results/far_west_fort_stockton/no_irrigation.json
far_west_fort_stockton,far_west,no_irrigation,far_west_fort_stockton_no_irrigation,far_west_fort_stockton_evidence,planting_readiness,white_potato,False,sorghum_sudangrass,Sorghum-sudangrass,True,8,8,54.0,not_recommended,58.68,low,83.0,far_outside_planting_window,far_outside_planting_window,data/scenarios/results/far_west_fort_stockton/no_irrigation.json
far_west_fort_stockton,far_west,no_irrigation,far_west_fort_stockton_no_irrigation,far_west_fort_stockton_evidence,planting_readiness,white_potato,False,bermudagrass_hay,Bermudagrass grown for hay,True,9,9,54.0,not_recommended,56.51,low,80.0,far_outside_planting_window,far_outside_planting_window,data/scenarios/results/far_west_fort_stockton/no_irrigation.json
far_west_fort_stockton,far_west,no_irrigation,far_west_fort_stockton_no_irrigation,far_west_fort_stockton_evidence,planting_readiness,white_potato,False,sweet_potato,Sweet potato,True,10,10,54.0,not_recommended,51.0,low,83.0,far_outside_planting_window,far_outside_planting_window,data/scenarios/results/far_west_fort_stockton/no_irrigation.json
far_west_fort_stockton,far_west,no_irrigation,far_west_fort_stockton_no_irrigation,far_west_fort_stockton_evidence,planting_readiness,white_potato,False,sesame,Sesame,True,11,11,54.0,not_recommended,48.57,low,80.0,far_outside_planting_window,far_outside_planting_window,data/scenarios/results/far_west_fort_stockton/no_irrigation.json
far_west_fort_stockton,far_west,no_irrigation,far_west_fort_stockton_no_irrigation,far_west_fort_stockton_evidence,planting_readiness,white_potato,False,dry_bulb_onion,Dry-bulb onion,True,12,12,52.32,not_recommended,67.01,medium,83.0,far_outside_planting_window|required_irrigation_unavailable,far_outside_planting_window|required_irrigation_unavailable,data/scenarios/results/far_west_fort_stockton/no_irrigation.json
far_west_fort_stockton,far_west,no_irrigation,far_west_fort_stockton_no_irrigation,far_west_fort_stockton_evidence,planting_readiness,white_potato,False,fresh_market_spinach,Fresh-market spinach,True,13,13,52.14,not_recommended,67.01,medium,83.0,,,data/scenarios/results/far_west_fort_stockton/no_irrigation.json
far_west_fort_stockton,far_west,no_irrigation,far_west_fort_stockton_no_irrigation,far_west_fort_stockton_evidence,planting_readiness,white_potato,False,runner_peanut,Runner-type peanut,True,14,14,50.51,not_recommended,51.0,low,83.0,far_outside_planting_window,far_outside_planting_window,data/scenarios/results/far_west_fort_stockton/no_irrigation.json
far_west_fort_stockton,far_west,no_irrigation,far_west_fort_stockton_no_irrigation,far_west_fort_stockton_evidence,planting_readiness,white_potato,False,corn_grain,Corn grown for grain,True,15,15,48.35,not_recommended,69.08,medium,100.0,far_outside_planting_window,far_outside_planting_window,data/scenarios/results/far_west_fort_stockton/no_irrigation.json
far_west_fort_stockton,far_west,no_irrigation,far_west_fort_stockton_no_irrigation,far_west_fort_stockton_evidence,planting_readiness,white_potato,False,oilseed_sunflower,Oilseed sunflower,True,16,16,48.07,not_recommended,58.68,low,83.0,far_outside_planting_window,far_outside_planting_window,data/scenarios/results/far_west_fort_stockton/no_irrigation.json
far_west_fort_stockton,far_west,no_irrigation,far_west_fort_stockton_no_irrigation,far_west_fort_stockton_evidence,planting_readiness,white_potato,False,corn_silage,Corn grown for silage,True,17,17,47.35,not_recommended,69.08,medium,100.0,far_outside_planting_window,far_outside_planting_window,data/scenarios/results/far_west_fort_stockton/no_irrigation.json
far_west_fort_stockton,far_west,no_irrigation,far_west_fort_stockton_no_irrigation,far_west_fort_stockton_evidence,planting_readiness,white_potato,False,soybean,Soybean,True,18,18,44.77,not_recommended,61.41,low,100.0,far_outside_planting_window,far_outside_planting_window,data/scenarios/results/far_west_fort_stockton/no_irrigation.json
far_west_fort_stockton,far_west,no_irrigation,far_west_fort_stockton_no_irrigation,far_west_fort_stockton_evidence,planting_readiness,white_potato,False,hard_red_winter_wheat,Hard red winter wheat,True,19,19,43.83,not_recommended,69.08,medium,100.0,,,data/scenarios/results/far_west_fort_stockton/no_irrigation.json
far_west_fort_stockton,far_west,no_irrigation,far_west_fort_stockton_no_irrigation,far_west_fort_stockton_evidence,planting_readiness,white_potato,False,annual_ryegrass_forage,Annual ryegrass grown for forage,True,20,20,41.28,not_recommended,48.84,low,80.0,far_outside_planting_window,far_outside_planting_window,data/scenarios/results/far_west_fort_stockton/no_irrigation.json
far_west_fort_stockton,far_west,no_irrigation,far_west_fort_stockton_no_irrigation,far_west_fort_stockton_evidence,planting_readiness,white_potato,False,grain_oats,Grain oats,True,21,21,38.83,not_recommended,61.41,low,100.0,far_outside_planting_window,far_outside_planting_window,data/scenarios/results/far_west_fort_stockton/no_irrigation.json
far_west_fort_stockton,far_west,no_irrigation,far_west_fort_stockton_no_irrigation,far_west_fort_stockton_evidence,planting_readiness,white_potato,False,long_grain_rice,Long-grain rice,False,22,,47.17,not_recommended,51.0,low,83.0,unsupported_region|far_outside_planting_window|required_irrigation_unavailable,unsupported_region|far_outside_planting_window|required_irrigation_unavailable,data/scenarios/results/far_west_fort_stockton/no_irrigation.json
far_west_fort_stockton,far_west,reliable_irrigation,far_west_fort_stockton_reliable_irrigation,far_west_fort_stockton_evidence,planting_readiness,white_potato,False,alfalfa_hay,Alfalfa grown for hay,True,1,1,68.67,conditional,58.68,low,83.0,,,data/scenarios/results/far_west_fort_stockton/reliable_irrigation.json
far_west_fort_stockton,far_west,reliable_irrigation,far_west_fort_stockton_reliable_irrigation,far_west_fort_stockton_evidence,planting_readiness,white_potato,True,white_potato,White potato,True,2,2,62.26,conditional,58.68,low,83.0,,,data/scenarios/results/far_west_fort_stockton/reliable_irrigation.json
far_west_fort_stockton,far_west,reliable_irrigation,far_west_fort_stockton_reliable_irrigation,far_west_fort_stockton_evidence,planting_readiness,white_potato,False,fresh_market_cabbage,Fresh-market cabbage,True,3,3,60.09,conditional,67.01,medium,83.0,,,data/scenarios/results/far_west_fort_stockton/reliable_irrigation.json
far_west_fort_stockton,far_west,reliable_irrigation,far_west_fort_stockton_reliable_irrigation,far_west_fort_stockton_evidence,planting_readiness,white_potato,False,fresh_market_spinach,Fresh-market spinach,True,4,4,55.27,conditional,67.01,medium,83.0,,,data/scenarios/results/far_west_fort_stockton/reliable_irrigation.json
far_west_fort_stockton,far_west,reliable_irrigation,far_west_fort_stockton_reliable_irrigation,far_west_fort_stockton_evidence,planting_readiness,white_potato,False,grain_sorghum,Grain sorghum,True,5,5,54.0,not_recommended,69.08,medium,100.0,far_outside_planting_window,far_outside_planting_window,data/scenarios/results/far_west_fort_stockton/reliable_irrigation.json
far_west_fort_stockton,far_west,reliable_irrigation,far_west_fort_stockton_reliable_irrigation,far_west_fort_stockton_evidence,planting_readiness,white_potato,False,upland_cotton,Upland cotton,True,6,6,54.0,not_recommended,69.08,medium,100.0,far_outside_planting_window,far_outside_planting_window,data/scenarios/results/far_west_fort_stockton/reliable_irrigation.json
far_west_fort_stockton,far_west,reliable_irrigation,far_west_fort_stockton_reliable_irrigation,far_west_fort_stockton_evidence,planting_readiness,white_potato,False,dry_bulb_onion,Dry-bulb onion,True,7,7,54.0,not_recommended,67.01,medium,83.0,far_outside_planting_window,far_outside_planting_window,data/scenarios/results/far_west_fort_stockton/reliable_irrigation.json
far_west_fort_stockton,far_west,reliable_irrigation,far_west_fort_stockton_reliable_irrigation,far_west_fort_stockton_evidence,planting_readiness,white_potato,False,seedless_watermelon,Seedless watermelon,True,8,8,54.0,not_recommended,67.01,medium,83.0,far_outside_planting_window,far_outside_planting_window,data/scenarios/results/far_west_fort_stockton/reliable_irrigation.json
far_west_fort_stockton,far_west,reliable_irrigation,far_west_fort_stockton_reliable_irrigation,far_west_fort_stockton_evidence,planting_readiness,white_potato,False,forage_sorghum,Forage sorghum,True,9,9,54.0,not_recommended,58.68,low,83.0,far_outside_planting_window,far_outside_planting_window,data/scenarios/results/far_west_fort_stockton/reliable_irrigation.json
far_west_fort_stockton,far_west,reliable_irrigation,far_west_fort_stockton_reliable_irrigation,far_west_fort_stockton_evidence,planting_readiness,white_potato,False,sorghum_sudangrass,Sorghum-sudangrass,True,10,10,54.0,not_recommended,58.68,low,83.0,far_outside_planting_window,far_outside_planting_window,data/scenarios/results/far_west_fort_stockton/reliable_irrigation.json
far_west_fort_stockton,far_west,reliable_irrigation,far_west_fort_stockton_reliable_irrigation,far_west_fort_stockton_evidence,planting_readiness,white_potato,False,bermudagrass_hay,Bermudagrass grown for hay,True,11,11,54.0,not_recommended,56.51,low,80.0,far_outside_planting_window,far_outside_planting_window,data/scenarios/results/far_west_fort_stockton/reliable_irrigation.json
far_west_fort_stockton,far_west,reliable_irrigation,far_west_fort_stockton_reliable_irrigation,far_west_fort_stockton_evidence,planting_readiness,white_potato,False,sweet_potato,Sweet potato,True,12,12,54.0,not_recommended,51.0,low,83.0,far_outside_planting_window,far_outside_planting_window,data/scenarios/results/far_west_fort_stockton/reliable_irrigation.json
far_west_fort_stockton,far_west,reliable_irrigation,far_west_fort_stockton_reliable_irrigation,far_west_fort_stockton_evidence,planting_readiness,white_potato,False,sesame,Sesame,True,13,13,54.0,not_recommended,48.57,low,80.0,far_outside_planting_window,far_outside_planting_window,data/scenarios/results/far_west_fort_stockton/reliable_irrigation.json
far_west_fort_stockton,far_west,reliable_irrigation,far_west_fort_stockton_reliable_irrigation,far_west_fort_stockton_evidence,planting_readiness,white_potato,False,runner_peanut,Runner-type peanut,True,14,14,52.44,not_recommended,51.0,low,83.0,far_outside_planting_window,far_outside_planting_window,data/scenarios/results/far_west_fort_stockton/reliable_irrigation.json
far_west_fort_stockton,far_west,reliable_irrigation,far_west_fort_stockton_reliable_irrigation,far_west_fort_stockton_evidence,planting_readiness,white_potato,False,corn_grain,Corn grown for grain,True,15,15,49.95,not_recommended,69.08,medium,100.0,far_outside_planting_window,far_outside_planting_window,data/scenarios/results/far_west_fort_stockton/reliable_irrigation.json
far_west_fort_stockton,far_west,reliable_irrigation,far_west_fort_stockton_reliable_irrigation,far_west_fort_stockton_evidence,planting_readiness,white_potato,False,corn_silage,Corn grown for silage,True,16,16,49.95,not_recommended,69.08,medium,100.0,far_outside_planting_window,far_outside_planting_window,data/scenarios/results/far_west_fort_stockton/reliable_irrigation.json
far_west_fort_stockton,far_west,reliable_irrigation,far_west_fort_stockton_reliable_irrigation,far_west_fort_stockton_evidence,planting_readiness,white_potato,False,oilseed_sunflower,Oilseed sunflower,True,17,17,48.55,not_recommended,58.68,low,83.0,far_outside_planting_window,far_outside_planting_window,data/scenarios/results/far_west_fort_stockton/reliable_irrigation.json
far_west_fort_stockton,far_west,reliable_irrigation,far_west_fort_stockton_reliable_irrigation,far_west_fort_stockton_evidence,planting_readiness,white_potato,False,soybean,Soybean,True,18,18,46.38,not_recommended,61.41,low,100.0,far_outside_planting_window,far_outside_planting_window,data/scenarios/results/far_west_fort_stockton/reliable_irrigation.json
far_west_fort_stockton,far_west,reliable_irrigation,far_west_fort_stockton_reliable_irrigation,far_west_fort_stockton_evidence,planting_readiness,white_potato,False,hard_red_winter_wheat,Hard red winter wheat,True,19,19,45.42,not_recommended,69.08,medium,100.0,,,data/scenarios/results/far_west_fort_stockton/reliable_irrigation.json
far_west_fort_stockton,far_west,reliable_irrigation,far_west_fort_stockton_reliable_irrigation,far_west_fort_stockton_evidence,planting_readiness,white_potato,False,annual_ryegrass_forage,Annual ryegrass grown for forage,True,20,20,43.28,not_recommended,48.84,low,80.0,far_outside_planting_window,far_outside_planting_window,data/scenarios/results/far_west_fort_stockton/reliable_irrigation.json
far_west_fort_stockton,far_west,reliable_irrigation,far_west_fort_stockton_reliable_irrigation,far_west_fort_stockton_evidence,planting_readiness,white_potato,False,grain_oats,Grain oats,True,21,21,40.42,not_recommended,61.41,low,100.0,far_outside_planting_window,far_outside_planting_window,data/scenarios/results/far_west_fort_stockton/reliable_irrigation.json
far_west_fort_stockton,far_west,reliable_irrigation,far_west_fort_stockton_reliable_irrigation,far_west_fort_stockton_evidence,planting_readiness,white_potato,False,long_grain_rice,Long-grain rice,False,22,,51.99,not_recommended,51.0,low,83.0,unsupported_region|far_outside_planting_window,unsupported_region|far_outside_planting_window,data/scenarios/results/far_west_fort_stockton/reliable_irrigation.json
far_west_fort_stockton,far_west,missing_irrigation_lab_ph_override,far_west_fort_stockton_missing_irrigation_lab_ph_override,far_west_fort_stockton_evidence,planting_readiness,white_potato,False,alfalfa_hay,Alfalfa grown for hay,True,1,1,71.27,conditional,57.23,low,79.0,,,data/scenarios/results/far_west_fort_stockton/missing_irrigation_lab_ph_override.json
far_west_fort_stockton,far_west,missing_irrigation_lab_ph_override,far_west_fort_stockton_missing_irrigation_lab_ph_override,far_west_fort_stockton_evidence,planting_readiness,white_potato,False,fresh_market_cabbage,Fresh-market cabbage,True,2,2,62.25,conditional,65.31,medium,79.0,,,data/scenarios/results/far_west_fort_stockton/missing_irrigation_lab_ph_override.json
far_west_fort_stockton,far_west,missing_irrigation_lab_ph_override,far_west_fort_stockton_missing_irrigation_lab_ph_override,far_west_fort_stockton_evidence,planting_readiness,white_potato,True,white_potato,White potato,True,3,3,62.25,conditional,57.23,low,79.0,,,data/scenarios/results/far_west_fort_stockton/missing_irrigation_lab_ph_override.json
far_west_fort_stockton,far_west,missing_irrigation_lab_ph_override,far_west_fort_stockton_missing_irrigation_lab_ph_override,far_west_fort_stockton_evidence,planting_readiness,white_potato,False,fresh_market_spinach,Fresh-market spinach,True,4,4,54.91,not_recommended,65.31,medium,79.0,,,data/scenarios/results/far_west_fort_stockton/missing_irrigation_lab_ph_override.json
far_west_fort_stockton,far_west,missing_irrigation_lab_ph_override,far_west_fort_stockton_missing_irrigation_lab_ph_override,far_west_fort_stockton_evidence,planting_readiness,white_potato,False,grain_sorghum,Grain sorghum,True,5,5,54.0,not_recommended,67.64,medium,96.0,far_outside_planting_window,far_outside_planting_window,data/scenarios/results/far_west_fort_stockton/missing_irrigation_lab_ph_override.json
far_west_fort_stockton,far_west,missing_irrigation_lab_ph_override,far_west_fort_stockton_missing_irrigation_lab_ph_override,far_west_fort_stockton_evidence,planting_readiness,white_potato,False,upland_cotton,Upland cotton,True,6,6,54.0,not_recommended,67.64,medium,96.0,far_outside_planting_window,far_outside_planting_window,data/scenarios/results/far_west_fort_stockton/missing_irrigation_lab_ph_override.json
far_west_fort_stockton,far_west,missing_irrigation_lab_ph_override,far_west_fort_stockton_missing_irrigation_lab_ph_override,far_west_fort_stockton_evidence,planting_readiness,white_potato,False,dry_bulb_onion,Dry-bulb onion,True,7,7,54.0,not_recommended,65.31,medium,79.0,far_outside_planting_window,far_outside_planting_window,data/scenarios/results/far_west_fort_stockton/missing_irrigation_lab_ph_override.json
far_west_fort_stockton,far_west,missing_irrigation_lab_ph_override,far_west_fort_stockton_missing_irrigation_lab_ph_override,far_west_fort_stockton_evidence,planting_readiness,white_potato,False,seedless_watermelon,Seedless watermelon,True,8,8,54.0,not_recommended,65.31,medium,79.0,far_outside_planting_window,far_outside_planting_window,data/scenarios/results/far_west_fort_stockton/missing_irrigation_lab_ph_override.json
far_west_fort_stockton,far_west,missing_irrigation_lab_ph_override,far_west_fort_stockton_missing_irrigation_lab_ph_override,far_west_fort_stockton_evidence,planting_readiness,white_potato,False,forage_sorghum,Forage sorghum,True,9,9,54.0,not_recommended,57.23,low,79.0,far_outside_planting_window,far_outside_planting_window,data/scenarios/results/far_west_fort_stockton/missing_irrigation_lab_ph_override.json
far_west_fort_stockton,far_west,missing_irrigation_lab_ph_override,far_west_fort_stockton_missing_irrigation_lab_ph_override,far_west_fort_stockton_evidence,planting_readiness,white_potato,False,sorghum_sudangrass,Sorghum-sudangrass,True,10,10,54.0,not_recommended,57.23,low,79.0,far_outside_planting_window,far_outside_planting_window,data/scenarios/results/far_west_fort_stockton/missing_irrigation_lab_ph_override.json
far_west_fort_stockton,far_west,missing_irrigation_lab_ph_override,far_west_fort_stockton_missing_irrigation_lab_ph_override,far_west_fort_stockton_evidence,planting_readiness,white_potato,False,bermudagrass_hay,Bermudagrass grown for hay,True,11,11,54.0,not_recommended,55.07,low,76.0,far_outside_planting_window,far_outside_planting_window,data/scenarios/results/far_west_fort_stockton/missing_irrigation_lab_ph_override.json
far_west_fort_stockton,far_west,missing_irrigation_lab_ph_override,far_west_fort_stockton_missing_irrigation_lab_ph_override,far_west_fort_stockton_evidence,planting_readiness,white_potato,False,runner_peanut,Runner-type peanut,True,12,12,54.0,not_recommended,49.56,low,79.0,far_outside_planting_window,far_outside_planting_window,data/scenarios/results/far_west_fort_stockton/missing_irrigation_lab_ph_override.json
far_west_fort_stockton,far_west,missing_irrigation_lab_ph_override,far_west_fort_stockton_missing_irrigation_lab_ph_override,far_west_fort_stockton_evidence,planting_readiness,white_potato,False,sweet_potato,Sweet potato,True,13,13,54.0,not_recommended,49.56,low,79.0,far_outside_planting_window,far_outside_planting_window,data/scenarios/results/far_west_fort_stockton/missing_irrigation_lab_ph_override.json
far_west_fort_stockton,far_west,missing_irrigation_lab_ph_override,far_west_fort_stockton_missing_irrigation_lab_ph_override,far_west_fort_stockton_evidence,planting_readiness,white_potato,False,sesame,Sesame,True,14,14,54.0,not_recommended,47.38,low,76.0,far_outside_planting_window,far_outside_planting_window,data/scenarios/results/far_west_fort_stockton/missing_irrigation_lab_ph_override.json
far_west_fort_stockton,far_west,missing_irrigation_lab_ph_override,far_west_fort_stockton_missing_irrigation_lab_ph_override,far_west_fort_stockton_evidence,planting_readiness,white_potato,False,corn_grain,Corn grown for grain,True,15,15,53.18,not_recommended,67.64,medium,96.0,far_outside_planting_window,far_outside_planting_window,data/scenarios/results/far_west_fort_stockton/missing_irrigation_lab_ph_override.json
far_west_fort_stockton,far_west,missing_irrigation_lab_ph_override,far_west_fort_stockton_missing_irrigation_lab_ph_override,far_west_fort_stockton_evidence,planting_readiness,white_potato,False,corn_silage,Corn grown for silage,True,16,16,53.18,not_recommended,67.64,medium,96.0,far_outside_planting_window,far_outside_planting_window,data/scenarios/results/far_west_fort_stockton/missing_irrigation_lab_ph_override.json
far_west_fort_stockton,far_west,missing_irrigation_lab_ph_override,far_west_fort_stockton_missing_irrigation_lab_ph_override,far_west_fort_stockton_evidence,planting_readiness,white_potato,False,oilseed_sunflower,Oilseed sunflower,True,17,17,50.13,not_recommended,57.23,low,79.0,far_outside_planting_window,far_outside_planting_window,data/scenarios/results/far_west_fort_stockton/missing_irrigation_lab_ph_override.json
far_west_fort_stockton,far_west,missing_irrigation_lab_ph_override,far_west_fort_stockton_missing_irrigation_lab_ph_override,far_west_fort_stockton_evidence,planting_readiness,white_potato,False,soybean,Soybean,True,18,18,49.45,not_recommended,59.96,low,96.0,far_outside_planting_window,far_outside_planting_window,data/scenarios/results/far_west_fort_stockton/missing_irrigation_lab_ph_override.json
far_west_fort_stockton,far_west,missing_irrigation_lab_ph_override,far_west_fort_stockton_missing_irrigation_lab_ph_override,far_west_fort_stockton_evidence,planting_readiness,white_potato,False,hard_red_winter_wheat,Hard red winter wheat,True,19,19,48.46,not_recommended,67.64,medium,96.0,,,data/scenarios/results/far_west_fort_stockton/missing_irrigation_lab_ph_override.json
far_west_fort_stockton,far_west,missing_irrigation_lab_ph_override,far_west_fort_stockton_missing_irrigation_lab_ph_override,far_west_fort_stockton_evidence,planting_readiness,white_potato,False,annual_ryegrass_forage,Annual ryegrass grown for forage,True,20,20,47.01,not_recommended,47.39,low,76.0,far_outside_planting_window,far_outside_planting_window,data/scenarios/results/far_west_fort_stockton/missing_irrigation_lab_ph_override.json
far_west_fort_stockton,far_west,missing_irrigation_lab_ph_override,far_west_fort_stockton_missing_irrigation_lab_ph_override,far_west_fort_stockton_evidence,planting_readiness,white_potato,False,grain_oats,Grain oats,True,21,21,43.26,not_recommended,59.96,low,96.0,far_outside_planting_window,far_outside_planting_window,data/scenarios/results/far_west_fort_stockton/missing_irrigation_lab_ph_override.json
far_west_fort_stockton,far_west,missing_irrigation_lab_ph_override,far_west_fort_stockton_missing_irrigation_lab_ph_override,far_west_fort_stockton_evidence,planting_readiness,white_potato,False,long_grain_rice,Long-grain rice,False,22,,54.0,not_recommended,49.56,low,79.0,unsupported_region|far_outside_planting_window,unsupported_region|far_outside_planting_window,data/scenarios/results/far_west_fort_stockton/missing_irrigation_lab_ph_override.json
